{"type":"FeatureCollection","crs":{"type":"name","properties":{"name":"EPSG:4326"}},"features":[{"type":"Feature","geometry":{"type":"MultiPolygon","coordinates":[[[[-118.6036,33.478],[-118.5855,33.4739],[-118.5691,33.4757],[-118.5512,33.473],[-118.538,33.4773],[-118.5155,33.4571],[-118.5016,33.4529],[-118.5035,33.4506],[-118.4996,33.449],[-118.5009,33.4467],[-118.4965,33.4411],[-118.477,33.448],[-118.4726,33.4421],[-118.4627,33.4402],[-118.4456,33.4287],[-118.4209,33.4266],[-118.3967,33.4162],[-118.389,33.4173],[-118.3823,33.4098],[-118.3701,33.4088],[-118.3661,33.4061],[-118.3698,33.3962],[-118.3678,33.3889],[-118.3317,33.3588],[-118.3283,33.3506],[-118.3238,33.3483],[-118.3269,33.3482],[-118.3261,33.3442],[-118.3174,33.3436],[-118.3108,33.3368],[-118.3034,33.3202],[-118.3045,33.3089],[-118.3167,33.3013],[-118.3269,33.2991],[-118.3427,33.3051],[-118.355,33.3143],[-118.374,33.32],[-118.4064,33.321],[-118.4215,33.3168],[-118.4417,33.3186],[-118.4647,33.3258],[-118.4818,33.3436],[-118.4885,33.3565],[-118.482,33.3672],[-118.4846,33.3734],[-118.4793,33.3758],[-118.4804,33.3804],[-118.4735,33.3829],[-118.4803,33.3888],[-118.4812,33.3965],[-118.4854,33.4009],[-118.4833,33.4064],[-118.4864,33.4079],[-118.4849,33.4127],[-118.4886,33.4195],[-118.5061,33.4262],[-118.5014,33.4356],[-118.5093,33.4314],[-118.5127,33.4217],[-118.5232,33.4305],[-118.5344,33.4291],[-118.5361,33.4344],[-118.5633,33.434],[-118.5737,33.4395],[-118.573,33.4475],[-118.5771,33.4473],[-118.5932,33.4662],[-118.601,33.4695],[-118.6059,33.4782],[-118.6036,33.478]]],[[[-119.0286,33.4878],[-119.0277,33.4761],[-119.0324,33.4665],[-119.0365,33.4651],[-119.0431,33.4714],[-119.0426,33.4776],[-119.0477,33.4834],[-119.0378,33.4814],[-119.0286,33.4878]]],[[[-117.9045,33.6061],[-117.9059,33.6066],[-117.9049,33.6077],[-117.9045,33.6061]]],[[[-117.8871,33.6042],[-117.8889,33.6042],[-117.8888,33.6087],[-117.8871,33.6042]]],[[[-117.889,33.6088],[-117.8889,33.6042],[-117.8971,33.6042],[-117.9006,33.6082],[-117.889,33.6088]]],[[[-117.9007,33.6096],[-117.902,33.6096],[-117.9043,33.6115],[-117.9007,33.6096]]],[[[-117.9016,33.615],[-117.9014,33.612],[-117.9052,33.6131],[-117.9016,33.615]]],[[[-117.9241,33.617],[-117.909,33.6099],[-117.9215,33.6115],[-117.9241,33.617]]],[[[-117.9332,33.6199],[-117.9339,33.6183],[-117.9358,33.6205],[-117.9332,33.6199]]],[[[-118.0683,33.7174],[-118.0722,33.7207],[-118.0701,33.7196],[-118.0683,33.7174]]],[[[-118.0584,33.714],[-118.0624,33.7184],[-118.0595,33.7211],[-118.0584,33.714]]],[[[-118.0672,33.7189],[-118.0702,33.7232],[-118.0656,33.7212],[-118.0672,33.7189]]],[[[-118.0716,33.7226],[-118.0682,33.7177],[-118.0718,33.721],[-118.0716,33.7226]]],[[[-118.0574,33.7259],[-118.0628,33.7194],[-118.0639,33.7225],[-118.0598,33.7273],[-118.0574,33.7259]]],[[[-118.0664,33.7268],[-118.0614,33.7265],[-118.0647,33.7222],[-118.0714,33.7252],[-118.0664,33.7268]]],[[[-118.1378,33.7403],[-118.1389,33.7387],[-118.1409,33.7402],[-118.1378,33.7403]]],[[[-118.1616,33.7423],[-118.1618,33.74],[-118.1639,33.7404],[-118.1616,33.7423]]],[[[-118.158,33.7528],[-118.1614,33.7524],[-118.1594,33.7537],[-118.158,33.7528]]],[[[-118.1246,33.7525],[-118.1278,33.7526],[-118.1276,33.7541],[-118.1246,33.7525]]],[[[-118.1236,33.7529],[-118.1254,33.7552],[-118.1218,33.7547],[-118.1236,33.7529]]],[[[-118.1803,33.7604],[-118.1797,33.759],[-118.183,33.7584],[-118.1803,33.7604]]],[[[-118.1237,33.759],[-118.1136,33.7528],[-118.1209,33.751],[-118.1238,33.7522],[-118.1221,33.7552],[-118.1273,33.7543],[-118.1295,33.7572],[-118.1237,33.759]]],[[[-118.225,33.7682],[-118.2185,33.7537],[-118.2229,33.7525],[-118.2248,33.7568],[-118.2448,33.7509],[-118.2413,33.7435],[-118.2172,33.7445],[-118.2321,33.7404],[-118.2444,33.7426],[-118.2509,33.7553],[-118.2395,33.7611],[-118.2401,33.765],[-118.225,33.7682]]],[[[-118.3705,34.033],[-118.3755,34.0293],[-118.3783,34.0215],[-118.3851,34.0198],[-118.3727,34.0188],[-118.3729,34.0118],[-118.3726,34.0158],[-118.3667,34.0156],[-118.365,34.0056],[-118.3578,34.0091],[-118.3577,33.9973],[-118.3511,34.0048],[-118.3419,34.0047],[-118.3357,34.0081],[-118.3316,33.9963],[-118.3373,33.9963],[-118.3374,33.9885],[-118.3521,33.9895],[-118.3527,33.9831],[-118.3584,33.981],[-118.3352,33.9818],[-118.333,33.9672],[-118.3265,33.9673],[-118.3265,33.9709],[-118.3177,33.9709],[-118.3177,33.9453],[-118.3134,33.9455],[-118.3134,33.9382],[-118.309,33.9382],[-118.309,33.9418],[-118.3024,33.9455],[-118.3003,33.9595],[-118.2916,33.9595],[-118.2905,33.8664],[-118.2981,33.8655],[-118.2944,33.8665],[-118.2943,33.8706],[-118.2991,33.8706],[-118.2993,33.8657],[-118.3092,33.8657],[-118.3075,33.7879],[-118.31,33.7856],[-118.3087,33.7731],[-118.3117,33.7631],[-118.3011,33.7581],[-118.3093,33.7579],[-118.3097,33.7461],[-118.3186,33.7467],[-118.3178,33.7293],[-118.329,33.7295],[-118.3332,33.722],[-118.352,33.7272],[-118.362,33.7372],[-118.3748,33.7371],[-118.3805,33.7421],[-118.398,33.7361],[-118.4037,33.741],[-118.4115,33.7411],[-118.4177,33.762],[-118.4243,33.7666],[-118.4224,33.7714],[-118.4284,33.7738],[-118.4185,33.7865],[-118.4075,33.7912],[-118.4088,33.7968],[-118.3944,33.8052],[-118.3908,33.8345],[-118.3943,33.8419],[-118.3907,33.8407],[-118.3982,33.8462],[-118.3947,33.8452],[-118.3959,33.8485],[-118.3989,33.847],[-118.3973,33.8509],[-118.4016,33.848],[-118.3952,33.841],[-118.4017,33.8475],[-118.3995,33.852],[-118.4046,33.8657],[-118.4298,33.9163],[-118.422,33.9163],[-118.4223,33.9199],[-118.4279,33.9233],[-118.4288,33.9309],[-118.3817,33.9313],[-118.3703,33.9262],[-118.3701,33.9291],[-118.3683,33.9273],[-118.3649,33.9307],[-118.3701,33.931],[-118.3701,33.9527],[-118.3787,33.9527],[-118.3778,33.9597],[-118.3707,33.9635],[-118.3727,33.9688],[-118.3702,33.9678],[-118.3703,33.9786],[-118.3852,33.9767],[-118.3983,33.983],[-118.395,33.9839],[-118.3986,33.9882],[-118.4013,33.9865],[-118.4078,33.9921],[-118.3998,34.0018],[-118.4028,34.0035],[-118.4059,33.9992],[-118.4144,34.0037],[-118.4196,33.9976],[-118.4312,33.9964],[-118.4309,33.9893],[-118.4371,33.9953],[-118.4469,33.9906],[-118.4483,33.9933],[-118.4283,34.0013],[-118.4259,33.9981],[-118.4202,33.9988],[-118.4182,34.0007],[-118.4211,34.0044],[-118.4174,34.0066],[-118.4213,34.0104],[-118.3883,34.0294],[-118.3705,34.033]]],[[[-117.3482,34.0195],[-117.3476,34.0194],[-117.3488,34.0195],[-117.3482,34.0195]]],[[[-118.4945,34.0502],[-118.4838,34.0414],[-118.4773,34.0467],[-118.4528,34.028],[-118.4435,34.0166],[-118.4837,33.9948],[-118.5104,34.0194],[-118.5366,34.0348],[-118.5202,34.0265],[-118.5119,34.0458],[-118.5152,34.0331],[-118.5118,34.0409],[-118.5027,34.0424],[-118.4945,34.0502]]],[[[-118.4611,34.06],[-118.4588,34.0581],[-118.455,34.0602],[-118.4595,34.0655],[-118.4547,34.0668],[-118.446,34.0555],[-118.4493,34.0535],[-118.4482,34.0496],[-118.4565,34.0478],[-118.468,34.0609],[-118.4667,34.0677],[-118.4611,34.06]]],[[[-118.4159,34.112],[-118.4097,34.1089],[-118.4098,34.1052],[-118.4174,34.1052],[-118.4159,34.112]]],[[[-118.3914,34.1119],[-118.3953,34.0911],[-118.3812,34.0921],[-118.3686,34.0981],[-118.3617,34.0972],[-118.3617,34.0946],[-118.3434,34.0943],[-118.3434,34.0889],[-118.3664,34.0889],[-118.3725,34.0854],[-118.3725,34.0903],[-118.3769,34.0886],[-118.377,34.0831],[-118.3703,34.0832],[-118.3703,34.0802],[-118.3752,34.0819],[-118.3772,34.0766],[-118.3908,34.0765],[-118.391,34.0736],[-118.3838,34.0721],[-118.3838,34.0692],[-118.3754,34.0693],[-118.3723,34.0622],[-118.3762,34.0596],[-118.3761,34.0627],[-118.3835,34.0629],[-118.3837,34.0571],[-118.4035,34.0576],[-118.4067,34.0536],[-118.4233,34.0757],[-118.4228,34.0831],[-118.427,34.083],[-118.427,34.0906],[-118.4227,34.0906],[-118.4227,34.0943],[-118.4118,34.0923],[-118.4087,34.1015],[-118.4054,34.1015],[-118.4053,34.0963],[-118.4009,34.094],[-118.4,34.1109],[-118.3914,34.1119]]],[[[-118.3581,34.1433],[-118.3451,34.1425],[-118.3432,34.1382],[-118.3486,34.1318],[-118.3586,34.1395],[-118.3623,34.1386],[-118.3612,34.1432],[-118.3581,34.1433]]],[[[-118.1851,34.161],[-118.1862,34.164],[-118.1858,34.1635],[-118.1851,34.161]]],[[[-118.1879,34.1667],[-118.188,34.1666],[-118.1879,34.1667],[-118.1879,34.1667]]],[[[-119.2233,34.1762],[-119.2234,34.1792],[-119.2223,34.1791],[-119.2233,34.1762]]],[[[-119.2239,34.1793],[-119.2259,34.1673],[-119.2273,34.1792],[-119.2239,34.1793]]],[[[-119.2244,34.1883],[-119.2237,34.1854],[-119.228,34.185],[-119.2277,34.1885],[-119.2244,34.1883]]],[[[-118.1889,34.1779],[-118.1889,34.1779],[-118.1889,34.1779],[-118.1889,34.1779]]],[[[-119.2734,34.2455],[-119.2734,34.2504],[-119.2725,34.2462],[-119.2734,34.2455]]],[[[-118.4249,34.3026],[-118.4113,34.2898],[-118.4277,34.2778],[-118.4269,34.274],[-118.4348,34.2749],[-118.4438,34.267],[-118.4559,34.28],[-118.4491,34.29],[-118.4508,34.293],[-118.4488,34.2915],[-118.4303,34.3074],[-118.4249,34.3026]]],[[[-119.2297,38.4654],[-118.7142,38.1021],[-118.0527,37.6253],[-118.0536,37.558],[-118.0814,37.5584],[-118.0838,37.4639],[-117.9273,37.4613],[-117.9294,37.3832],[-117.7182,37.3794],[-117.6806,37.3534],[-117.0009,36.8477],[-116.2151,36.2495],[-115.557,35.7377],[-114.8705,35.1929],[-114.896,35.2134],[-114.8968,35.0025],[-114.9588,35.0024],[-114.966,34.8483],[-114.9715,34.8475],[-114.969,34.8431],[-114.965,34.844],[-114.9659,34.5554],[-114.5154,34.5564],[-114.5148,34.5648],[-114.4026,34.5652],[-114.3808,34.5297],[-114.3782,34.5165],[-114.3829,34.4915],[-114.3817,34.476],[-114.3867,34.4579],[-114.3737,34.4469],[-114.3354,34.45],[-114.3261,34.4373],[-114.3123,34.4327],[-114.2948,34.4214],[-114.2887,34.4066],[-114.2643,34.4013],[-114.2343,34.3767],[-114.2261,34.3659],[-114.1995,34.3614],[-114.1769,34.3493],[-114.1572,34.3179],[-114.1383,34.3032],[-114.1367,34.2744],[-114.1312,34.2627],[-114.1355,34.2579],[-114.1647,34.2597],[-114.1661,34.25],[-114.1746,34.2473],[-114.1781,34.24],[-114.2252,34.2036],[-114.225,34.1939],[-114.2297,34.1869],[-114.257,34.1728],[-114.2873,34.1705],[-114.3208,34.1386],[-114.353,34.1331],[-114.3665,34.1186],[-114.3906,34.1101],[-114.4059,34.1115],[-114.4159,34.1076],[-114.4342,34.0874],[-114.4394,34.0538],[-114.435,34.0378],[-114.4406,34.0193],[-114.4548,34.011],[-114.4659,34.011],[-114.4673,34.0052],[-114.4592,34],[-114.4593,33.9947],[-114.4679,33.9929],[-114.4999,33.9618],[-114.522,33.9556],[-114.5345,33.9369],[-114.535,33.9257],[-114.5184,33.9175],[-114.5079,33.9038],[-114.5137,33.898],[-114.5259,33.901],[-114.5228,33.8926],[-114.5044,33.8769],[-114.503,33.868],[-114.5147,33.8586],[-114.5243,33.8601],[-114.5299,33.8576],[-114.5296,33.8481],[-114.52,33.8254],[-114.5281,33.815],[-114.5049,33.7605],[-114.5045,33.751],[-114.5124,33.7342],[-114.4966,33.7192],[-114.4942,33.7079],[-114.4965,33.6969],[-114.524,33.6859],[-114.5315,33.6751],[-114.5303,33.6668],[-114.5141,33.6602],[-114.5183,33.6559],[-114.5332,33.6517],[-114.5238,33.6347],[-114.531,33.6282],[-114.5312,33.6239],[-114.5219,33.6125],[-114.5406,33.5914],[-114.5368,33.571],[-114.5242,33.5531],[-114.5589,33.5318],[-114.561,33.5167],[-114.5695,33.5092],[-114.5805,33.5065],[-114.5924,33.4987],[-114.6017,33.4814],[-114.6229,33.4566],[-114.6223,33.4476],[-114.6275,33.4323],[-114.6352,33.4227],[-114.6528,33.4129],[-114.6737,33.4192],[-114.688,33.4179],[-114.6957,33.4151],[-114.7018,33.4084],[-114.7201,33.4079],[-114.7255,33.4041],[-114.7073,33.3825],[-114.698,33.3524],[-114.7009,33.337],[-114.7079,33.3233],[-114.7236,33.3121],[-114.7312,33.3024],[-114.7233,33.2881],[-114.6844,33.276],[-114.677,33.2702],[-114.6724,33.2605],[-114.6745,33.2556],[-114.6896,33.2464],[-114.6736,33.2231],[-114.6788,33.2035],[-114.6752,33.1882],[-114.6809,33.1691],[-114.6796,33.1634],[-114.7072,33.1647],[-114.7062,33.1799],[-114.7416,33.1804],[-114.7404,33.2501],[-114.795,33.2502],[-114.7924,33.4337],[-114.8309,33.4337],[-114.8309,33.4301],[-115.2625,33.4282],[-115.2577,33.5079],[-115.3683,33.5125],[-115.3635,33.5953],[-115.4588,33.6774],[-115.5747,33.682],[-115.5698,33.7696],[-115.6718,33.7736],[-115.6675,33.8522],[-115.783,33.8566],[-115.7735,34.0353],[-115.9825,34.0351],[-115.9849,33.9876],[-116.0215,33.9889],[-116.02,34.0198],[-116.038,34.0204],[-116.0373,34.0343],[-116.3973,34.0328],[-116.4052,33.8595],[-116.4249,33.8593],[-116.4254,33.847],[-116.4052,33.847],[-116.4051,33.7963],[-116.388,33.7963],[-116.3881,33.8019],[-116.3827,33.8021],[-116.355,33.7856],[-116.3525,33.7838],[-116.353,33.7724],[-116.3466,33.7722],[-116.3472,33.758],[-116.3392,33.7577],[-116.3386,33.7722],[-116.3328,33.7722],[-116.3241,33.765],[-116.3038,33.7602],[-116.3038,33.7049],[-116.3121,33.7007],[-116.3384,33.7012],[-116.3384,33.5984],[-116.321,33.5984],[-116.3204,33.4278],[-116.388,33.4274],[-116.3883,33.5977],[-116.3926,33.5978],[-116.3911,33.6423],[-116.4949,33.6417],[-116.4952,33.6519],[-116.5124,33.6521],[-116.5124,33.6853],[-116.6144,33.6847],[-116.6326,33.6868],[-116.6321,33.6999],[-116.6835,33.7015],[-116.6841,33.6879],[-116.8766,33.6875],[-116.8751,33.4571],[-116.8209,33.4556],[-116.822,33.4269],[-116.806,33.4269],[-116.8085,33.4189],[-116.8135,33.415],[-116.8189,33.4164],[-116.8221,33.4131],[-116.8298,33.4196],[-116.8385,33.4179],[-116.8475,33.4267],[-117.0308,33.4269],[-117.0308,33.4301],[-117.161,33.4326],[-117.1581,33.4375],[-117.1706,33.4483],[-117.1792,33.4495],[-117.1837,33.4461],[-117.1904,33.4464],[-117.194,33.4425],[-117.2021,33.4521],[-117.2148,33.4477],[-117.2099,33.4433],[-117.2191,33.4436],[-117.2286,33.432],[-117.2413,33.432],[-117.2417,33.4489],[-117.3635,33.4882],[-117.3668,33.4918],[-117.3609,33.4931],[-117.3596,33.5],[-117.363,33.5055],[-117.5097,33.505],[-117.5097,33.5088],[-117.5034,33.5088],[-117.5032,33.5203],[-117.51,33.5205],[-117.5101,33.534],[-117.4642,33.5937],[-117.4962,33.5877],[-117.5637,33.5887],[-117.5634,33.5933],[-117.6885,33.5935],[-117.6969,33.5906],[-117.7016,33.5957],[-117.7161,33.5936],[-117.7212,33.5885],[-117.7277,33.5874],[-117.7289,33.5528],[-117.7214,33.5288],[-117.7376,33.5105],[-117.7351,33.5051],[-117.7472,33.5029],[-117.7851,33.5416],[-117.8042,33.5461],[-117.8109,33.5521],[-117.8149,33.5506],[-117.8158,33.5535],[-117.8199,33.5537],[-117.8214,33.5594],[-117.8422,33.575],[-117.8641,33.5848],[-117.8721,33.5925],[-117.8773,33.5924],[-117.8776,33.5896],[-117.8868,33.6087],[-117.8991,33.6134],[-117.8944,33.6097],[-117.9006,33.6101],[-117.9038,33.6173],[-117.8974,33.62],[-117.8933,33.6152],[-117.891,33.6255],[-117.8844,33.626],[-117.89,33.6352],[-117.8867,33.6439],[-117.8814,33.6482],[-117.8684,33.6471],[-117.8673,33.6511],[-117.8899,33.6476],[-117.8913,33.6347],[-117.887,33.6287],[-117.8935,33.6228],[-117.8959,33.6244],[-117.894,33.6218],[-117.9031,33.621],[-117.9081,33.6122],[-117.9265,33.6206],[-117.9368,33.6214],[-117.9311,33.6163],[-117.9327,33.6185],[-117.9285,33.6195],[-117.9237,33.6116],[-117.9277,33.6122],[-117.9269,33.6152],[-117.9284,33.612],[-117.9257,33.609],[-117.8838,33.5998],[-117.8796,33.5886],[-117.8817,33.5938],[-117.9313,33.6058],[-117.9388,33.618],[-117.9579,33.6287],[-117.9507,33.6505],[-117.9594,33.6293],[-117.9621,33.631],[-117.9581,33.6332],[-117.9654,33.6395],[-117.9706,33.6393],[-117.9609,33.6346],[-117.9624,33.631],[-117.9756,33.6378],[-118.0046,33.6563],[-118.0346,33.6807],[-118.0327,33.696],[-118.0453,33.7033],[-118.0337,33.6853],[-118.0368,33.6828],[-118.0634,33.7093],[-118.0906,33.7299],[-118.0937,33.734],[-118.0842,33.7314],[-118.0759,33.7242],[-118.0719,33.7242],[-118.0723,33.72],[-118.0677,33.7161],[-118.0642,33.7163],[-118.0665,33.7186],[-118.0646,33.7207],[-118.0584,33.707],[-118.0534,33.7028],[-118.0482,33.7036],[-118.0548,33.7045],[-118.0596,33.7103],[-118.0596,33.7129],[-118.0533,33.7121],[-118.0585,33.7163],[-118.0584,33.7213],[-118.0558,33.7216],[-118.0586,33.7291],[-118.0684,33.7289],[-118.0608,33.7269],[-118.0688,33.7279],[-118.072,33.7254],[-118.0739,33.7264],[-118.0682,33.7303],[-118.0763,33.7269],[-118.0812,33.7295],[-118.0778,33.7324],[-118.0747,33.731],[-118.0735,33.7375],[-118.0791,33.7317],[-118.0799,33.7362],[-118.0772,33.741],[-118.0726,33.7416],[-118.0779,33.7413],[-118.0811,33.7319],[-118.086,33.7374],[-118.0843,33.7404],[-118.0867,33.7322],[-118.0963,33.7384],[-118.0991,33.7358],[-118.0964,33.734],[-118.1159,33.7396],[-118.1136,33.7473],[-118.1205,33.7364],[-118.1148,33.7452],[-118.1157,33.7493],[-118.1085,33.7522],[-118.1197,33.761],[-118.1145,33.758],[-118.1172,33.7621],[-118.1045,33.767],[-118.1179,33.7626],[-118.1249,33.7675],[-118.1185,33.7625],[-118.1209,33.7615],[-118.1301,33.7677],[-118.1222,33.7604],[-118.1285,33.76],[-118.1317,33.7545],[-118.1165,33.7461],[-118.122,33.7372],[-118.118,33.7442],[-118.1472,33.7574],[-118.1773,33.7637],[-118.191,33.7596],[-118.1837,33.7582],[-118.1875,33.7566],[-118.1925,33.7597],[-118.1904,33.7616],[-118.1956,33.7626],[-118.1933,33.76],[-118.1966,33.7601],[-118.2062,33.7666],[-118.2033,33.7604],[-118.1877,33.7517],[-118.1901,33.7495],[-118.186,33.7386],[-118.1945,33.7366],[-118.1856,33.7366],[-118.1852,33.7329],[-118.1957,33.7329],[-118.197,33.7363],[-118.2049,33.7386],[-118.1924,33.7431],[-118.1972,33.7448],[-118.1972,33.7512],[-118.199,33.744],[-118.2062,33.7445],[-118.2069,33.7508],[-118.213,33.7475],[-118.2065,33.7403],[-118.2155,33.7465],[-118.2151,33.7523],[-118.208,33.7557],[-118.2138,33.755],[-118.2138,33.7628],[-118.2163,33.7574],[-118.2203,33.7665],[-118.2081,33.7723],[-118.2209,33.7707],[-118.21,33.7772],[-118.2402,33.767],[-118.2395,33.7745],[-118.2327,33.7746],[-118.221,33.7826],[-118.2376,33.8004],[-118.2585,33.7994],[-118.2566,33.8048],[-118.264,33.8047],[-118.2639,33.7992],[-118.2991,33.7977],[-118.2993,33.8464],[-118.286,33.8464],[-118.2854,33.8542],[-118.2905,33.8542],[-118.2905,33.8587],[-118.2815,33.8627],[-118.2827,33.9232],[-118.2536,33.9231],[-118.2542,33.9293],[-118.2302,33.9288],[-118.2287,33.9393],[-118.2302,33.946],[-118.2349,33.946],[-118.2305,33.9471],[-118.2339,33.9482],[-118.2339,33.9534],[-118.2474,33.9543],[-118.2492,33.9433],[-118.2536,33.9433],[-118.2563,33.9893],[-118.2278,33.9892],[-118.2278,33.9957],[-118.2237,33.9957],[-118.2236,33.9916],[-118.2162,33.9927],[-118.2128,33.9897],[-118.2126,33.984],[-118.2042,33.9831],[-118.2035,33.9967],[-118.1813,33.9935],[-118.1772,33.991],[-118.1788,33.9874],[-118.1699,33.9867],[-118.1771,33.9957],[-118.1718,34.0004],[-118.1932,34.0102],[-118.1923,34.028],[-118.2058,34.0346],[-118.1929,34.0547],[-118.2005,34.0558],[-118.1926,34.0563],[-118.1927,34.0637],[-118.1738,34.0611],[-118.1687,34.0714],[-118.1625,34.0693],[-118.1613,34.0713],[-118.1609,34.0933],[-118.1554,34.0986],[-118.178,34.0993],[-118.1769,34.1123],[-118.1689,34.1173],[-118.168,34.1241],[-118.1502,34.124],[-118.1503,34.1275],[-118.1388,34.1182],[-118.1284,34.1185],[-118.1358,34.1294],[-118.1131,34.1329],[-118.11,34.1415],[-118.0955,34.1416],[-118.0943,34.1352],[-118.0895,34.1353],[-118.086,34.1314],[-118.0837,34.1405],[-118.0789,34.1396],[-118.079,34.1423],[-118.0866,34.1452],[-118.0794,34.1447],[-118.0734,34.1502],[-118.0678,34.1503],[-118.0682,34.1731],[-118.0656,34.1724],[-118.0656,34.175],[-118.0774,34.1776],[-118.0779,34.1635],[-118.0812,34.1617],[-118.0783,34.1728],[-118.0819,34.1734],[-118.0861,34.1675],[-118.0842,34.1653],[-118.0924,34.1727],[-118.0904,34.1788],[-118.0982,34.1789],[-118.1005,34.1968],[-118.105,34.1968],[-118.1059,34.1927],[-118.0983,34.1756],[-118.095,34.1756],[-118.0951,34.1692],[-118.0983,34.1676],[-118.117,34.1696],[-118.1174,34.1759],[-118.1286,34.1752],[-118.1423,34.1817],[-118.1697,34.1817],[-118.1686,34.1893],[-118.1715,34.1896],[-118.1693,34.1926],[-118.1675,34.1888],[-118.1686,34.1944],[-118.164,34.2015],[-118.1595,34.2],[-118.1672,34.2112],[-118.1634,34.2152],[-118.1787,34.2154],[-118.1791,34.2226],[-118.187,34.2232],[-118.1869,34.2515],[-118.1953,34.2515],[-118.1955,34.2366],[-118.1982,34.236],[-118.19,34.2311],[-118.1909,34.2252],[-118.1819,34.2202],[-118.1839,34.2161],[-118.1746,34.2112],[-118.1747,34.2065],[-118.1677,34.2044],[-118.1721,34.197],[-118.175,34.1984],[-118.1783,34.1945],[-118.1788,34.1872],[-118.1812,34.1867],[-118.1737,34.183],[-118.1885,34.1784],[-118.198,34.1805],[-118.2081,34.1876],[-118.2068,34.1906],[-118.2158,34.1985],[-118.215,34.2057],[-118.2332,34.2078],[-118.2395,34.2175],[-118.2487,34.2222],[-118.2486,34.244],[-118.2434,34.2467],[-118.2434,34.2523],[-118.2388,34.2523],[-118.2385,34.2815],[-118.2737,34.282],[-118.2738,34.2784],[-118.2868,34.2785],[-118.2863,34.2928],[-118.2995,34.2934],[-118.2995,34.2861],[-118.3267,34.286],[-118.3269,34.2824],[-118.3517,34.2825],[-118.3517,34.2788],[-118.3547,34.2788],[-118.3674,34.2804],[-118.3713,34.2823],[-118.3698,34.2861],[-118.3735,34.2862],[-118.3726,34.2828],[-118.3858,34.2848],[-118.3869,34.2915],[-118.3824,34.2933],[-118.3829,34.297],[-118.3874,34.2988],[-118.3967,34.297],[-118.4016,34.2864],[-118.4057,34.2859],[-118.4103,34.292],[-118.4012,34.2971],[-118.4011,34.3007],[-118.4056,34.3007],[-118.4055,34.3079],[-118.4009,34.3098],[-118.4007,34.3165],[-118.3963,34.3199],[-118.4049,34.3221],[-118.4052,34.3298],[-118.4136,34.3299],[-118.4122,34.3259],[-118.4159,34.3245],[-118.4208,34.3256],[-118.419,34.3299],[-118.4929,34.3308],[-118.5038,34.3373],[-118.5281,34.3272],[-118.5332,34.3219],[-118.5471,34.321],[-118.5428,34.299],[-118.5545,34.2965],[-118.5623,34.2986],[-118.5674,34.2953],[-118.5735,34.3017],[-118.5845,34.3043],[-118.592,34.2792],[-118.5961,34.2746],[-118.6084,34.2777],[-118.6268,34.2745],[-118.6333,34.2698],[-118.6325,34.2386],[-118.6299,34.2386],[-118.647,34.2381],[-118.6497,34.2271],[-118.6584,34.2235],[-118.6584,34.2166],[-118.6523,34.2166],[-118.6532,34.2129],[-118.6628,34.2129],[-118.6628,34.2093],[-118.6678,34.2093],[-118.6678,34.195],[-118.6566,34.1967],[-118.6574,34.1899],[-118.6681,34.1913],[-118.6681,34.1766],[-118.6587,34.177],[-118.6587,34.1689],[-118.647,34.1656],[-118.6465,34.1612],[-118.6377,34.16],[-118.6292,34.1473],[-118.612,34.149],[-118.5649,34.1302],[-118.5992,34.0743],[-118.5779,34.0727],[-118.5794,34.0677],[-118.5748,34.066],[-118.5709,34.0466],[-118.5679,34.0417],[-118.563,34.0405],[-118.5709,34.0415],[-118.5837,34.0375],[-118.6032,34.0391],[-118.6101,34.0364],[-118.6705,34.0387],[-118.6773,34.0364],[-118.6821,34.0306],[-118.6938,34.0324],[-118.7065,34.0294],[-118.7451,34.0322],[-118.7557,34.0258],[-118.7853,34.0209],[-118.794,34.0075],[-118.8026,34.0053],[-118.8068,34.0002],[-118.8291,34.0194],[-118.8514,34.0331],[-118.9157,34.0416],[-118.9238,34.0454],[-118.9376,34.043],[-118.9533,34.0476],[-118.9787,34.0602],[-119.009,34.067],[-119.0376,34.0835],[-119.062,34.0856],[-119.0929,34.1006],[-119.0862,34.1003],[-119.0911,34.1023],[-119.0928,34.1102],[-119.0941,34.1034],[-119.0961,34.1053],[-119.0987,34.102],[-119.1201,34.1078],[-119.1266,34.1055],[-119.0932,34.0993],[-119.1072,34.0953],[-119.1247,34.0987],[-119.1414,34.1067],[-119.1872,34.1372],[-119.1824,34.1371],[-119.2,34.1444],[-119.2121,34.143],[-119.2088,34.1477],[-119.2014,34.1484],[-119.2062,34.1487],[-119.2082,34.1537],[-119.2111,34.1537],[-119.2102,34.1486],[-119.2164,34.1438],[-119.221,34.1532],[-119.2276,34.156],[-119.2223,34.1592],[-119.2217,34.1809],[-119.2273,34.1797],[-119.2233,34.1824],[-119.2299,34.1841],[-119.2232,34.1828],[-119.2229,34.1889],[-119.2298,34.1895],[-119.2286,34.1849],[-119.23,34.1872],[-119.2308,34.1849],[-119.2389,34.2042],[-119.25,34.2059],[-119.2394,34.2041],[-119.2363,34.1979],[-119.2311,34.1849],[-119.2338,34.1826],[-119.2309,34.1838],[-119.2328,34.1809],[-119.2283,34.1797],[-119.2322,34.1799],[-119.2283,34.1792],[-119.2309,34.1773],[-119.2284,34.1772],[-119.2297,34.1691],[-119.2244,34.1612],[-119.2283,34.1572],[-119.2271,34.1596],[-119.264,34.2248],[-119.2566,34.2351],[-119.2473,34.235],[-119.2563,34.2362],[-119.2665,34.2327],[-119.2677,34.2451],[-119.2705,34.2464],[-119.2664,34.2488],[-119.2645,34.2411],[-119.2617,34.2405],[-119.258,34.2441],[-119.2667,34.2504],[-119.2618,34.2546],[-119.2654,34.2608],[-119.264,34.2551],[-119.2677,34.2601],[-119.2658,34.2537],[-119.2724,34.2477],[-119.2696,34.2539],[-119.285,34.2721],[-119.2938,34.2754],[-119.3054,34.2732],[-119.3085,34.2784],[-119.3076,34.2741],[-119.3109,34.2753],[-119.3212,34.2836],[-119.3379,34.2909],[-119.3485,34.3039],[-119.3685,34.3186],[-119.3759,34.3211],[-119.3902,34.3181],[-119.402,34.332],[-119.4183,34.3419],[-119.429,34.3535],[-119.4429,34.3553],[-119.4594,34.3733],[-119.4713,34.3759],[-119.4782,34.3729],[-119.4835,34.3795],[-119.4925,34.3837],[-119.5161,34.3878],[-119.5364,34.3962],[-119.5347,34.3983],[-119.539,34.3994],[-119.5379,34.3969],[-119.562,34.4143],[-119.5772,34.4125],[-119.6117,34.4209],[-119.6377,34.4157],[-119.6686,34.4162],[-119.6865,34.4121],[-119.6942,34.4048],[-119.6918,34.4031],[-119.6874,34.4078],[-119.6877,34.4047],[-119.7094,34.3953],[-119.7293,34.3959],[-119.7422,34.4021],[-119.7405,34.4046],[-119.7505,34.4037],[-119.7921,34.4177],[-119.829,34.4178],[-119.8208,34.4233],[-119.8349,34.418],[-119.8246,34.417],[-119.8388,34.4141],[-119.844,34.4046],[-119.8581,34.4089],[-119.878,34.4068],[-119.8814,34.4098],[-119.8764,34.414],[-119.8818,34.4103],[-119.8896,34.4183],[-119.9031,34.4221],[-119.9203,34.4329],[-119.9567,34.4355],[-120.0081,34.4605],[-120.0184,34.4615],[-120.0228,34.4576],[-120.0388,34.4633],[-120.0895,34.4602],[-120.137,34.4733],[-120.1698,34.4689],[-120.2282,34.4707],[-120.2783,34.467],[-120.2942,34.4705],[-120.2239,34.4979],[-120.18,34.5084],[-120.1818,34.5162],[-120.1594,34.5105],[-120.1411,34.5123],[-120.1408,34.5233],[-119.8631,34.5294],[-119.8674,34.5424],[-119.798,34.5535],[-119.757,34.5973],[-119.7624,34.7334],[-119.4414,34.7326],[-119.4421,34.9013],[-119.3822,34.9009],[-119.3825,34.8797],[-119.0343,34.8757],[-119.0339,34.8486],[-118.8872,34.848],[-118.8881,34.8296],[-118.8126,34.8183],[-118.7915,34.819],[-118.7949,34.8348],[-118.7708,34.8528],[-118.7634,34.8623],[-118.7076,34.8771],[-118.6627,34.8951],[-118.6516,34.9146],[-118.6491,34.9138],[-118.644,35.033],[-118.6281,35.0409],[-118.7022,35.083],[-118.7394,35.1312],[-118.7406,35.1619],[-118.7237,35.1614],[-118.7195,35.1767],[-118.7079,35.1758],[-118.7091,35.2235],[-118.6994,35.2348],[-118.6726,35.2488],[-118.6689,35.267],[-118.6812,35.27],[-118.6974,35.2685],[-118.7104,35.2756],[-118.7145,35.4413],[-118.8086,35.4417],[-118.8129,35.6605],[-119.2187,35.6521],[-119.2312,35.7054],[-119.2545,35.7036],[-119.2546,35.7179],[-119.2604,35.7182],[-119.2784,35.7332],[-119.2931,35.7324],[-119.2947,35.7401],[-119.3379,35.7391],[-119.3456,35.7612],[-119.3575,35.7612],[-119.3645,35.9168],[-119.379,35.9327],[-119.3799,35.9608],[-119.4313,35.961],[-119.4325,35.9858],[-119.4291,35.9858],[-119.429,35.9929],[-119.4329,35.9929],[-119.4336,36.0074],[-119.4282,36.0075],[-119.4288,36.051],[-119.4112,36.0511],[-119.4113,36.0583],[-119.429,36.0584],[-119.4291,36.0727],[-119.4204,36.0727],[-119.4204,36.08],[-119.4446,36.08],[-119.4439,36.0839],[-119.45,36.0799],[-119.4737,36.0797],[-119.4737,36.1076],[-119.4903,36.1088],[-119.4907,36.1291],[-119.4804,36.1288],[-119.4809,36.1488],[-119.5159,36.1495],[-119.5166,36.1603],[-119.5286,36.1605],[-119.5281,36.2047],[-119.5636,36.206],[-119.565,36.2282],[-119.5604,36.2473],[-119.5652,36.2556],[-119.5578,36.2651],[-119.5649,36.2761],[-119.7304,36.2736],[-119.7303,36.2838],[-119.727,36.2838],[-119.7272,36.2984],[-119.7144,36.2985],[-119.7153,36.3057],[-119.7022,36.3057],[-119.7038,36.3105],[-119.7016,36.3116],[-119.709,36.3136],[-119.7091,36.3105],[-119.714,36.3101],[-119.7161,36.3134],[-119.7212,36.3136],[-119.718,36.3141],[-119.7179,36.3281],[-119.7269,36.3281],[-119.7293,36.3666],[-119.6377,36.3684],[-119.6364,36.3771],[-119.6046,36.3763],[-119.5926,36.3641],[-119.5247,36.3672],[-119.5223,36.3802],[-119.4849,36.3815],[-119.4606,36.3958],[-119.4619,36.4045],[-119.4559,36.4047],[-119.4543,36.4104],[-119.4326,36.4157],[-119.4224,36.426],[-119.3906,36.4272],[-119.3864,36.4415],[-119.3289,36.4419],[-119.3286,36.4751],[-119.2951,36.4756],[-119.2954,36.4605],[-119.2866,36.4602],[-119.2864,36.4757],[-119.2404,36.4763],[-119.2387,36.4672],[-119.219,36.4684],[-119.1587,36.4123],[-119.1216,36.4131],[-119.1245,36.4606],[-119.0792,36.4633],[-119.0797,36.476],[-119.0625,36.4762],[-119.0647,36.5738],[-119.0135,36.5752],[-119.0226,36.5695],[-118.9509,36.5671],[-118.9497,36.5769],[-118.9104,36.578],[-118.9186,36.5846],[-118.9186,36.5935],[-118.8757,36.6254],[-118.838,36.6405],[-118.8195,36.6578],[-118.7925,36.6697],[-118.7579,36.6721],[-118.7153,36.6718],[-118.7033,36.6661],[-118.6617,36.6326],[-118.5968,36.6138],[-118.5778,36.6043],[-118.5708,36.5913],[-118.5271,36.5842],[-118.5151,36.5908],[-118.4928,36.6121],[-118.4738,36.6428],[-118.456,36.6634],[-118.4234,36.679],[-118.3868,36.6881],[-118.3737,36.6867],[-118.3514,36.6691],[-118.3321,36.6704],[-118.3295,36.6654],[-118.3356,36.6616],[-118.3382,36.6554],[-118.3252,36.6471],[-118.3188,36.6389],[-118.3213,36.6274],[-118.3028,36.619],[-118.3024,36.6146],[-118.2939,36.6051],[-118.2816,36.6045],[-118.2746,36.5973],[-118.278,36.5923],[-118.289,36.5907],[-118.288,36.5837],[-118.2941,36.5774],[-118.2898,36.5732],[-118.2926,36.5674],[-118.2912,36.5593],[-118.2794,36.5551],[-118.2759,36.5508],[-118.2653,36.5515],[-118.2602,36.5441],[-118.252,36.5421],[-118.2487,36.5332],[-118.2509,36.5256],[-118.2467,36.5214],[-118.2386,36.5232],[-118.2373,36.5115],[-118.2414,36.4999],[-118.235,36.4937],[-118.2484,36.487],[-118.2499,36.4824],[-118.237,36.477],[-118.2326,36.4663],[-118.2232,36.4633],[-118.2156,36.4563],[-118.2096,36.4421],[-118.2144,36.4343],[-118.2098,36.4303],[-118.2037,36.4312],[-118.1936,36.4265],[-118.1749,36.4265],[-118.1568,36.4326],[-118.1542,36.4271],[-118.1379,36.418],[-118.1403,36.4035],[-118.16,36.3938],[-118.163,36.3896],[-118.1571,36.3883],[-118.1531,36.3795],[-118.1473,36.3791],[-118.141,36.3716],[-118.1305,36.3703],[-118.1225,36.3547],[-118.1242,36.3519],[-118.1003,36.3461],[-118.1018,36.3393],[-118.0976,36.3311],[-118.1031,36.3254],[-118.1125,36.322],[-118.1118,36.3083],[-118.1216,36.3068],[-118.1201,36.3022],[-118.127,36.3002],[-118.125,36.2867],[-118.1276,36.2803],[-118.1174,36.2712],[-118.1194,36.2556],[-118.1122,36.24],[-118.1052,36.2336],[-118.1052,36.2286],[-118.1092,36.2255],[-118.1056,36.2134],[-118.0946,36.2049],[-118.0907,36.1973],[-118.0859,36.1975],[-118.0737,36.1894],[-118.07,36.1786],[-118.0593,36.1701],[-118.0626,36.162],[-118.0589,36.1529],[-118.0735,36.1403],[-118.0711,36.1324],[-117.8564,36.1297],[-117.7136,36.2001],[-117.604,36.2921],[-117.7383,36.465],[-117.8857,36.4692],[-117.8894,36.5739],[-117.9299,36.6489],[-118.0573,37.0842],[-118.0945,37.2368],[-118.0406,37.3429],[-118.2334,37.3396],[-118.2394,37.4628],[-118.5774,37.4631],[-118.5744,37.4561],[-118.5496,37.4438],[-118.5244,37.421],[-118.51,37.4213],[-118.4677,37.4304],[-118.4445,37.4272],[-118.4263,37.4306],[-118.3622,37.4263],[-118.3558,37.4118],[-118.3344,37.3916],[-118.3316,37.3695],[-118.3072,37.3261],[-118.3083,37.2813],[-118.3019,37.2699],[-118.3005,37.2392],[-118.272,37.209],[-118.2724,37.1998],[-118.2983,37.1971],[-118.2987,37.1822],[-118.3042,37.1878],[-118.3074,37.1856],[-118.3101,37.1688],[-118.4206,37.1703],[-118.4209,37.1571],[-118.5282,37.1585],[-118.5289,37.1246],[-118.5862,37.1253],[-118.5927,37.1381],[-118.5996,37.1365],[-118.6134,37.143],[-118.6295,37.1374],[-118.6413,37.1372],[-118.6546,37.1418],[-118.6567,37.1472],[-118.6672,37.1546],[-118.6665,37.1614],[-118.6726,37.1673],[-118.6642,37.1781],[-118.6691,37.1898],[-119.0814,37.1879],[-119.0827,37.0585],[-119.2244,37.0671],[-119.3253,37.0689],[-119.3334,37.0917],[-119.4064,37.0917],[-119.3998,37.1498],[-119.3863,37.1498],[-119.3844,37.1538],[-119.3752,37.1576],[-119.3747,37.1642],[-119.3626,37.1671],[-119.3595,37.1816],[-119.343,37.1894],[-119.33,37.2071],[-119.3307,37.2152],[-119.3378,37.219],[-119.3339,37.2238],[-119.3311,37.24],[-119.3234,37.2446],[-119.3221,37.2531],[-119.3265,37.2702],[-119.3321,37.2749],[-119.3269,37.2929],[-119.335,37.3119],[-119.3245,37.3208],[-119.3181,37.3214],[-119.3156,37.3257],[-119.3252,37.3332],[-119.3251,37.3365],[-119.3122,37.3397],[-119.3153,37.3474],[-119.3131,37.3516],[-119.2867,37.3749],[-119.0224,37.5857],[-119.0344,37.6035],[-119.0311,37.6277],[-119.0546,37.6451],[-119.0543,37.6512],[-119.0611,37.6571],[-119.0594,37.6651],[-119.0651,37.6845],[-119.0734,37.6929],[-119.0931,37.7036],[-119.1144,37.7282],[-119.1276,37.7347],[-119.138,37.7361],[-119.1408,37.7333],[-119.1496,37.7329],[-119.1691,37.7384],[-119.1771,37.7348],[-119.1837,37.7395],[-119.1857,37.7367],[-119.1997,37.7358],[-119.2163,37.7141],[-119.23,37.7174],[-119.2306,37.721],[-119.243,37.7285],[-119.251,37.7302],[-119.2579,37.7246],[-119.2612,37.7327],[-119.2694,37.7396],[-119.2884,37.745],[-119.2891,37.755],[-119.2941,37.7597],[-119.2934,37.7679],[-119.3112,37.7786],[-119.3073,37.7828],[-119.3105,37.7856],[-119.3112,37.7935],[-119.3218,37.794],[-119.327,37.7994],[-119.3319,37.7992],[-119.355,37.8118],[-119.3514,37.8255],[-119.3726,37.8329],[-119.3755,37.8409],[-119.3798,37.8409],[-119.3837,37.8365],[-119.3926,37.8379],[-119.4027,37.8352],[-119.4073,37.8549],[-119.422,37.8577],[-119.4268,37.8667],[-119.4427,37.8602],[-119.442,37.8679],[-119.4542,37.8711],[-119.4703,37.8634],[-119.4743,37.856],[-119.4869,37.8653],[-119.4868,37.9097],[-119.4826,37.9169],[-119.4871,37.9194],[-119.4891,38.1434],[-119.497,38.1493],[-119.4959,38.1561],[-119.5018,38.1593],[-119.5078,38.1526],[-119.5065,38.1371],[-119.5155,38.1374],[-119.5312,38.1445],[-119.5468,38.1433],[-119.5469,38.1544],[-119.5638,38.154],[-119.5667,38.1572],[-119.5765,38.1577],[-119.5813,38.1725],[-119.5786,38.1769],[-119.5856,38.1844],[-119.5923,38.1851],[-119.5983,38.1816],[-119.6056,38.1884],[-119.6195,38.1911],[-119.6327,38.1989],[-119.6309,38.2039],[-119.625,38.2069],[-119.6271,38.2132],[-119.6267,38.2194],[-119.6235,38.2204],[-119.6244,38.2287],[-119.6049,38.2342],[-119.6046,38.2388],[-119.614,38.2428],[-119.6217,38.2519],[-119.6127,38.2585],[-119.6128,38.262],[-119.6302,38.2687],[-119.6378,38.2784],[-119.6428,38.2785],[-119.6515,38.2865],[-119.6425,38.2938],[-119.6448,38.3216],[-119.635,38.329],[-119.6321,38.3442],[-119.6279,38.3481],[-119.6356,38.3539],[-119.617,38.3646],[-119.6066,38.3672],[-119.6184,38.3818],[-119.6221,38.3939],[-119.6012,38.4054],[-119.5924,38.3989],[-119.5837,38.3969],[-119.563,38.409],[-119.5614,38.4198],[-119.5658,38.4226],[-119.57,38.4349],[-119.5626,38.4386],[-119.5564,38.4475],[-119.5575,38.4668],[-119.5434,38.4784],[-119.545,38.488],[-119.266,38.4909],[-119.2297,38.4654]]],[[[-117.4007,34.581],[-117.3874,34.5796],[-117.3829,34.5763],[-117.3828,34.5722],[-117.3744,34.5722],[-117.3769,34.5821],[-117.3726,34.5878],[-117.3613,34.5896],[-117.3562,34.5866],[-117.3555,34.6085],[-117.3733,34.6089],[-117.3739,34.6011],[-117.3834,34.6011],[-117.3841,34.6215],[-117.3899,34.6229],[-117.3899,34.6012],[-117.4008,34.6011],[-117.4007,34.581]]],[[[-116.8691,34.317],[-116.9492,34.3155],[-116.9497,34.3096],[-116.966,34.3089],[-116.9683,34.3164],[-117.0402,34.3148],[-117.0371,34.2262],[-116.899,34.2279],[-116.8992,34.2088],[-116.8866,34.2091],[-116.8863,34.2275],[-116.7969,34.2319],[-116.7966,34.3182],[-116.8278,34.3174],[-116.8275,34.3241],[-116.8364,34.3241],[-116.8365,34.3178],[-116.8691,34.317]]],[[[-117.9082,34.1658],[-117.9423,34.1652],[-117.9423,34.1543],[-117.9297,34.151],[-117.9442,34.1379],[-117.9395,34.1349],[-117.9344,34.1409],[-117.9294,34.1405],[-117.9294,34.1216],[-117.9381,34.1216],[-117.9381,34.1144],[-117.9286,34.1143],[-117.929,34.1099],[-117.9253,34.1106],[-117.9254,34.1069],[-117.921,34.107],[-117.9242,34.1088],[-117.9209,34.1107],[-117.9217,34.1144],[-117.9164,34.1144],[-117.9177,34.1072],[-117.9143,34.1083],[-117.9162,34.1144],[-117.9158,34.112],[-117.9078,34.1144],[-117.912,34.1135],[-117.9099,34.1068],[-117.8873,34.1068],[-117.8902,34.1108],[-117.8988,34.1083],[-117.8993,34.1143],[-117.8992,34.1208],[-117.8945,34.1206],[-117.89,34.1195],[-117.8902,34.112],[-117.8852,34.1134],[-117.8847,34.1214],[-117.8899,34.1213],[-117.8903,34.1251],[-117.8815,34.127],[-117.8813,34.1299],[-117.8901,34.1328],[-117.8901,34.1651],[-117.8988,34.1651],[-117.8988,34.1685],[-117.9082,34.1658]]],[[[-117.5399,34.1214],[-117.54,34.1101],[-117.5426,34.1077],[-117.5506,34.1113],[-117.5533,34.1097],[-117.5526,34.1065],[-117.5456,34.1065],[-117.5457,34.1009],[-117.552,34.0992],[-117.5518,34.0954],[-117.5434,34.0965],[-117.5246,34.1133],[-117.5369,34.115],[-117.5349,34.1214],[-117.5399,34.1214]]],[[[-117.3436,34.0903],[-117.3443,34.085],[-117.366,34.0832],[-117.366,34.0722],[-117.3684,34.0722],[-117.3659,34.0705],[-117.3658,34.0578],[-117.3581,34.0559],[-117.3568,34.0489],[-117.3719,34.0337],[-117.3676,34.0311],[-117.3738,34.0194],[-117.3674,34.0194],[-117.4077,33.9768],[-117.4233,33.9719],[-117.4288,33.973],[-117.431,33.9672],[-117.4444,33.969],[-117.4841,33.9608],[-117.5189,33.9592],[-117.5189,33.9556],[-117.5233,33.9556],[-117.5237,33.9457],[-117.5145,33.9456],[-117.5134,33.9432],[-117.5157,33.9432],[-117.5162,33.9098],[-117.511,33.9098],[-117.511,33.9017],[-117.5079,33.9023],[-117.5014,33.8944],[-117.5035,33.8932],[-117.4976,33.883],[-117.4914,33.888],[-117.4719,33.8824],[-117.4728,33.886],[-117.465,33.8897],[-117.4606,33.8847],[-117.4541,33.8884],[-117.3836,33.8871],[-117.3833,33.9016],[-117.3313,33.9018],[-117.3314,33.8883],[-117.3381,33.889],[-117.3531,33.8833],[-117.3487,33.8835],[-117.3487,33.8799],[-117.3531,33.8799],[-117.3531,33.8726],[-117.3139,33.873],[-117.3138,33.8883],[-117.2921,33.8877],[-117.292,33.9041],[-117.3028,33.9022],[-117.305,33.8985],[-117.3138,33.8984],[-117.3138,33.902],[-117.3193,33.902],[-117.3194,33.9092],[-117.3138,33.9116],[-117.3138,33.9159],[-117.3072,33.9159],[-117.3057,33.9131],[-117.305,33.9167],[-117.2832,33.9169],[-117.289,33.9315],[-117.2788,33.9315],[-117.2789,33.9348],[-117.2733,33.9368],[-117.2788,33.9396],[-117.2793,33.9435],[-117.2965,33.945],[-117.3039,33.9522],[-117.3138,33.9539],[-117.309,33.9714],[-117.3095,33.9835],[-117.3049,33.9851],[-117.3072,33.9879],[-117.305,33.9943],[-117.331,33.994],[-117.331,33.9961],[-117.3169,34.0012],[-117.3093,33.9974],[-117.305,34.0047],[-117.3136,34.0048],[-117.3136,34.0069],[-117.3196,34.0062],[-117.3267,34.0101],[-117.3343,34.0066],[-117.334,34.0132],[-117.3489,34.0117],[-117.3508,34.0142],[-117.3472,34.0153],[-117.3476,34.0194],[-117.3362,34.0193],[-117.3271,34.0326],[-117.3353,34.0338],[-117.3314,34.0448],[-117.3239,34.0437],[-117.3255,34.04],[-117.3123,34.0417],[-117.3088,34.0455],[-117.2989,34.0451],[-117.3004,34.041],[-117.2961,34.0415],[-117.2962,34.0383],[-117.2912,34.0367],[-117.2923,34.0294],[-117.2955,34.0295],[-117.2956,34.0183],[-117.2707,34.0185],[-117.2701,34.0412],[-117.28,34.0414],[-117.2793,34.0331],[-117.2878,34.0336],[-117.2868,34.0448],[-117.2809,34.0428],[-117.2817,34.0447],[-117.2736,34.0449],[-117.2735,34.0484],[-117.2778,34.0485],[-117.2787,34.0523],[-117.2873,34.0503],[-117.2874,34.0631],[-117.2957,34.0678],[-117.3065,34.0653],[-117.3035,34.0663],[-117.307,34.0739],[-117.3039,34.0771],[-117.3093,34.085],[-117.3139,34.0849],[-117.3139,34.0921],[-117.3228,34.0918],[-117.3251,34.0953],[-117.3333,34.0961],[-117.3336,34.0923],[-117.3436,34.0903]]],[[[-116.8945,34.0338],[-116.8945,34.0232],[-116.8989,34.0232],[-116.9031,34.016],[-116.9075,34.0161],[-116.9075,34.0124],[-116.9118,34.0125],[-116.9119,33.9882],[-116.9164,33.9884],[-116.9143,34.0044],[-116.9295,34.0015],[-116.9295,34.0049],[-116.9336,34.0049],[-116.9295,33.9762],[-116.9119,33.9826],[-116.8966,33.9593],[-116.9043,33.963],[-116.9101,33.9556],[-116.9108,33.9398],[-116.9205,33.9398],[-116.925,33.9582],[-116.9294,33.958],[-116.9293,33.9688],[-116.9382,33.9688],[-116.9381,33.9616],[-116.9468,33.9599],[-116.9464,33.9037],[-116.9287,33.9033],[-116.9282,33.918],[-116.9117,33.9176],[-116.912,33.9103],[-116.8941,33.9098],[-116.8944,33.9039],[-116.8761,33.9034],[-116.8758,33.9108],[-116.8506,33.9101],[-116.8507,33.9073],[-116.8422,33.907],[-116.8404,33.9181],[-116.843,33.9273],[-116.8246,33.9303],[-116.8247,33.94],[-116.842,33.9399],[-116.8419,33.9326],[-116.8595,33.9326],[-116.8596,33.9472],[-116.877,33.9472],[-116.877,33.9544],[-116.8901,33.9628],[-116.8901,33.9689],[-116.8945,33.9689],[-116.8945,33.9834],[-116.9032,33.9834],[-116.9031,33.9907],[-116.9009,33.9907],[-116.9031,34.0124],[-116.8944,34.016],[-116.8944,34.0196],[-116.877,34.0196],[-116.8771,34.0339],[-116.8945,34.0338]]],[[[-117.2089,33.9209],[-117.2089,33.9172],[-117.2702,33.917],[-117.2704,33.9095],[-117.2436,33.9098],[-117.2438,33.8591],[-117.2046,33.8591],[-117.2088,33.8676],[-117.2044,33.8661],[-117.2024,33.871],[-117.1902,33.8815],[-117.1856,33.8805],[-117.1746,33.8925],[-117.1577,33.8946],[-117.1467,33.9046],[-117.1464,33.8964],[-117.1299,33.8893],[-117.1298,33.8955],[-117.1211,33.8956],[-117.1198,33.9031],[-117.1023,33.9031],[-117.1023,33.8985],[-117.0947,33.9041],[-117.0883,33.9041],[-117.1016,33.9184],[-117.1151,33.9195],[-117.1151,33.9252],[-117.127,33.9371],[-117.1393,33.9389],[-117.1389,33.9502],[-117.1477,33.9538],[-117.1476,33.9611],[-117.1517,33.9611],[-117.1542,33.9537],[-117.1569,33.9537],[-117.1567,33.9571],[-117.164,33.9573],[-117.165,33.9609],[-117.1652,33.9535],[-117.1707,33.9537],[-117.1742,33.9497],[-117.1786,33.9498],[-117.1807,33.9534],[-117.1806,33.9574],[-117.1743,33.9573],[-117.1742,33.9612],[-117.209,33.9613],[-117.2071,33.9558],[-117.1915,33.9557],[-117.1914,33.9467],[-117.1828,33.9466],[-117.1827,33.9426],[-117.2002,33.9392],[-117.2002,33.9338],[-117.2026,33.9338],[-117.2002,33.9246],[-117.2068,33.9245],[-117.2044,33.9209],[-117.2089,33.9209]]],[[[-117.5358,33.8693],[-117.5387,33.8677],[-117.5375,33.8619],[-117.5318,33.8616],[-117.5326,33.8583],[-117.523,33.8574],[-117.5358,33.8693]]],[[[-117.6826,33.8605],[-117.6826,33.8627],[-117.6779,33.8619],[-117.6791,33.8642],[-117.6729,33.8634],[-117.6729,33.87],[-117.6937,33.8746],[-117.7127,33.8705],[-117.7149,33.8668],[-117.7273,33.8678],[-117.7483,33.8717],[-117.7448,33.8744],[-117.7466,33.8788],[-117.7687,33.8734],[-117.7789,33.8647],[-117.7862,33.8627],[-117.7905,33.8626],[-117.7921,33.867],[-117.8033,33.8737],[-117.8176,33.8696],[-117.8185,33.862],[-117.8259,33.8613],[-117.837,33.8628],[-117.8371,33.8682],[-117.8652,33.8687],[-117.8682,33.8636],[-117.8616,33.863],[-117.8702,33.862],[-117.8683,33.8579],[-117.8837,33.8534],[-117.8847,33.8586],[-117.9068,33.8539],[-117.9069,33.8632],[-117.9199,33.8636],[-117.92,33.8543],[-117.9241,33.854],[-117.9642,33.854],[-117.974,33.8565],[-117.9739,33.8542],[-117.9803,33.8581],[-117.985,33.8547],[-117.9806,33.854],[-117.98,33.8395],[-117.9855,33.8395],[-117.9865,33.8353],[-118.0023,33.8358],[-118.0131,33.8305],[-118.0177,33.8231],[-118.011,33.8215],[-118.0156,33.8201],[-118.0173,33.8102],[-117.9958,33.8157],[-117.9759,33.8158],[-117.9802,33.8139],[-117.9802,33.8102],[-117.976,33.8124],[-117.9677,33.8103],[-117.9677,33.8277],[-117.9625,33.824],[-117.9633,33.8289],[-117.959,33.829],[-117.9617,33.824],[-117.959,33.8214],[-117.9633,33.8214],[-117.9633,33.8176],[-117.9595,33.8171],[-117.959,33.8068],[-117.9632,33.8067],[-117.9632,33.803],[-117.9413,33.8031],[-117.937,33.7987],[-117.9413,33.7987],[-117.9412,33.7927],[-117.9346,33.7926],[-117.9238,33.7987],[-117.9238,33.796],[-117.9168,33.7961],[-117.9149,33.7889],[-117.9063,33.7925],[-117.8976,33.7925],[-117.897,33.7903],[-117.8923,33.7915],[-117.8942,33.796],[-117.8796,33.7937],[-117.8625,33.8357],[-117.8492,33.8449],[-117.8357,33.847],[-117.8315,33.8422],[-117.8338,33.8391],[-117.825,33.8371],[-117.8228,33.8336],[-117.822,33.8378],[-117.8118,33.8352],[-117.8022,33.8387],[-117.7761,33.83],[-117.7637,33.8342],[-117.7629,33.8295],[-117.7664,33.8284],[-117.7408,33.8236],[-117.7424,33.8308],[-117.7342,33.8438],[-117.7273,33.8476],[-117.7213,33.8431],[-117.7197,33.8314],[-117.705,33.8247],[-117.6834,33.8365],[-117.6818,33.8393],[-117.6918,33.8458],[-117.6869,33.8507],[-117.6948,33.8559],[-117.6906,33.8534],[-117.685,33.855],[-117.6881,33.863],[-117.6844,33.8579],[-117.6796,33.8587],[-117.6826,33.8605]]],[[[-117.5201,33.8262],[-117.5228,33.8253],[-117.5181,33.8221],[-117.5105,33.8239],[-117.5146,33.8287],[-117.5201,33.8262]]],[[[-117.5103,33.8236],[-117.5146,33.8219],[-117.5107,33.8219],[-117.5085,33.81],[-117.5066,33.8074],[-117.4999,33.8074],[-117.4985,33.8184],[-117.5045,33.8241],[-117.5103,33.8236]]],[[[-118.0981,33.846],[-118.0864,33.846],[-118.0864,33.8497],[-118.0821,33.8497],[-118.0821,33.8461],[-118.0547,33.8463],[-118.055,33.8504],[-118.0462,33.8536],[-118.0463,33.8587],[-118.0418,33.8588],[-118.0377,33.8661],[-118.0288,33.8662],[-118.029,33.8825],[-118.0391,33.888],[-118.0728,33.8862],[-118.0728,33.8804],[-118.08,33.8731],[-118.0703,33.8732],[-118.072,33.8585],[-118.069,33.8585],[-118.0689,33.8534],[-118.0821,33.8603],[-118.0821,33.8533],[-118.0822,33.856],[-118.0865,33.856],[-118.0865,33.8602],[-118.091,33.8613],[-118.0913,33.8765],[-118.0879,33.8769],[-118.0877,33.8803],[-118.0955,33.8803],[-118.0956,33.8875],[-118.1084,33.8877],[-118.1083,33.8583],[-118.1027,33.8583],[-118.0981,33.846]]],[[[-117.5442,33.8716],[-117.5416,33.8665],[-117.5389,33.868],[-117.5401,33.8715],[-117.5442,33.8716]]],[[[-117.5556,33.883],[-117.5574,33.8818],[-117.5557,33.8805],[-117.5556,33.883]]],[[[-117.5579,33.8829],[-117.5576,33.885],[-117.5597,33.8853],[-117.5579,33.8829]]],[[[-117.56,33.8849],[-117.5598,33.886],[-117.562,33.8862],[-117.56,33.8849]]],[[[-117.5735,33.8859],[-117.5716,33.8868],[-117.5771,33.8889],[-117.5735,33.8859]]],[[[-117.6095,33.8897],[-117.6069,33.8922],[-117.61,33.8946],[-117.6129,33.8919],[-117.6095,33.8897]]],[[[-117.9116,33.9927],[-117.8939,33.9945],[-117.8936,33.9971],[-117.8841,33.9957],[-117.8884,33.9975],[-117.8872,34.0004],[-117.882,33.9953],[-117.87,33.9929],[-117.866,33.9958],[-117.8681,33.9984],[-117.8787,33.9996],[-117.872,34.0017],[-117.8619,33.9967],[-117.8614,34.0008],[-117.8424,34.0095],[-117.8382,34.0077],[-117.8417,34.0065],[-117.8402,34.0019],[-117.8328,34.0026],[-117.8202,34.0139],[-117.8217,34.0314],[-117.8238,34.0334],[-117.8355,34.0275],[-117.8415,34.0167],[-117.847,34.016],[-117.8509,34.0114],[-117.8519,34.014],[-117.8704,34.0035],[-117.8802,34.0019],[-117.9149,34.0072],[-117.9168,34.0112],[-117.9234,34.0123],[-117.9176,34.0246],[-117.9354,34.0281],[-117.9346,34.0361],[-117.9408,34.0364],[-117.938,34.0342],[-117.9386,34.0281],[-117.9433,34.0281],[-117.9438,34.023],[-117.9369,34.0226],[-117.9381,34.0179],[-117.9323,34.0163],[-117.9206,34.0171],[-117.9252,34.009],[-117.9374,34.011],[-117.9503,34.0168],[-117.9542,34.02],[-117.9528,34.0228],[-117.9905,34.05],[-117.9867,34.0539],[-117.9892,34.0555],[-117.983,34.0578],[-117.9854,34.0594],[-117.9825,34.0627],[-117.9992,34.0589],[-118.0011,34.0548],[-118.0075,34.0578],[-118.0055,34.0641],[-118.0096,34.0606],[-118.0113,34.0635],[-118.0126,34.0611],[-118.0078,34.0577],[-118.0103,34.0511],[-118.0247,34.0385],[-118.0154,34.0369],[-118.008,34.042],[-118.0095,34.0483],[-118.0063,34.0558],[-117.9916,34.0466],[-117.9931,34.0427],[-117.9907,34.046],[-117.9834,34.041],[-117.9865,34.0382],[-117.9817,34.0399],[-117.9656,34.0262],[-117.9776,34.032],[-117.9761,34.035],[-117.9787,34.0368],[-117.9865,34.0334],[-117.984,34.0315],[-117.987,34.0285],[-118.004,34.032],[-118.026,34.0299],[-118.0281,34.0331],[-118.0332,34.0296],[-118.0373,34.0329],[-118.0368,34.0277],[-118.0478,34.018],[-118.0575,34.0164],[-118.0557,34.0111],[-118.0311,34.0278],[-118.0155,34.0275],[-118.0038,34.0312],[-117.9758,34.0192],[-117.9747,34.023],[-117.9711,34.0207],[-117.9756,34.015],[-117.966,34.0119],[-117.9644,34.0155],[-117.9613,34.0144],[-117.9588,34.0133],[-117.9599,34.0099],[-117.9483,34.0064],[-117.9487,34.0024],[-117.9309,33.9984],[-117.9316,33.9911],[-117.912,33.9895],[-117.9116,33.9927]]]]},"properties":{"Utility":"Southern California Edison","Acronym":"SCE","Type":"IOU","Phone":"(818) 302-1212","URL":"https://www.sce.com/"}},{"type":"Feature","geometry":{"type":"MultiPolygon","coordinates":[[[[-120.8719,35.2166],[-120.8734,35.2178],[-120.8719,35.2178],[-120.8719,35.2166]]],[[[-121.9434,36.5075],[-121.9431,36.506],[-121.9442,36.5072],[-121.9434,36.5075]]],[[[-122.3369,37.1089],[-122.3354,37.107],[-122.3389,37.1089],[-122.3369,37.1089]]],[[[-122.2088,37.5189],[-122.2137,37.5097],[-122.2245,37.501],[-122.2294,37.5056],[-122.2437,37.5091],[-122.2463,37.5135],[-122.2444,37.5231],[-122.2356,37.5156],[-122.2336,37.5204],[-122.2296,37.5176],[-122.2241,37.5225],[-122.2188,37.5176],[-122.2196,37.5221],[-122.2152,37.526],[-122.2066,37.5229],[-122.2088,37.5189]]],[[[-122.2193,37.5432],[-122.2166,37.5391],[-122.2097,37.5416],[-122.2003,37.5399],[-122.1951,37.5361],[-122.1952,37.5312],[-122.2054,37.5239],[-122.2157,37.5265],[-122.2203,37.5224],[-122.2194,37.5181],[-122.2239,37.5231],[-122.2297,37.5184],[-122.2342,37.5205],[-122.2358,37.5161],[-122.2426,37.5235],[-122.2423,37.5271],[-122.2311,37.531],[-122.2225,37.5446],[-122.2193,37.5432]]],[[[-122.2419,37.5524],[-122.2287,37.5504],[-122.2406,37.5497],[-122.2419,37.5524]]],[[[-122.378,37.6053],[-122.3779,37.6053],[-122.3779,37.6053],[-122.378,37.6053]]],[[[-122.378,37.6053],[-122.3781,37.6053],[-122.3782,37.6054],[-122.378,37.6053]]],[[[-122.3782,37.6054],[-122.3782,37.6054],[-122.3782,37.6054],[-122.3782,37.6054]]],[[[-122.3786,37.606],[-122.3785,37.6059],[-122.3786,37.6061],[-122.3786,37.606]]],[[[-122.3785,37.6063],[-122.3786,37.6061],[-122.3786,37.6062],[-122.3785,37.6063]]],[[[-122.3783,37.6065],[-122.3785,37.6064],[-122.3783,37.6064],[-122.3783,37.6065]]],[[[-122.3778,37.6067],[-122.378,37.6067],[-122.3778,37.6067],[-122.3778,37.6067]]],[[[-122.3854,37.6352],[-122.3854,37.635],[-122.385,37.6353],[-122.3854,37.6352]]],[[[-123.0113,37.7007],[-123.0086,37.6988],[-123.011,37.6967],[-123.0137,37.6997],[-123.0113,37.7007]]],[[[-123.003,37.7007],[-122.9995,37.6993],[-123.0006,37.6951],[-123.0078,37.6978],[-123.003,37.7007]]],[[[-122.4249,37.8284],[-122.4204,37.8256],[-122.4237,37.8261],[-122.4249,37.8284]]],[[[-122.3719,37.8123],[-122.3791,37.8268],[-122.3733,37.8324],[-122.3686,37.8312],[-122.3629,37.8225],[-122.3642,37.8187],[-122.371,37.8159],[-122.3702,37.8136],[-122.3589,37.8143],[-122.362,37.807],[-122.371,37.809],[-122.3719,37.8123]]],[[[-122.3611,37.812],[-122.3611,37.8122],[-122.3611,37.8122],[-122.3611,37.812]]],[[[-122.3611,37.8116],[-122.3611,37.8115],[-122.3611,37.8116],[-122.3611,37.8116]]],[[[-122.3612,37.8111],[-122.3612,37.8112],[-122.3612,37.8111],[-122.3612,37.8111]]],[[[-122.3724,37.8105],[-122.3724,37.8104],[-122.3724,37.8105],[-122.3724,37.8105]]],[[[-122.3611,37.8101],[-122.3612,37.8101],[-122.3611,37.8101],[-122.3611,37.8101]]],[[[-122.3707,37.809],[-122.3703,37.8088],[-122.3703,37.8088],[-122.3707,37.809]]],[[[-122.3644,37.8075],[-122.3642,37.8075],[-122.3643,37.8075],[-122.3644,37.8075]]],[[[-122.3632,37.8075],[-122.3631,37.8074],[-122.3639,37.8075],[-122.3632,37.8075]]],[[[-122.3604,37.8128],[-122.3601,37.813],[-122.3608,37.8126],[-122.3604,37.8128]]],[[[-122.3601,37.813],[-122.3601,37.813],[-122.3601,37.813],[-122.3601,37.813]]],[[[-122.3601,37.813],[-122.36,37.8131],[-122.36,37.8131],[-122.3601,37.813]]],[[[-122.3595,37.8133],[-122.3597,37.8133],[-122.3599,37.8132],[-122.3595,37.8133]]],[[[-122.3704,37.8141],[-122.3706,37.8148],[-122.3704,37.8142],[-122.3704,37.8141]]],[[[-122.371,37.8158],[-122.371,37.8158],[-122.3707,37.8152],[-122.371,37.8158]]],[[[-122.3711,37.816],[-122.3697,37.8166],[-122.3711,37.8159],[-122.3711,37.816]]],[[[-122.372,37.8162],[-122.3727,37.8172],[-122.3729,37.8176],[-122.372,37.8162]]],[[[-122.3684,37.8171],[-122.3692,37.8167],[-122.3684,37.8171],[-122.3684,37.8171]]],[[[-122.3651,37.8185],[-122.3651,37.8185],[-122.3651,37.8185],[-122.3651,37.8185]]],[[[-122.3644,37.8187],[-122.3644,37.8187],[-122.3644,37.8187],[-122.3644,37.8187]]],[[[-122.364,37.8196],[-122.3638,37.8201],[-122.3639,37.82],[-122.364,37.8196]]],[[[-122.3636,37.8205],[-122.3637,37.8205],[-122.3637,37.8205],[-122.3636,37.8205]]],[[[-122.3686,37.8311],[-122.3686,37.8311],[-122.3686,37.8311],[-122.3686,37.8311]]],[[[-122.3729,37.8322],[-122.3731,37.8322],[-122.373,37.8322],[-122.3729,37.8322]]],[[[-122.4269,37.8704],[-122.4188,37.8626],[-122.421,37.8589],[-122.4185,37.8525],[-122.441,37.8551],[-122.4462,37.861],[-122.4413,37.8627],[-122.4387,37.8683],[-122.4352,37.8668],[-122.4307,37.8722],[-122.4269,37.8704]]],[[[-122.5007,37.8913],[-122.4989,37.8864],[-122.503,37.8905],[-122.5007,37.8913]]],[[[-122.5025,37.8923],[-122.503,37.8923],[-122.5028,37.8931],[-122.5025,37.8923]]],[[[-122.5029,37.8945],[-122.503,37.8935],[-122.504,37.8941],[-122.5029,37.8945]]],[[[-122.3729,37.9014],[-122.3579,37.901],[-122.3513,37.8938],[-122.361,37.8994],[-122.3729,37.9014]]],[[[-122.6829,37.9122],[-122.678,37.9122],[-122.6821,37.9109],[-122.6829,37.9122]]],[[[-122.4305,37.9301],[-122.4302,37.9275],[-122.4324,37.9299],[-122.4305,37.9301]]],[[[-122.4349,37.9629],[-122.4352,37.9625],[-122.4358,37.9625],[-122.4349,37.9629]]],[[[-122.4329,37.9635],[-122.433,37.9631],[-122.4339,37.963],[-122.4329,37.9635]]],[[[-122.47,37.9652],[-122.466,37.9646],[-122.4684,37.9638],[-122.47,37.9652]]],[[[-122.4718,37.9656],[-122.4735,37.9657],[-122.4738,37.9667],[-122.4718,37.9656]]],[[[-121.7275,38.0176],[-121.73,38.0199],[-121.7294,38.0221],[-121.7275,38.0176]]],[[[-121.7086,38.0211],[-121.7102,38.0219],[-121.7082,38.0226],[-121.7086,38.0211]]],[[[-122.5238,38.0086],[-122.5259,38.0096],[-122.524,38.0103],[-122.5238,38.0086]]],[[[-121.7801,38.022],[-121.7916,38.0227],[-121.7658,38.0272],[-121.7801,38.022]]],[[[-121.8196,38.0318],[-121.8066,38.0241],[-121.8138,38.023],[-121.8235,38.0279],[-121.826,38.0345],[-121.8196,38.0318]]],[[[-121.9205,38.0424],[-121.9113,38.0414],[-121.9148,38.04],[-121.9205,38.0424]]],[[[-121.8614,38.0479],[-121.8528,38.0412],[-121.8504,38.0348],[-121.8526,38.0334],[-121.8664,38.0328],[-121.8809,38.0392],[-121.8614,38.0479]]],[[[-121.9571,38.0423],[-121.9602,38.0453],[-121.9575,38.0488],[-121.9571,38.0423]]],[[[-121.9188,38.0511],[-121.919,38.0507],[-121.9211,38.0507],[-121.9188,38.0511]]],[[[-121.6942,38.0528],[-121.7085,38.0466],[-121.6939,38.0549],[-121.6942,38.0528]]],[[[-121.9214,38.0507],[-121.9253,38.0516],[-121.9214,38.051],[-121.9214,38.0507]]],[[[-121.8598,38.0536],[-121.857,38.0507],[-121.8603,38.0516],[-121.8598,38.0536]]],[[[-121.8549,38.0537],[-121.8495,38.0534],[-121.8386,38.0313],[-121.8406,38.0292],[-121.8474,38.0307],[-121.8514,38.0426],[-121.8583,38.0477],[-121.8555,38.05],[-121.858,38.0533],[-121.8549,38.0537]]],[[[-121.7944,38.0552],[-121.795,38.054],[-121.7964,38.0545],[-121.7944,38.0552]]],[[[-122.0471,38.0563],[-122.0479,38.0547],[-122.0527,38.0541],[-122.0471,38.0563]]],[[[-121.8544,38.0603],[-121.8496,38.0541],[-121.8564,38.054],[-121.8544,38.0603]]],[[[-121.8036,38.0537],[-121.7986,38.0546],[-121.8048,38.0486],[-121.8027,38.0442],[-121.809,38.0415],[-121.8007,38.0418],[-121.8003,38.0365],[-121.7893,38.0325],[-121.7838,38.0356],[-121.7842,38.0268],[-121.8029,38.0249],[-121.83,38.0381],[-121.8377,38.0623],[-121.8036,38.0537]]],[[[-122.0426,38.0582],[-122.0453,38.0567],[-122.0468,38.0582],[-122.0426,38.0582]]],[[[-121.9085,38.0609],[-121.9098,38.0616],[-121.9103,38.063],[-121.9085,38.0609]]],[[[-121.9809,38.0637],[-121.9812,38.0626],[-121.9855,38.0627],[-121.9809,38.0637]]],[[[-121.8502,38.0695],[-121.8585,38.0686],[-121.8541,38.0707],[-121.8502,38.0695]]],[[[-121.9132,38.0705],[-121.9102,38.0615],[-121.8931,38.0529],[-121.9115,38.0502],[-121.9185,38.0509],[-121.9157,38.0516],[-121.919,38.0552],[-121.9166,38.051],[-121.9333,38.053],[-121.9323,38.0566],[-121.9292,38.056],[-121.9323,38.0561],[-121.9313,38.0529],[-121.9319,38.0559],[-121.9191,38.0555],[-121.9183,38.0675],[-121.9203,38.0569],[-121.9281,38.056],[-121.9194,38.0586],[-121.9196,38.0697],[-121.9132,38.0705]]],[[[-121.9134,38.0718],[-121.9105,38.0633],[-121.9129,38.0704],[-121.9164,38.0711],[-121.9134,38.0718]]],[[[-121.9756,38.0737],[-121.9727,38.0716],[-121.9782,38.0717],[-121.9778,38.076],[-121.9756,38.0737]]],[[[-122.0354,38.0759],[-122.0212,38.0709],[-122.0282,38.0676],[-122.0467,38.0703],[-122.0354,38.0759]]],[[[-121.9472,38.0788],[-121.9498,38.0776],[-121.9483,38.0788],[-121.9472,38.0788]]],[[[-121.957,38.0787],[-121.9582,38.0787],[-121.9591,38.0792],[-121.957,38.0787]]],[[[-121.9604,38.0791],[-121.9608,38.0799],[-121.9585,38.0797],[-121.9604,38.0791]]],[[[-121.9562,38.0786],[-121.9583,38.0795],[-121.9554,38.0802],[-121.9562,38.0786]]],[[[-121.9616,38.0804],[-121.961,38.0769],[-121.9669,38.0752],[-121.9633,38.0786],[-121.9651,38.0802],[-121.9616,38.0804]]],[[[-121.9077,38.0773],[-121.9109,38.0831],[-121.9062,38.0798],[-121.9077,38.0773]]],[[[-122.2482,38.0772],[-122.2489,38.0782],[-122.2488,38.0781],[-122.2482,38.0772]]],[[[-122.0003,38.0784],[-122.0037,38.0772],[-121.9998,38.0829],[-122.0003,38.0784]]],[[[-121.9859,38.0822],[-121.981,38.0766],[-121.9907,38.0776],[-121.9921,38.0811],[-121.9859,38.0822]]],[[[-122.2513,38.0809],[-122.2512,38.0807],[-122.2513,38.0808],[-122.2513,38.0809]]],[[[-122.2512,38.0815],[-122.2514,38.081],[-122.2515,38.0817],[-122.2512,38.0815]]],[[[-122.0254,38.0862],[-122.0164,38.0859],[-122.0172,38.0806],[-122.0122,38.083],[-122.0114,38.0794],[-122.0071,38.0798],[-122.008,38.0761],[-122.0042,38.076],[-122.0147,38.0745],[-122.0133,38.0782],[-122.0194,38.0813],[-122.014,38.0763],[-122.0232,38.0765],[-122.021,38.0791],[-122.0254,38.0862]]],[[[-121.6489,38.0703],[-121.6491,38.0564],[-121.6765,38.0608],[-121.6764,38.088],[-121.6614,38.0931],[-121.6475,38.0856],[-121.6489,38.0703]]],[[[-122.2535,38.0839],[-122.2533,38.0837],[-122.2534,38.0837],[-122.2535,38.0839]]],[[[-121.6733,38.0905],[-121.6682,38.0934],[-121.6636,38.0937],[-121.6733,38.0905]]],[[[-122.2542,38.085],[-122.2557,38.0853],[-122.2559,38.0863],[-122.2542,38.085]]],[[[-122.021,38.0902],[-122.0004,38.0835],[-122.004,38.0772],[-122.0016,38.0757],[-122.0082,38.0764],[-122.0069,38.0798],[-122.0114,38.0796],[-122.0121,38.0832],[-122.017,38.0808],[-122.0158,38.0862],[-122.0261,38.0873],[-122.021,38.0902]]],[[[-122.258,38.0865],[-122.2581,38.0865],[-122.2579,38.0865],[-122.258,38.0865]]],[[[-122.2585,38.0867],[-122.2584,38.0866],[-122.2584,38.0867],[-122.2585,38.0867]]],[[[-122.2556,38.087],[-122.2561,38.0866],[-122.2561,38.0869],[-122.2556,38.087]]],[[[-122.2556,38.0871],[-122.2556,38.0871],[-122.2556,38.0872],[-122.2556,38.0871]]],[[[-121.5925,38.0975],[-121.5805,38.0936],[-121.5903,38.0946],[-121.5925,38.0975]]],[[[-122.2567,38.0877],[-122.2587,38.087],[-122.2587,38.087],[-122.2567,38.0877]]],[[[-122.2564,38.0878],[-122.2565,38.0878],[-122.2564,38.0878],[-122.2564,38.0878]]],[[[-122.2573,38.0885],[-122.2594,38.0877],[-122.2573,38.0885],[-122.2573,38.0885]]],[[[-122.261,38.0891],[-122.2605,38.0886],[-122.2605,38.0886],[-122.261,38.0891]]],[[[-122.258,38.0892],[-122.2597,38.0886],[-122.258,38.0892],[-122.258,38.0892]]],[[[-122.2606,38.0893],[-122.261,38.0891],[-122.2609,38.0892],[-122.2606,38.0893]]],[[[-122.2593,38.0897],[-122.2594,38.0897],[-122.2593,38.0897],[-122.2593,38.0897]]],[[[-122.2587,38.09],[-122.2587,38.0899],[-122.2595,38.09],[-122.2587,38.09]]],[[[-122.0388,38.0946],[-122.0242,38.0909],[-122.0262,38.0872],[-122.0355,38.0849],[-122.0385,38.0861],[-122.0373,38.0913],[-122.0412,38.0933],[-122.0388,38.0946]]],[[[-122.0155,38.0985],[-122.0138,38.0938],[-122.0208,38.0971],[-122.0155,38.0985]]],[[[-122.2587,38.0902],[-122.2589,38.0903],[-122.2631,38.0943],[-122.2587,38.0902]]],[[[-121.7098,38.1037],[-121.7098,38.0938],[-121.7142,38.0852],[-121.7281,38.0828],[-121.7361,38.0853],[-121.7098,38.1037]]],[[[-122.2648,38.0952],[-122.2638,38.0947],[-122.2648,38.0954],[-122.2648,38.0952]]],[[[-122.2645,38.0958],[-122.2647,38.0956],[-122.2647,38.0961],[-122.2645,38.0958]]],[[[-122.2649,38.0963],[-122.2649,38.0963],[-122.2649,38.0963],[-122.2649,38.0963]]],[[[-122.266,38.0968],[-122.2649,38.0963],[-122.2661,38.0968],[-122.266,38.0968]]],[[[-122.266,38.0972],[-122.266,38.0971],[-122.2661,38.0971],[-122.266,38.0972]]],[[[-121.6077,38.1076],[-121.6098,38.1065],[-121.6132,38.1069],[-121.6077,38.1076]]],[[[-122.2659,38.0973],[-122.2659,38.0973],[-122.2659,38.0974],[-122.2659,38.0973]]],[[[-121.6045,38.108],[-121.5967,38.1052],[-121.6024,38.1057],[-121.6045,38.108]]],[[[-122.2681,38.1001],[-122.2677,38.0994],[-122.2678,38.0995],[-122.2681,38.1001]]],[[[-122.2688,38.1],[-122.2689,38.1],[-122.2686,38.1002],[-122.2688,38.1]]],[[[-121.6859,38.1045],[-121.6867,38.0869],[-121.6828,38.0662],[-121.6992,38.0508],[-121.7451,38.0304],[-121.7726,38.0321],[-121.7855,38.0398],[-121.7872,38.0482],[-121.7829,38.0517],[-121.7843,38.056],[-121.7901,38.0559],[-121.7855,38.0608],[-121.7396,38.0839],[-121.7277,38.0804],[-121.7111,38.0837],[-121.7068,38.0891],[-121.7065,38.1023],[-121.7036,38.1054],[-121.6955,38.1043],[-121.6848,38.1143],[-121.6859,38.1045]]],[[[-122.2739,38.1062],[-122.2686,38.1004],[-122.2751,38.1077],[-122.2739,38.1062]]],[[[-122.2765,38.1096],[-122.2757,38.1085],[-122.2765,38.1097],[-122.2765,38.1096]]],[[[-122.2772,38.1098],[-122.2773,38.11],[-122.277,38.1099],[-122.2772,38.1098]]],[[[-122.28,38.1135],[-122.2807,38.1143],[-122.2804,38.1141],[-122.28,38.1135]]],[[[-122.2807,38.1147],[-122.2807,38.1143],[-122.2811,38.115],[-122.2807,38.1147]]],[[[-122.2816,38.1157],[-122.2827,38.1172],[-122.2827,38.1176],[-122.2816,38.1157]]],[[[-122.3027,38.1405],[-122.2894,38.1444],[-122.2847,38.1426],[-122.2841,38.1221],[-122.2887,38.1216],[-122.2993,38.1242],[-122.2993,38.1281],[-122.3053,38.1291],[-122.3094,38.1353],[-122.3174,38.1394],[-122.3272,38.1354],[-122.3297,38.1427],[-122.3158,38.1502],[-122.3085,38.142],[-122.3027,38.1405]]],[[[-122.0567,38.1573],[-122.0531,38.1556],[-122.062,38.1432],[-122.0623,38.1248],[-122.07,38.1223],[-122.0797,38.1255],[-122.0815,38.1375],[-122.0675,38.1408],[-122.0706,38.1563],[-122.0567,38.1573]]],[[[-121.9661,38.1831],[-121.9625,38.1714],[-121.956,38.1706],[-121.9505,38.1746],[-121.9444,38.1666],[-121.9338,38.1658],[-121.9111,38.1464],[-121.9095,38.1406],[-121.9157,38.1345],[-121.9169,38.1287],[-121.9129,38.1202],[-121.9042,38.1188],[-121.8965,38.1259],[-121.8904,38.1246],[-121.8897,38.1046],[-121.896,38.0966],[-121.8834,38.0884],[-121.8855,38.0792],[-121.8809,38.0741],[-121.8652,38.0705],[-121.8691,38.0628],[-121.8907,38.0534],[-121.9053,38.0589],[-121.9113,38.0682],[-121.9059,38.0796],[-121.9119,38.0846],[-121.9472,38.0769],[-121.935,38.0809],[-121.9485,38.0802],[-121.951,38.0752],[-121.956,38.0771],[-121.9516,38.085],[-121.9414,38.0877],[-121.9361,38.0877],[-121.9352,38.0813],[-121.9353,38.0882],[-121.9406,38.0883],[-121.9445,38.0985],[-121.9564,38.0963],[-121.963,38.1074],[-121.9758,38.1146],[-121.9874,38.1114],[-121.9819,38.1145],[-121.9737,38.1138],[-121.9664,38.1069],[-121.9691,38.0995],[-121.974,38.0995],[-121.9772,38.104],[-121.9827,38.1012],[-121.9797,38.1054],[-121.9835,38.1088],[-121.9801,38.1056],[-121.9834,38.1014],[-121.9773,38.1034],[-121.9729,38.097],[-121.9796,38.0815],[-121.9755,38.087],[-121.9734,38.0997],[-121.969,38.0993],[-121.9658,38.1066],[-121.9631,38.107],[-121.9571,38.0965],[-121.9677,38.0963],[-121.9698,38.0858],[-121.975,38.0872],[-121.9764,38.0819],[-121.975,38.0865],[-121.9691,38.0834],[-121.9668,38.0962],[-121.9445,38.0981],[-121.9415,38.0884],[-121.9516,38.0853],[-121.9553,38.0805],[-121.9647,38.0807],[-121.968,38.0745],[-121.9734,38.0741],[-121.9771,38.0818],[-121.9813,38.0807],[-121.9855,38.0857],[-121.9929,38.0857],[-122.0131,38.0939],[-122.0134,38.098],[-121.9929,38.1055],[-121.991,38.107],[-121.9932,38.1093],[-121.9838,38.1135],[-121.9912,38.128],[-121.9998,38.1372],[-122.008,38.1408],[-122.0202,38.1374],[-122.0443,38.1371],[-122.0531,38.133],[-122.0572,38.1346],[-122.0598,38.1388],[-122.0579,38.145],[-122.0375,38.1698],[-122.0207,38.1691],[-122.0093,38.1763],[-121.9795,38.186],[-121.9661,38.1831]]],[[[-122.3445,38.1898],[-122.3354,38.1911],[-122.3405,38.1681],[-122.3355,38.1792],[-122.3345,38.1915],[-122.3319,38.1926],[-122.3115,38.176],[-122.2953,38.1706],[-122.2989,38.1554],[-122.2895,38.1456],[-122.2996,38.1412],[-122.3093,38.1436],[-122.3052,38.1544],[-122.3133,38.1561],[-122.3047,38.1537],[-122.3097,38.1437],[-122.316,38.1512],[-122.3303,38.1431],[-122.3372,38.1521],[-122.3291,38.1579],[-122.3306,38.1614],[-122.3475,38.1551],[-122.352,38.1577],[-122.352,38.164],[-122.3528,38.1586],[-122.3511,38.1556],[-122.3433,38.1547],[-122.3386,38.1597],[-122.3307,38.161],[-122.3297,38.1579],[-122.3375,38.1519],[-122.3278,38.1352],[-122.3176,38.139],[-122.3098,38.135],[-122.3052,38.1285],[-122.2997,38.1278],[-122.2998,38.1239],[-122.284,38.1207],[-122.2829,38.1181],[-122.2875,38.1176],[-122.3002,38.1062],[-122.3265,38.125],[-122.4062,38.1556],[-122.4062,38.1595],[-122.3984,38.1612],[-122.3685,38.1583],[-122.3653,38.1648],[-122.3689,38.1815],[-122.3593,38.1815],[-122.357,38.1843],[-122.3604,38.1968],[-122.3445,38.1898]]],[[[-122.3722,38.204],[-122.3588,38.2],[-122.3613,38.1956],[-122.3573,38.1898],[-122.3587,38.1822],[-122.366,38.1841],[-122.3697,38.1818],[-122.3672,38.1595],[-122.3918,38.1619],[-122.4071,38.1594],[-122.4118,38.1632],[-122.4207,38.1623],[-122.4143,38.1709],[-122.4204,38.1872],[-122.3938,38.191],[-122.3905,38.1938],[-122.3918,38.1992],[-122.3822,38.2008],[-122.3797,38.2074],[-122.3722,38.204]]],[[[-122.9345,38.1977],[-122.9345,38.1964],[-122.9365,38.197],[-122.9345,38.1977]]],[[[-122.0309,38.2215],[-122.0318,38.2224],[-122.0298,38.2232],[-122.0309,38.2215]]],[[[-122.3023,38.2207],[-122.2984,38.2205],[-122.3001,38.219],[-122.3097,38.2192],[-122.3046,38.2258],[-122.3023,38.2207]]],[[[-122.0334,38.2334],[-122.0278,38.2334],[-122.0338,38.2278],[-122.0369,38.2348],[-122.0334,38.2334]]],[[[-123.1184,38.4483],[-123.1153,38.4458],[-123.1233,38.4478],[-123.1184,38.4483]]],[[[-121.3059,38.7226],[-121.3059,38.7226],[-121.3059,38.7226],[-121.3059,38.7226]]],[[[-123.5926,38.8002],[-123.5907,38.7995],[-123.5933,38.7985],[-123.5926,38.8002]]],[[[-121.6983,39.3563],[-121.6977,39.3559],[-121.6994,39.3558],[-121.6983,39.3563]]],[[[-121.7049,39.3703],[-121.7049,39.3686],[-121.7065,39.3686],[-121.7049,39.3703]]],[[[-123.8325,39.7276],[-123.8312,39.726],[-123.8332,39.727],[-123.8325,39.7276]]],[[[-124.149,40.8124],[-124.1556,40.8095],[-124.1534,40.8116],[-124.149,40.8124]]],[[[-124.1569,40.8119],[-124.1588,40.8083],[-124.1667,40.8084],[-124.1569,40.8119]]],[[[-124.1651,40.8186],[-124.1575,40.8185],[-124.1578,40.8152],[-124.1787,40.8074],[-124.1735,40.8162],[-124.1651,40.8186]]],[[[-124.152,41.063],[-124.1533,41.0631],[-124.1532,41.0645],[-124.152,41.063]]],[[[-123.0744,38.3195],[-123.0785,38.3233],[-123.0736,38.3235],[-123.0695,38.3326],[-123.0683,38.3595],[-123.0815,38.3779],[-123.0855,38.3905],[-123.0968,38.3942],[-123.102,38.4132],[-123.109,38.4204],[-123.1147,38.4216],[-123.1168,38.4286],[-123.1222,38.4303],[-123.124,38.4404],[-123.1284,38.4397],[-123.1265,38.442],[-123.1302,38.4509],[-123.1115,38.4403],[-123.115,38.4488],[-123.1445,38.4559],[-123.1457,38.4598],[-123.1527,38.4609],[-123.1517,38.464],[-123.1629,38.468],[-123.1642,38.4734],[-123.1832,38.4848],[-123.2144,38.4989],[-123.2316,38.5026],[-123.2353,38.5093],[-123.2468,38.5133],[-123.2497,38.5099],[-123.2543,38.5116],[-123.2541,38.5154],[-123.2691,38.525],[-123.2679,38.5296],[-123.2737,38.5328],[-123.2788,38.5314],[-123.2793,38.5361],[-123.2986,38.544],[-123.2977,38.547],[-123.3037,38.5474],[-123.3065,38.5528],[-123.3037,38.5554],[-123.3234,38.5606],[-123.3239,38.5639],[-123.3303,38.5674],[-123.3338,38.5658],[-123.3406,38.5774],[-123.3355,38.5826],[-123.3429,38.5865],[-123.3496,38.5968],[-123.3596,38.5974],[-123.372,38.6065],[-123.3668,38.6084],[-123.367,38.6134],[-123.3746,38.6161],[-123.3812,38.625],[-123.3899,38.6298],[-123.3874,38.632],[-123.4004,38.6443],[-123.4015,38.6468],[-123.3979,38.6472],[-123.3997,38.6497],[-123.4084,38.6545],[-123.4054,38.6566],[-123.4094,38.6624],[-123.4166,38.6677],[-123.4148,38.6688],[-123.4195,38.6746],[-123.4324,38.6788],[-123.4351,38.682],[-123.4324,38.683],[-123.4335,38.6895],[-123.4374,38.6907],[-123.441,38.6993],[-123.4539,38.7071],[-123.4562,38.7132],[-123.4829,38.7262],[-123.4938,38.7372],[-123.5114,38.7407],[-123.5248,38.7497],[-123.5268,38.7572],[-123.5325,38.7594],[-123.5328,38.7671],[-123.5204,38.758],[-123.5178,38.7652],[-123.5209,38.7587],[-123.5328,38.7689],[-123.542,38.7723],[-123.5415,38.7768],[-123.5492,38.7818],[-123.5584,38.7859],[-123.5622,38.7842],[-123.5609,38.7901],[-123.5742,38.8001],[-123.5899,38.8022],[-123.5958,38.8087],[-123.6025,38.8075],[-123.5982,38.8107],[-123.6049,38.8224],[-123.6256,38.8315],[-123.6385,38.844],[-123.6472,38.8452],[-123.6462,38.8481],[-123.6599,38.8728],[-123.6813,38.8827],[-123.6872,38.8929],[-123.7115,38.9103],[-123.7112,38.9155],[-123.7278,38.9188],[-123.73,38.9289],[-123.7272,38.9292],[-123.7261,38.9355],[-123.7421,38.956],[-123.7382,38.9543],[-123.7359,38.9572],[-123.7329,38.9545],[-123.7263,38.9584],[-123.7065,38.9848],[-123.6916,39.0211],[-123.6895,39.0341],[-123.6947,39.0377],[-123.6921,39.0389],[-123.6945,39.0417],[-123.6908,39.0444],[-123.6933,39.0485],[-123.6912,39.0509],[-123.6953,39.0562],[-123.6947,39.0619],[-123.7029,39.0732],[-123.7027,39.079],[-123.7058,39.0799],[-123.7033,39.0828],[-123.7102,39.0979],[-123.7074,39.1038],[-123.7146,39.1084],[-123.7129,39.1146],[-123.7204,39.1229],[-123.7176,39.1245],[-123.7201,39.1348],[-123.7304,39.1419],[-123.7366,39.1403],[-123.7381,39.1452],[-123.734,39.1475],[-123.7391,39.1538],[-123.7364,39.1531],[-123.7344,39.1583],[-123.7536,39.1759],[-123.7523,39.1787],[-123.7606,39.1914],[-123.7561,39.1967],[-123.7617,39.1914],[-123.7717,39.195],[-123.7732,39.1987],[-123.7695,39.2019],[-123.7769,39.2137],[-123.7692,39.215],[-123.7778,39.2252],[-123.7696,39.228],[-123.7803,39.2334],[-123.7765,39.2367],[-123.7778,39.2386],[-123.7728,39.2395],[-123.7793,39.2414],[-123.7828,39.2526],[-123.7867,39.2532],[-123.7828,39.2585],[-123.7869,39.26],[-123.7913,39.2732],[-123.7991,39.2715],[-123.8037,39.2796],[-123.801,39.2847],[-123.8036,39.286],[-123.8028,39.2919],[-123.795,39.2914],[-123.7962,39.2992],[-123.7916,39.3015],[-123.8028,39.3038],[-123.8045,39.3009],[-123.8108,39.3049],[-123.8111,39.3098],[-123.8016,39.3131],[-123.8002,39.3191],[-123.8087,39.3246],[-123.8038,39.3253],[-123.8069,39.3277],[-123.805,39.3294],[-123.8111,39.3274],[-123.8115,39.3315],[-123.8179,39.3348],[-123.8162,39.3393],[-123.8276,39.3487],[-123.8244,39.3538],[-123.8208,39.3537],[-123.8252,39.3609],[-123.8178,39.3621],[-123.8262,39.369],[-123.8202,39.3726],[-123.8222,39.376],[-123.8173,39.3769],[-123.8222,39.3798],[-123.8197,39.382],[-123.8211,39.3862],[-123.8173,39.3876],[-123.8205,39.3917],[-123.8163,39.3926],[-123.8209,39.3974],[-123.8188,39.398],[-123.8221,39.4067],[-123.8159,39.409],[-123.8128,39.4173],[-123.8191,39.4242],[-123.8095,39.4274],[-123.8008,39.4231],[-123.7947,39.4304],[-123.796,39.4325],[-123.787,39.4338],[-123.7961,39.433],[-123.7961,39.429],[-123.8038,39.4236],[-123.8058,39.428],[-123.8161,39.4305],[-123.8204,39.4396],[-123.8161,39.4383],[-123.8123,39.4421],[-123.8167,39.4451],[-123.809,39.4593],[-123.8084,39.4696],[-123.8018,39.4834],[-123.8053,39.4895],[-123.7962,39.4912],[-123.7824,39.5128],[-123.7667,39.5603],[-123.7694,39.5627],[-123.7672,39.5654],[-123.7783,39.5759],[-123.7771,39.5844],[-123.7862,39.5919],[-123.7837,39.5935],[-123.7886,39.6],[-123.7889,39.605],[-123.784,39.6097],[-123.7828,39.6224],[-123.7874,39.6273],[-123.7845,39.6287],[-123.7871,39.637],[-123.7851,39.6516],[-123.7865,39.6607],[-123.7928,39.6673],[-123.7913,39.6778],[-123.7945,39.6896],[-123.8036,39.6997],[-123.8081,39.7107],[-123.8305,39.7233],[-123.8321,39.7304],[-123.8283,39.7343],[-123.8349,39.7388],[-123.8316,39.7387],[-123.8317,39.743],[-123.8392,39.7572],[-123.8384,39.7883],[-123.8415,39.8007],[-123.8464,39.8067],[-123.8497,39.8284],[-123.8539,39.8343],[-123.8804,39.8449],[-123.8942,39.8556],[-123.8995,39.8557],[-123.9016,39.8602],[-123.9042,39.8594],[-123.9128,39.8706],[-123.9297,39.9095],[-123.9549,39.9225],[-123.9803,39.963],[-123.9956,39.9728],[-124.0199,39.999],[-124.0443,40.0184],[-124.0375,40.0184],[-124.0369,40.0365],[-124.0274,40.0367],[-124.0273,40.0403],[-124.0367,40.0399],[-124.0365,40.044],[-124.0455,40.0471],[-124.046,40.0547],[-124.06,40.0542],[-124.0603,40.0471],[-124.0802,40.047],[-124.0801,40.0646],[-124.0862,40.0778],[-124.11,40.1034],[-124.1299,40.113],[-124.1879,40.1307],[-124.2168,40.1626],[-124.2389,40.1767],[-124.2574,40.1835],[-124.273,40.1962],[-124.2903,40.2034],[-124.3207,40.2261],[-124.3279,40.2373],[-124.3527,40.2496],[-124.364,40.2604],[-124.3627,40.2684],[-124.3658,40.2714],[-124.3632,40.2724],[-124.3645,40.2767],[-124.3567,40.294],[-124.3442,40.2914],[-124.3557,40.2983],[-124.3488,40.3171],[-124.3546,40.3322],[-124.3608,40.3349],[-124.3648,40.3433],[-124.3643,40.3626],[-124.3699,40.3846],[-124.3757,40.395],[-124.3897,40.4047],[-124.3991,40.417],[-124.4032,40.4238],[-124.4038,40.4336],[-124.4096,40.4383],[-124.3849,40.4901],[-124.3832,40.499],[-124.387,40.503],[-124.3875,40.5104],[-124.3701,40.5361],[-124.3143,40.6419],[-124.3106,40.6404],[-124.3149,40.6332],[-124.3096,40.6278],[-124.2872,40.6358],[-124.279,40.6355],[-124.2844,40.6379],[-124.2941,40.6357],[-124.3036,40.6397],[-124.3056,40.6424],[-124.303,40.652],[-124.3075,40.648],[-124.3077,40.6432],[-124.3107,40.6443],[-124.3109,40.6487],[-124.2374,40.7543],[-124.2366,40.7581],[-124.2443,40.765],[-124.2257,40.7478],[-124.2281,40.7448],[-124.2329,40.7456],[-124.2414,40.7376],[-124.2587,40.7176],[-124.2631,40.709],[-124.2613,40.7071],[-124.2704,40.6984],[-124.2322,40.6904],[-124.2241,40.6843],[-124.2227,40.6776],[-124.2127,40.6748],[-124.2172,40.6796],[-124.2215,40.6777],[-124.2241,40.6799],[-124.2191,40.6869],[-124.2233,40.6907],[-124.221,40.6954],[-124.2234,40.6996],[-124.2149,40.7024],[-124.2048,40.6989],[-124.2136,40.7025],[-124.2114,40.707],[-124.2234,40.7234],[-124.218,40.7298],[-124.2194,40.7332],[-124.2151,40.7341],[-124.2156,40.7385],[-124.2201,40.7363],[-124.2101,40.7403],[-124.2158,40.7414],[-124.2204,40.7363],[-124.2227,40.7404],[-124.2051,40.7436],[-124.198,40.7517],[-124.2016,40.7735],[-124.197,40.7732],[-124.1998,40.7681],[-124.196,40.7568],[-124.1908,40.7559],[-124.1951,40.7568],[-124.1979,40.7666],[-124.1942,40.7795],[-124.1855,40.7906],[-124.187,40.7879],[-124.1881,40.7907],[-124.1863,40.7978],[-124.1758,40.8044],[-124.1487,40.8105],[-124.1361,40.802],[-124.1182,40.8028],[-124.1218,40.7965],[-124.1127,40.795],[-124.115,40.7888],[-124.1122,40.7951],[-124.121,40.7959],[-124.1209,40.799],[-124.1171,40.8016],[-124.1079,40.7994],[-124.1074,40.8022],[-124.1082,40.7995],[-124.119,40.8036],[-124.1337,40.8032],[-124.1457,40.8112],[-124.1324,40.8055],[-124.1245,40.8056],[-124.1147,40.8139],[-124.1053,40.8147],[-124.0902,40.8225],[-124.0829,40.831],[-124.0862,40.8442],[-124.0824,40.8467],[-124.0851,40.8495],[-124.0912,40.8487],[-124.0905,40.8563],[-124.0942,40.8537],[-124.1028,40.8602],[-124.1189,40.8528],[-124.1312,40.859],[-124.1354,40.8647],[-124.1519,40.8661],[-124.1479,40.8611],[-124.1501,40.8601],[-124.1524,40.8643],[-124.1497,40.8591],[-124.1584,40.8584],[-124.1586,40.8509],[-124.1706,40.8363],[-124.1709,40.8252],[-124.188,40.8103],[-124.1884,40.8036],[-124.1927,40.7995],[-124.1904,40.7985],[-124.1933,40.7987],[-124.2002,40.7818],[-124.2211,40.765],[-124.2218,40.7595],[-124.2394,40.769],[-124.2335,40.7657],[-124.2279,40.7682],[-124.1645,40.8655],[-124.1419,40.9136],[-124.1235,40.9719],[-124.1198,40.9715],[-124.1227,40.9745],[-124.1179,40.9897],[-124.1134,41.0282],[-124.11,41.0275],[-124.11,41.0218],[-124.1034,41.0178],[-124.1063,41.0149],[-124.103,41.0175],[-124.1096,41.0224],[-124.1089,41.0273],[-124.1165,41.0321],[-124.1253,41.0486],[-124.1422,41.0571],[-124.1483,41.0558],[-124.1501,41.0509],[-124.1534,41.0535],[-124.1486,41.0617],[-124.1516,41.0672],[-124.1595,41.0694],[-124.1596,41.0738],[-124.1553,41.0774],[-124.1563,41.0842],[-124.1595,41.0858],[-124.1545,41.0873],[-124.1605,41.0992],[-124.1645,41.1013],[-124.1606,41.1044],[-124.159,41.1221],[-124.1654,41.1298],[-124.1606,41.1333],[-124.164,41.1385],[-124.1619,41.1412],[-124.1478,41.1407],[-124.1391,41.151],[-124.1071,41.2286],[-124.1089,41.2364],[-124.092,41.2918],[-124.0854,41.2921],[-124.0905,41.2929],[-124.0916,41.2965],[-124.0739,41.3697],[-124.0672,41.4204],[-124.0678,41.459],[-124.0647,41.4647],[-123.7706,41.4642],[-123.7702,41.3808],[-123.5011,41.3825],[-123.4983,41.3789],[-123.4894,41.3777],[-123.4741,41.3662],[-123.4825,41.3537],[-123.4782,41.3286],[-123.4723,41.3214],[-123.4652,41.3195],[-123.4596,41.3102],[-123.4603,41.3033],[-123.4555,41.2928],[-123.4632,41.2863],[-123.4621,41.2825],[-123.4441,41.273],[-123.4424,41.2515],[-123.4553,41.2365],[-123.4509,41.2312],[-123.4344,41.2229],[-123.437,41.2188],[-123.4356,41.2129],[-123.4277,41.2033],[-123.4171,41.197],[-123.4083,41.1799],[-123.4104,41.1707],[-123.4169,41.1655],[-123.4326,41.1623],[-123.4288,41.1521],[-123.4315,41.1477],[-123.4293,41.118],[-123.4343,41.1117],[-123.4398,41.0925],[-123.4495,41.0891],[-123.4642,41.0944],[-123.4583,41.0838],[-123.464,41.0763],[-123.4579,41.0682],[-123.4525,41.0685],[-123.4426,41.0611],[-123.4307,41.0633],[-123.4232,41.0581],[-123.4237,41.0432],[-123.42,41.0351],[-123.4071,41.0297],[-123.4103,41.0207],[-123.406,41.0129],[-123.42,41.0097],[-123.4278,41.0007],[-123.4273,40.9883],[-123.4348,40.9826],[-123.4366,40.9737],[-123.4533,40.9642],[-123.453,40.9601],[-123.4449,40.9561],[-123.448,40.9438],[-123.4677,40.9382],[-123.478,40.928],[-123.4818,40.9149],[-123.5118,40.9204],[-123.5297,40.9349],[-123.5342,40.9307],[-123.5409,40.9322],[-123.5411,40.9396],[-123.5602,40.9503],[-123.57,40.9465],[-123.5677,40.9365],[-123.582,40.933],[-123.5879,40.9278],[-123.5993,40.9312],[-123.6114,40.9292],[-123.6226,40.9318],[-123.6238,40.9295],[-123.613,40.9219],[-123.6158,40.9136],[-123.6047,40.901],[-123.6088,40.8949],[-123.5972,40.8841],[-123.6017,40.88],[-123.6103,40.879],[-123.598,40.8776],[-123.5911,40.8673],[-123.5849,40.8697],[-123.5806,40.868],[-123.5875,40.8585],[-123.5758,40.858],[-123.5731,40.8435],[-123.5628,40.8403],[-123.5663,40.835],[-123.56,40.8299],[-123.5688,40.8198],[-123.5625,40.8097],[-123.5562,40.8088],[-123.5541,40.7963],[-123.5578,40.7937],[-123.5656,40.7964],[-123.5663,40.7888],[-123.56,40.7903],[-123.5583,40.7811],[-123.5499,40.7758],[-123.5545,40.7667],[-123.5502,40.7655],[-123.5502,40.7628],[-123.5542,40.7595],[-123.5509,40.7561],[-123.5518,40.7481],[-123.5481,40.7464],[-123.543,40.7336],[-123.5446,39.977],[-122.934,39.9781],[-122.9388,39.9913],[-122.9519,39.9988],[-122.9494,40.0121],[-122.9564,40.0199],[-122.9498,40.031],[-122.9542,40.0448],[-122.9489,40.0497],[-122.9509,40.0559],[-122.9616,40.0669],[-122.9684,40.0688],[-122.9682,40.0738],[-122.9732,40.0772],[-122.9673,40.0887],[-122.9614,40.0898],[-122.9637,40.0957],[-122.9611,40.1],[-122.9655,40.1113],[-122.9707,40.1157],[-122.9737,40.13],[-122.9686,40.139],[-122.9896,40.1451],[-122.9845,40.1535],[-122.9864,40.1594],[-122.9839,40.172],[-122.9701,40.1863],[-122.9747,40.1915],[-122.9711,40.1972],[-122.9782,40.2065],[-122.98,40.2147],[-122.9749,40.2307],[-122.9787,40.2346],[-122.9776,40.2413],[-122.9857,40.2488],[-123.0032,40.2531],[-123.0186,40.2628],[-123.0315,40.2648],[-123.0366,40.2613],[-123.0442,40.2643],[-123.0604,40.2773],[-123.066,40.2856],[-123.0648,40.2987],[-123.0686,40.3047],[-123.0673,40.3107],[-123.0617,40.3135],[-123.0645,40.3199],[-123.0626,40.322],[-123.0688,40.3322],[-123.064,40.3375],[-123.0655,40.3451],[-123.0569,40.3492],[-123.044,40.347],[-123.0401,40.362],[-123.0311,40.3636],[-123.0183,40.3724],[-123.0165,40.3856],[-122.9967,40.3964],[-122.9998,40.4036],[-122.9987,40.4181],[-122.9749,40.4196],[-122.961,40.426],[-122.9578,40.4214],[-122.9542,40.4215],[-122.9386,40.4289],[-122.9378,40.4369],[-122.927,40.4475],[-122.918,40.4499],[-122.9012,40.4455],[-122.8944,40.4547],[-122.8954,40.4597],[-122.8836,40.4748],[-122.8765,40.4804],[-122.8573,40.4823],[-122.8515,40.4859],[-122.8464,40.4935],[-122.8521,40.501],[-122.846,40.5052],[-122.8188,40.5111],[-122.8041,40.5105],[-122.7933,40.5145],[-122.7936,40.5234],[-122.7822,40.5319],[-122.7852,40.5409],[-122.7675,40.5551],[-122.7439,40.5538],[-122.7413,40.5641],[-122.7229,40.5749],[-122.7079,40.5697],[-122.6988,40.5693],[-122.6953,40.5725],[-122.6929,40.5805],[-122.7001,40.5857],[-122.7012,40.5958],[-122.7069,40.6055],[-122.7058,40.6103],[-122.7108,40.6132],[-122.7097,40.6312],[-122.7362,40.6363],[-122.727,40.6504],[-122.7338,40.657],[-122.7333,40.6623],[-122.7412,40.6654],[-122.7426,40.6788],[-122.7514,40.6851],[-122.7523,40.6894],[-122.7423,40.6952],[-122.7299,40.6922],[-122.7223,40.6955],[-122.7188,40.7078],[-122.7114,40.7107],[-122.7066,40.7253],[-122.7198,40.7394],[-122.7174,40.7472],[-122.7063,40.7495],[-122.7005,40.7589],[-122.6705,40.7728],[-122.6659,40.7818],[-122.6582,40.7876],[-122.6614,40.8005],[-122.6575,40.8019],[-122.6552,40.8082],[-122.6661,40.8259],[-122.6554,40.8416],[-122.6395,40.8453],[-122.6344,40.8613],[-122.6264,40.8671],[-122.6254,40.8792],[-122.6152,40.8811],[-122.6208,40.877],[-121.9441,40.8748],[-121.9373,41.1834],[-121.1287,41.1844],[-121.1282,41.1324],[-121.1029,41.1319],[-121.1052,40.998],[-120.642,40.9964],[-120.6413,40.7574],[-121.3211,40.7611],[-121.323,40.4976],[-121.3267,40.4976],[-121.3278,40.4454],[-121.0614,40.4465],[-121.0615,40.2564],[-121.0415,40.2565],[-121.0415,40.2348],[-121.0039,40.2349],[-121.0037,40.221],[-120.9462,40.2208],[-120.9472,40.2065],[-120.9279,40.2063],[-120.9286,40.1919],[-120.8906,40.1921],[-120.8905,40.1995],[-120.8718,40.1994],[-120.8718,40.2416],[-120.8531,40.2418],[-120.8532,40.2488],[-120.8436,40.2489],[-120.8435,40.256],[-120.8341,40.2562],[-120.8338,40.2707],[-120.815,40.2707],[-120.8146,40.2778],[-120.7965,40.2777],[-120.7966,40.3012],[-120.7726,40.3014],[-120.7726,40.3087],[-120.7644,40.3087],[-120.7651,40.3157],[-120.7266,40.3159],[-120.7263,40.3084],[-120.6522,40.3077],[-120.6521,40.3004],[-120.6422,40.3004],[-120.6421,40.2932],[-120.6226,40.2933],[-120.6225,40.2857],[-120.5766,40.2859],[-120.5765,40.2638],[-120.5482,40.2639],[-120.5482,40.2553],[-120.5529,40.2553],[-120.5519,40.112],[-120.5546,40.1111],[-120.5519,40.1067],[-120.5631,40.0976],[-120.5553,40.0935],[-120.5544,40.086],[-120.5397,40.0868],[-120.5537,40.0748],[-120.5513,40.0711],[-120.55,39.882],[-120.6214,39.8819],[-120.6914,39.9239],[-120.6954,39.9299],[-120.718,39.9343],[-120.7492,39.9655],[-120.7588,39.983],[-120.7753,39.9909],[-120.7764,39.9953],[-120.9553,39.9984],[-120.953,39.9926],[-120.944,39.9891],[-120.9359,39.9715],[-120.9586,39.9497],[-120.9468,39.9344],[-120.9251,39.9439],[-120.9045,39.9411],[-120.9058,39.9221],[-120.9547,39.9228],[-120.9544,39.8999],[-120.95,39.8971],[-120.9533,39.8813],[-120.948,39.8781],[-120.944,39.8802],[-120.936,39.8749],[-120.9356,39.8429],[-120.8983,39.8432],[-120.8981,39.8314],[-120.8604,39.8317],[-120.8603,39.8177],[-120.8242,39.8184],[-120.8148,39.8067],[-120.8142,39.8016],[-120.8185,39.8026],[-120.8198,39.7992],[-120.7982,39.7993],[-120.7981,39.7883],[-120.7668,39.7885],[-120.7666,39.7707],[-120.7442,39.7709],[-120.7421,39.7591],[-120.6334,39.7597],[-120.6332,39.7355],[-120.5502,39.7359],[-120.549,39.5769],[-120.3071,39.5777],[-120.3069,39.531],[-120.3449,39.5309],[-120.345,39.5489],[-120.5115,39.5483],[-120.5109,39.455],[-120.5054,39.4461],[-120.456,39.4461],[-120.4553,39.4189],[-120.3451,39.4183],[-120.3439,39.3617],[-120.3103,39.3612],[-120.3102,39.3404],[-120.3059,39.3359],[-120.3101,39.3365],[-120.3101,39.3324],[-120.302,39.3253],[-120.31,39.3228],[-120.31,39.3164],[-120.3293,39.3159],[-120.3347,39.3112],[-120.2973,39.2696],[-120.2875,39.2433],[-120.2899,39.2296],[-120.2838,39.2259],[-120.2845,39.2194],[-120.2724,39.2121],[-120.2525,39.1743],[-120.2677,39.134],[-120.2317,39.0716],[-120.2079,39.0464],[-120.2099,39.0342],[-120.2288,39.0309],[-120.1844,39.0308],[-120.2066,39.0197],[-120.2025,39.0089],[-120.1774,38.982],[-120.1706,38.9781],[-120.156,38.9803],[-120.1473,38.9695],[-120.1413,38.9666],[-120.1422,38.9481],[-120.1477,38.9414],[-120.1453,38.9364],[-120.1598,38.9264],[-120.1595,38.9187],[-120.1412,38.8894],[-120.1396,38.8701],[-120.123,38.8668],[-120.1106,38.8514],[-120.0741,38.8542],[-120.0508,38.8456],[-120.0348,38.8357],[-120.0357,38.8328],[-120.0146,38.8094],[-120.0067,38.7845],[-120.0329,38.7626],[-120.038,38.7514],[-120.0372,38.7388],[-120.0276,38.7279],[-119.9984,38.7094],[-119.9828,38.665],[-119.9782,38.663],[-119.9636,38.6734],[-119.9563,38.6728],[-119.9518,38.6569],[-119.9459,38.6493],[-119.9269,38.6491],[-119.9096,38.6305],[-119.9037,38.5935],[-119.8981,38.5911],[-119.863,38.5937],[-119.8455,38.5699],[-119.8416,38.5544],[-119.8214,38.5445],[-119.806,38.5466],[-119.7978,38.5347],[-119.7789,38.5283],[-119.7731,38.5206],[-119.7705,38.4884],[-119.545,38.488],[-119.5434,38.4784],[-119.5575,38.4668],[-119.5564,38.4475],[-119.5626,38.4386],[-119.57,38.4349],[-119.5658,38.4226],[-119.5614,38.4198],[-119.563,38.409],[-119.5837,38.3969],[-119.5924,38.3989],[-119.6012,38.4054],[-119.6221,38.3939],[-119.6184,38.3818],[-119.6066,38.3672],[-119.617,38.3646],[-119.6356,38.3539],[-119.6279,38.3481],[-119.6321,38.3442],[-119.635,38.329],[-119.6448,38.3216],[-119.6425,38.2938],[-119.6515,38.2865],[-119.6428,38.2785],[-119.6378,38.2784],[-119.6302,38.2687],[-119.6128,38.262],[-119.6127,38.2585],[-119.6217,38.2519],[-119.614,38.2428],[-119.6046,38.2388],[-119.6049,38.2342],[-119.6244,38.2287],[-119.6235,38.2204],[-119.6267,38.2194],[-119.6271,38.2132],[-119.625,38.2069],[-119.6309,38.2039],[-119.6327,38.1989],[-119.6195,38.1911],[-119.6056,38.1884],[-119.5983,38.1816],[-119.5923,38.1851],[-119.5856,38.1844],[-119.5786,38.1769],[-119.5813,38.1725],[-119.5765,38.1577],[-119.5667,38.1572],[-119.5638,38.154],[-119.5469,38.1544],[-119.5468,38.1433],[-119.5312,38.1445],[-119.5155,38.1374],[-119.5065,38.1371],[-119.5078,38.1526],[-119.5018,38.1593],[-119.4959,38.1561],[-119.497,38.1493],[-119.4891,38.1434],[-119.4871,37.9194],[-119.4826,37.9169],[-119.4868,37.9097],[-119.4869,37.8653],[-119.4743,37.856],[-119.4703,37.8634],[-119.4542,37.8711],[-119.442,37.8679],[-119.4427,37.8602],[-119.4268,37.8667],[-119.422,37.8577],[-119.4073,37.8549],[-119.4027,37.8352],[-119.3926,37.8379],[-119.3837,37.8365],[-119.3798,37.8409],[-119.3755,37.8409],[-119.3726,37.8329],[-119.3514,37.8255],[-119.355,37.8118],[-119.3319,37.7992],[-119.327,37.7994],[-119.3218,37.794],[-119.3112,37.7935],[-119.3105,37.7856],[-119.3073,37.7828],[-119.3112,37.7786],[-119.2934,37.7679],[-119.2941,37.7597],[-119.2891,37.755],[-119.2884,37.745],[-119.2694,37.7396],[-119.2612,37.7327],[-119.2579,37.7246],[-119.251,37.7302],[-119.243,37.7285],[-119.2306,37.721],[-119.23,37.7174],[-119.2163,37.7141],[-119.1997,37.7358],[-119.1925,37.738],[-119.1863,37.7365],[-119.1837,37.7395],[-119.1771,37.7348],[-119.1674,37.7382],[-119.1479,37.7328],[-119.138,37.7361],[-119.1243,37.7339],[-119.1097,37.7247],[-119.0931,37.7036],[-119.0734,37.6929],[-119.0651,37.6845],[-119.0594,37.6651],[-119.0611,37.6571],[-119.0543,37.6512],[-119.0546,37.6451],[-119.0326,37.6305],[-119.0308,37.6222],[-119.0344,37.6035],[-119.0224,37.5857],[-119.2867,37.3749],[-119.3131,37.3516],[-119.3153,37.3474],[-119.3122,37.3397],[-119.3251,37.3365],[-119.3252,37.3332],[-119.3156,37.3257],[-119.3181,37.3214],[-119.3245,37.3208],[-119.335,37.3119],[-119.3269,37.2929],[-119.3321,37.2749],[-119.3265,37.2702],[-119.3221,37.2531],[-119.3234,37.2446],[-119.3311,37.24],[-119.3339,37.2238],[-119.3378,37.219],[-119.3307,37.2152],[-119.33,37.2071],[-119.343,37.1894],[-119.3595,37.1816],[-119.3626,37.1671],[-119.3747,37.1642],[-119.3752,37.1576],[-119.3844,37.1538],[-119.3863,37.1498],[-119.3998,37.1498],[-119.4064,37.0917],[-119.3334,37.0917],[-119.3253,37.0689],[-119.2244,37.0671],[-119.0827,37.0585],[-119.0814,37.1879],[-118.6691,37.1898],[-118.6642,37.1781],[-118.6726,37.1673],[-118.6665,37.1614],[-118.6672,37.1546],[-118.6567,37.1472],[-118.6546,37.1418],[-118.6413,37.1372],[-118.6295,37.1374],[-118.6134,37.143],[-118.5996,37.1365],[-118.5927,37.1381],[-118.5831,37.1224],[-118.569,37.1226],[-118.5684,37.1153],[-118.5641,37.1132],[-118.5451,37.1154],[-118.5309,37.1112],[-118.5298,37.1051],[-118.5221,37.0984],[-118.5119,37.0928],[-118.5031,37.0952],[-118.4927,37.0875],[-118.4866,37.0774],[-118.4711,37.0727],[-118.4673,37.0667],[-118.449,37.0691],[-118.4371,37.0598],[-118.435,37.0497],[-118.4417,37.045],[-118.4392,37.039],[-118.4295,37.0339],[-118.4228,37.0258],[-118.4231,37.0169],[-118.428,37.0112],[-118.4122,36.9983],[-118.4189,36.9948],[-118.4195,36.9874],[-118.4111,36.9829],[-118.4095,36.9752],[-118.4044,36.972],[-118.4047,36.9575],[-118.3966,36.9573],[-118.3884,36.9455],[-118.3815,36.9259],[-118.3674,36.907],[-118.3692,36.8984],[-118.3608,36.8877],[-118.3671,36.8814],[-118.3702,36.8717],[-118.3662,36.8689],[-118.3656,36.8623],[-118.3622,36.8614],[-118.3622,36.844],[-118.3715,36.8361],[-118.3898,36.8345],[-118.3937,36.8297],[-118.3911,36.821],[-118.374,36.8002],[-118.3728,36.7945],[-118.3802,36.7822],[-118.372,36.767],[-118.3747,36.7641],[-118.3692,36.75],[-118.3509,36.7407],[-118.3396,36.729],[-118.336,36.7163],[-118.3355,36.7044],[-118.3467,36.6965],[-118.361,36.6951],[-118.3664,36.6912],[-118.352,36.6829],[-118.3475,36.6723],[-118.336,36.672],[-118.3514,36.6691],[-118.3737,36.6867],[-118.3868,36.6881],[-118.4425,36.6713],[-118.456,36.6634],[-118.4738,36.6428],[-118.4928,36.6121],[-118.507,36.5974],[-118.5271,36.5842],[-118.5708,36.5913],[-118.5778,36.6043],[-118.5968,36.6138],[-118.6617,36.6326],[-118.7033,36.6661],[-118.7153,36.6718],[-118.7925,36.6697],[-118.8195,36.6578],[-118.838,36.6405],[-118.8757,36.6254],[-118.9186,36.5935],[-118.9186,36.5846],[-118.9104,36.578],[-118.9497,36.5769],[-118.9509,36.5671],[-119.0226,36.5695],[-119.0135,36.5752],[-119.0647,36.5738],[-119.0625,36.4762],[-119.0797,36.476],[-119.0792,36.4633],[-119.1245,36.4606],[-119.1216,36.4131],[-119.1587,36.4123],[-119.219,36.4684],[-119.2387,36.4672],[-119.2404,36.4763],[-119.2864,36.4757],[-119.2866,36.4602],[-119.2954,36.4605],[-119.2951,36.4756],[-119.3286,36.4751],[-119.3289,36.4419],[-119.3864,36.4415],[-119.3906,36.4272],[-119.4224,36.426],[-119.4326,36.4157],[-119.4543,36.4104],[-119.4559,36.4047],[-119.4619,36.4045],[-119.4606,36.3958],[-119.4849,36.3815],[-119.5223,36.3802],[-119.5247,36.3672],[-119.5926,36.3641],[-119.6046,36.3763],[-119.6364,36.3771],[-119.6377,36.3684],[-119.7293,36.3666],[-119.7269,36.3281],[-119.7179,36.3281],[-119.718,36.3141],[-119.7212,36.3136],[-119.7161,36.3134],[-119.714,36.3101],[-119.7091,36.3105],[-119.709,36.3136],[-119.7016,36.3116],[-119.7038,36.3105],[-119.7022,36.3057],[-119.7153,36.3057],[-119.7144,36.2985],[-119.7272,36.2984],[-119.727,36.2838],[-119.7303,36.2838],[-119.7304,36.2736],[-119.5649,36.2761],[-119.5578,36.2651],[-119.5652,36.2556],[-119.5604,36.2473],[-119.565,36.2282],[-119.5636,36.206],[-119.5281,36.2047],[-119.5286,36.1605],[-119.5166,36.1603],[-119.5159,36.1495],[-119.4809,36.1488],[-119.4804,36.1288],[-119.4907,36.1291],[-119.4903,36.1088],[-119.4737,36.1076],[-119.4737,36.0797],[-119.45,36.0799],[-119.4439,36.0839],[-119.4446,36.08],[-119.4204,36.08],[-119.4204,36.0727],[-119.4291,36.0727],[-119.429,36.0584],[-119.4113,36.0583],[-119.4112,36.0511],[-119.4288,36.051],[-119.4282,36.0075],[-119.4336,36.0074],[-119.4329,35.9929],[-119.429,35.9929],[-119.4291,35.9858],[-119.4325,35.9858],[-119.4313,35.961],[-119.3799,35.9608],[-119.379,35.9327],[-119.3645,35.9168],[-119.3575,35.7612],[-119.3456,35.7612],[-119.3379,35.7391],[-119.2947,35.7401],[-119.2931,35.7324],[-119.2784,35.7332],[-119.2604,35.7182],[-119.2546,35.7179],[-119.2545,35.7036],[-119.2312,35.7054],[-119.2187,35.6521],[-118.8129,35.6605],[-118.8086,35.4417],[-118.7145,35.4413],[-118.7104,35.2756],[-118.6974,35.2685],[-118.6812,35.27],[-118.6689,35.267],[-118.6726,35.2488],[-118.6994,35.2348],[-118.7091,35.2235],[-118.7079,35.1758],[-118.7195,35.1767],[-118.7237,35.1614],[-118.7406,35.1619],[-118.7394,35.1312],[-118.7022,35.083],[-118.6281,35.0409],[-118.644,35.033],[-118.6491,34.9138],[-118.6516,34.9146],[-118.6627,34.8951],[-118.7076,34.8771],[-118.7634,34.8623],[-118.7708,34.8528],[-118.7949,34.8348],[-118.7915,34.819],[-118.8126,34.8183],[-118.8881,34.8296],[-118.8872,34.848],[-119.0339,34.8486],[-119.0343,34.8757],[-119.3825,34.8797],[-119.3822,34.9009],[-119.4421,34.9013],[-119.4414,34.7326],[-119.7624,34.7334],[-119.757,34.5973],[-119.798,34.5535],[-119.8674,34.5424],[-119.8631,34.5294],[-120.1408,34.5233],[-120.1411,34.5123],[-120.1594,34.5105],[-120.1818,34.5162],[-120.18,34.5084],[-120.2239,34.4979],[-120.3035,34.4667],[-120.3422,34.4586],[-120.4124,34.4541],[-120.4232,34.4494],[-120.4427,34.4515],[-120.4529,34.4459],[-120.4524,34.4423],[-120.4626,34.4485],[-120.472,34.4483],[-120.4798,34.4793],[-120.4972,34.4956],[-120.5033,34.5103],[-120.5154,34.5253],[-120.5418,34.5393],[-120.554,34.5411],[-120.5787,34.5556],[-120.6047,34.5569],[-120.6124,34.5537],[-120.6244,34.5539],[-120.6395,34.5637],[-120.6385,34.5727],[-120.6503,34.5771],[-120.6454,34.5803],[-120.6458,34.5877],[-120.6397,34.5964],[-120.6426,34.6046],[-120.6374,34.6081],[-120.6043,34.6926],[-120.591,34.6888],[-120.5832,34.6918],[-120.5913,34.6901],[-120.5942,34.6929],[-120.6027,34.6929],[-120.602,34.7102],[-120.607,34.7144],[-120.6163,34.7336],[-120.6259,34.7383],[-120.6316,34.7533],[-120.6383,34.7557],[-120.6198,34.8052],[-120.6112,34.8409],[-120.6111,34.8584],[-120.6167,34.8672],[-120.6391,34.8804],[-120.64,34.8894],[-120.6469,34.9004],[-120.6717,34.9027],[-120.6642,34.9251],[-120.667,34.9299],[-120.6623,34.9342],[-120.6511,34.9681],[-120.6454,34.9638],[-120.6455,34.9726],[-120.6503,34.97],[-120.6367,35.0179],[-120.6312,35.0525],[-120.6318,35.1039],[-120.6377,35.1256],[-120.648,35.144],[-120.6626,35.1534],[-120.6751,35.1531],[-120.705,35.1736],[-120.7147,35.1759],[-120.7252,35.1742],[-120.7377,35.1784],[-120.7392,35.1803],[-120.7351,35.1827],[-120.7307,35.1823],[-120.7333,35.1835],[-120.7396,35.1808],[-120.7386,35.1784],[-120.7559,35.1737],[-120.7561,35.1601],[-120.7499,35.1559],[-120.7784,35.1677],[-120.7886,35.1789],[-120.794,35.1786],[-120.8229,35.1943],[-120.8461,35.2022],[-120.8496,35.2062],[-120.8571,35.206],[-120.8589,35.2089],[-120.8565,35.2113],[-120.862,35.2138],[-120.8593,35.2158],[-120.8693,35.2188],[-120.8751,35.2288],[-120.8974,35.2473],[-120.8951,35.2494],[-120.8997,35.2552],[-120.8932,35.2649],[-120.8961,35.271],[-120.8949,35.274],[-120.8887,35.2742],[-120.8897,35.2794],[-120.8813,35.2905],[-120.8698,35.3186],[-120.8624,35.3504],[-120.8631,35.3606],[-120.8674,35.3613],[-120.8624,35.3614],[-120.863,35.3683],[-120.8571,35.3658],[-120.8544,35.3594],[-120.8587,35.3572],[-120.8577,35.3358],[-120.8668,35.3113],[-120.8644,35.3155],[-120.8484,35.3189],[-120.85,35.3218],[-120.8414,35.3224],[-120.8404,35.326],[-120.8447,35.3289],[-120.8425,35.3323],[-120.8336,35.3312],[-120.8285,35.3379],[-120.8243,35.3373],[-120.8417,35.34],[-120.838,35.3433],[-120.8424,35.3413],[-120.8446,35.3452],[-120.8398,35.3451],[-120.8448,35.3464],[-120.8456,35.3536],[-120.859,35.3716],[-120.8688,35.3669],[-120.8701,35.3627],[-120.8698,35.3711],[-120.8663,35.3707],[-120.8647,35.3743],[-120.8671,35.3923],[-120.8744,35.4132],[-120.8878,35.4334],[-120.9069,35.4489],[-120.9405,35.4462],[-120.9506,35.448],[-120.9518,35.4522],[-120.9692,35.4602],[-120.9781,35.4589],[-120.9927,35.4638],[-120.9975,35.4604],[-121.0053,35.4618],[-121.0231,35.4802],[-121.0232,35.4839],[-121.0385,35.4907],[-121.0485,35.5047],[-121.0618,35.5112],[-121.102,35.5492],[-121.1039,35.5581],[-121.1144,35.5763],[-121.1216,35.5816],[-121.1266,35.5942],[-121.1432,35.605],[-121.1484,35.6147],[-121.1546,35.618],[-121.1566,35.6241],[-121.169,35.6368],[-121.19,35.6429],[-121.1954,35.6409],[-121.1947,35.6343],[-121.2219,35.6519],[-121.2421,35.6525],[-121.2559,35.6618],[-121.2675,35.6636],[-121.2704,35.6667],[-121.2859,35.6641],[-121.2853,35.6734],[-121.29,35.691],[-121.3166,35.7138],[-121.3131,35.7202],[-121.3186,35.7286],[-121.3152,35.7313],[-121.3188,35.7453],[-121.3159,35.7509],[-121.3186,35.7566],[-121.3277,35.7598],[-121.3245,35.7629],[-121.3254,35.7701],[-121.332,35.7825],[-121.3569,35.804],[-121.3737,35.8118],[-121.3745,35.8156],[-121.3907,35.8255],[-121.4135,35.8564],[-121.4398,35.867],[-121.4649,35.889],[-121.461,35.8959],[-121.4653,35.9003],[-121.463,35.9037],[-121.4752,35.9201],[-121.4695,35.9219],[-121.4687,35.9265],[-121.4766,35.931],[-121.4754,35.9368],[-121.4801,35.9439],[-121.4797,35.9489],[-121.4829,35.9496],[-121.4862,35.9714],[-121.502,35.999],[-121.5124,36.0071],[-121.5197,36.0074],[-121.5322,36.0145],[-121.5674,36.0197],[-121.573,36.0233],[-121.5819,36.0406],[-121.5915,36.0493],[-121.5892,36.0535],[-121.5926,36.0565],[-121.5926,36.0649],[-121.6069,36.0721],[-121.6193,36.0866],[-121.6218,36.0994],[-121.6324,36.1144],[-121.6333,36.1212],[-121.645,36.1279],[-121.6595,36.1466],[-121.6732,36.1567],[-121.6749,36.1619],[-121.6987,36.1749],[-121.7016,36.1812],[-121.7164,36.1946],[-121.746,36.2101],[-121.7534,36.2107],[-121.7793,36.2273],[-121.7875,36.2281],[-121.7998,36.2349],[-121.811,36.2335],[-121.8205,36.241],[-121.8265,36.242],[-121.8294,36.2469],[-121.838,36.2496],[-121.8357,36.251],[-121.8368,36.256],[-121.8518,36.2777],[-121.8591,36.282],[-121.8631,36.2808],[-121.8866,36.3021],[-121.8966,36.3052],[-121.8996,36.303],[-121.9025,36.3061],[-121.8957,36.3161],[-121.8967,36.3273],[-121.8929,36.3411],[-121.9076,36.3573],[-121.9026,36.364],[-121.9033,36.3714],[-121.9078,36.374],[-121.9018,36.3814],[-121.9057,36.3909],[-121.9031,36.3935],[-121.9147,36.4033],[-121.9125,36.4066],[-121.917,36.4105],[-121.9146,36.4123],[-121.9177,36.4169],[-121.9145,36.4256],[-121.9298,36.449],[-121.9299,36.4533],[-121.9252,36.4541],[-121.9256,36.4594],[-121.9371,36.4722],[-121.9418,36.4891],[-121.9463,36.4902],[-121.9369,36.498],[-121.9405,36.5009],[-121.9379,36.5048],[-121.9434,36.508],[-121.9422,36.5118],[-121.9538,36.5178],[-121.9511,36.5195],[-121.9553,36.5231],[-121.9495,36.5211],[-121.9476,36.5238],[-121.9381,36.5189],[-121.9373,36.5234],[-121.9255,36.5252],[-121.9287,36.5373],[-121.934,36.5435],[-121.93,36.5461],[-121.93,36.5526],[-121.9355,36.562],[-121.9407,36.561],[-121.9417,36.566],[-121.9504,36.567],[-121.9526,36.5606],[-121.971,36.5696],[-121.9786,36.5815],[-121.9754,36.5801],[-121.9748,36.5832],[-121.9688,36.5824],[-121.9655,36.5854],[-121.9592,36.609],[-121.9504,36.6094],[-121.9432,36.616],[-121.9379,36.6291],[-121.939,36.6345],[-121.9357,36.6374],[-121.9241,36.6348],[-121.914,36.6231],[-121.9039,36.6218],[-121.8937,36.6094],[-121.8929,36.603],[-121.89,36.602],[-121.8897,36.6059],[-121.8897,36.6015],[-121.8688,36.6058],[-121.8494,36.6215],[-121.8318,36.645],[-121.8145,36.6828],[-121.8073,36.7141],[-121.8053,36.7508],[-121.7894,36.7354],[-121.8052,36.7512],[-121.7896,36.8058],[-121.7865,36.8078],[-121.7859,36.8048],[-121.7914,36.7898],[-121.7871,36.7997],[-121.7839,36.8001],[-121.7848,36.8094],[-121.767,36.8147],[-121.7625,36.8117],[-121.746,36.8155],[-121.7447,36.8119],[-121.7391,36.8346],[-121.7449,36.8412],[-121.7524,36.8423],[-121.7585,36.8473],[-121.7596,36.856],[-121.7551,36.8565],[-121.7585,36.8574],[-121.759,36.847],[-121.7424,36.8374],[-121.7467,36.8189],[-121.7628,36.8137],[-121.7674,36.8173],[-121.7708,36.8135],[-121.786,36.8103],[-121.7867,36.8183],[-121.7905,36.8206],[-121.7913,36.8179],[-121.7875,36.8169],[-121.7896,36.8078],[-121.8103,36.8491],[-121.8051,36.8451],[-121.8075,36.8517],[-121.8023,36.8564],[-121.8118,36.8521],[-121.8627,36.9314],[-121.8819,36.9513],[-121.9067,36.9681],[-121.9055,36.9716],[-121.9079,36.9687],[-121.9365,36.9782],[-121.9499,36.9713],[-121.955,36.975],[-121.9517,36.9712],[-121.9654,36.9591],[-121.9762,36.9541],[-121.9864,36.9599],[-122.0013,36.9613],[-122.0025,36.9682],[-121.9992,36.9736],[-122.0035,36.9676],[-122.0018,36.9605],[-122.0121,36.9631],[-122.0135,36.9681],[-122.0183,36.9683],[-122.0125,36.9643],[-122.0251,36.9605],[-122.0265,36.9503],[-122.0408,36.9529],[-122.0466,36.9493],[-122.066,36.9481],[-122.0777,36.9531],[-122.106,36.9562],[-122.1226,36.966],[-122.1347,36.9669],[-122.1439,36.977],[-122.153,36.9762],[-122.1621,36.9878],[-122.169,36.9885],[-122.1707,36.9932],[-122.1829,36.998],[-122.1817,37.0007],[-122.1859,37.0012],[-122.1853,37.0037],[-122.2061,37.014],[-122.217,37.0249],[-122.2231,37.025],[-122.2303,37.0405],[-122.2537,37.0601],[-122.2562,37.0674],[-122.2645,37.0779],[-122.268,37.0774],[-122.2691,37.0839],[-122.2858,37.1025],[-122.3082,37.117],[-122.3139,37.118],[-122.3295,37.1123],[-122.3321,37.1169],[-122.3375,37.1177],[-122.3379,37.136],[-122.3458,37.1453],[-122.3612,37.1493],[-122.3619,37.1634],[-122.3672,37.1731],[-122.3793,37.1812],[-122.3949,37.1817],[-122.3982,37.1919],[-122.4051,37.1959],[-122.409,37.2254],[-122.4191,37.2416],[-122.4066,37.2915],[-122.4042,37.3224],[-122.4022,37.3212],[-122.4026,37.3612],[-122.4082,37.3642],[-122.409,37.3756],[-122.4229,37.3922],[-122.4277,37.4099],[-122.4318,37.4112],[-122.443,37.4328],[-122.4477,37.4703],[-122.4555,37.487],[-122.4656,37.4974],[-122.4792,37.5031],[-122.4923,37.5022],[-122.496,37.4996],[-122.4953,37.4956],[-122.4994,37.4955],[-122.4987,37.5009],[-122.5118,37.5131],[-122.5181,37.5241],[-122.5199,37.5361],[-122.5134,37.5535],[-122.5146,37.5663],[-122.5181,37.5675],[-122.5175,37.573],[-122.5206,37.5741],[-122.5176,37.5913],[-122.5256,37.5956],[-122.5151,37.5957],[-122.515,37.5986],[-122.5072,37.596],[-122.5011,37.6005],[-122.502,37.6074],[-122.497,37.6122],[-122.4991,37.6203],[-122.4953,37.626],[-122.4941,37.6484],[-122.4965,37.6829],[-122.5053,37.7189],[-122.5146,37.781],[-122.506,37.7882],[-122.486,37.7903],[-122.4778,37.811],[-122.4634,37.8048],[-122.4401,37.8088],[-122.4471,37.8054],[-122.4327,37.8057],[-122.4326,37.8085],[-122.4267,37.8081],[-122.4248,37.8108],[-122.4265,37.8081],[-122.424,37.8066],[-122.4211,37.8084],[-122.4228,37.8102],[-122.4164,37.8082],[-122.4204,37.8115],[-122.4105,37.8088],[-122.4104,37.8114],[-122.4053,37.8069],[-122.4044,37.8088],[-122.4053,37.8069],[-122.4004,37.8072],[-122.401,37.8035],[-122.3982,37.8043],[-122.3997,37.8021],[-122.3957,37.8015],[-122.3968,37.7989],[-122.3943,37.8001],[-122.3966,37.7987],[-122.3931,37.7983],[-122.3947,37.7966],[-122.3853,37.7898],[-122.3874,37.7872],[-122.3843,37.7857],[-122.3876,37.7854],[-122.3847,37.7826],[-122.3878,37.7823],[-122.3855,37.7816],[-122.3874,37.7784],[-122.3852,37.7784],[-122.3987,37.7702],[-122.3899,37.7766],[-122.3819,37.7746],[-122.3815,37.7719],[-122.3868,37.7733],[-122.3831,37.7698],[-122.3856,37.7702],[-122.3871,37.7636],[-122.3818,37.7624],[-122.381,37.7648],[-122.3818,37.7599],[-122.3796,37.7635],[-122.3807,37.7552],[-122.3841,37.7546],[-122.3761,37.7522],[-122.3758,37.7487],[-122.3929,37.7475],[-122.3752,37.747],[-122.3677,37.7401],[-122.3735,37.7386],[-122.3674,37.7383],[-122.3763,37.7385],[-122.3755,37.7328],[-122.3721,37.7342],[-122.357,37.7286],[-122.3618,37.7252],[-122.358,37.7246],[-122.3655,37.7254],[-122.3601,37.7216],[-122.3639,37.7221],[-122.3593,37.7193],[-122.3637,37.7191],[-122.3588,37.7158],[-122.3628,37.7179],[-122.3603,37.7143],[-122.3743,37.7188],[-122.3769,37.724],[-122.3807,37.7217],[-122.3867,37.7244],[-122.3761,37.7161],[-122.3801,37.7107],[-122.3744,37.7087],[-122.3861,37.71],[-122.3941,37.7075],[-122.3878,37.6785],[-122.3811,37.6773],[-122.381,37.6727],[-122.3873,37.6717],[-122.3952,37.6649],[-122.3859,37.665],[-122.386,37.6676],[-122.3813,37.6682],[-122.3828,37.6632],[-122.3743,37.662],[-122.38,37.66],[-122.3758,37.6549],[-122.3802,37.6481],[-122.3918,37.6468],[-122.3967,37.6411],[-122.3931,37.6392],[-122.3906,37.6449],[-122.3891,37.64],[-122.3837,37.64],[-122.3789,37.6354],[-122.3842,37.6353],[-122.3881,37.6393],[-122.4033,37.6352],[-122.3965,37.6137],[-122.393,37.6145],[-122.3819,37.6041],[-122.376,37.6052],[-122.3688,37.6019],[-122.3605,37.592],[-122.3344,37.5921],[-122.3331,37.5878],[-122.3145,37.5923],[-122.3183,37.591],[-122.3177,37.5868],[-122.3173,37.5904],[-122.3168,37.5869],[-122.3137,37.5898],[-122.3165,37.5845],[-122.3056,37.5748],[-122.2968,37.5755],[-122.293,37.5678],[-122.2865,37.567],[-122.2931,37.5639],[-122.2909,37.5601],[-122.293,37.557],[-122.29,37.5526],[-122.2835,37.5528],[-122.2858,37.5492],[-122.278,37.5432],[-122.2799,37.5374],[-122.2773,37.5337],[-122.277,37.5439],[-122.2844,37.5494],[-122.282,37.5534],[-122.2877,37.553],[-122.2921,37.5567],[-122.2891,37.5597],[-122.2923,37.5634],[-122.2862,37.5625],[-122.2852,37.5669],[-122.2939,37.5721],[-122.2847,37.5758],[-122.2734,37.5702],[-122.2626,37.5739],[-122.2514,37.5682],[-122.245,37.5571],[-122.2524,37.5462],[-122.251,37.5406],[-122.2592,37.5409],[-122.2604,37.5338],[-122.2662,37.5338],[-122.2693,37.5288],[-122.2652,37.5336],[-122.2589,37.5297],[-122.2594,37.5397],[-122.2505,37.5399],[-122.2512,37.5463],[-122.2468,37.5503],[-122.2256,37.5475],[-122.232,37.5356],[-122.2437,37.5299],[-122.2487,37.5203],[-122.2442,37.5047],[-122.244,37.5077],[-122.2366,37.5079],[-122.2196,37.4995],[-122.2227,37.499],[-122.2195,37.4983],[-122.2205,37.4963],[-122.2269,37.4942],[-122.2271,37.4889],[-122.2261,37.4942],[-122.2148,37.4952],[-122.2187,37.496],[-122.2219,37.5034],[-122.2157,37.5054],[-122.2112,37.5016],[-122.214,37.5035],[-122.2053,37.5181],[-122.1945,37.5141],[-122.1973,37.5117],[-122.1923,37.5119],[-122.1934,37.5141],[-122.1891,37.5124],[-122.1981,37.5076],[-122.1985,37.5022],[-122.195,37.5077],[-122.1906,37.5023],[-122.1777,37.5033],[-122.1781,37.4981],[-122.1728,37.4962],[-122.1531,37.4975],[-122.1564,37.5009],[-122.1401,37.5072],[-122.1305,37.5034],[-122.125,37.4873],[-122.1253,37.4774],[-122.1214,37.4772],[-122.1231,37.4739],[-122.1204,37.4676],[-122.1159,37.4661],[-122.1236,37.4612],[-122.1219,37.4537],[-122.1284,37.4518],[-122.1427,37.4581],[-122.1525,37.4578],[-122.1572,37.4534],[-122.1651,37.453],[-122.1905,37.4312],[-122.1899,37.4289],[-122.1821,37.4347],[-122.1749,37.431],[-122.1676,37.4434],[-122.1492,37.4278],[-122.1573,37.4181],[-122.1496,37.414],[-122.1567,37.4054],[-122.1522,37.4051],[-122.1519,37.3943],[-122.1678,37.4003],[-122.1702,37.3902],[-122.1855,37.3877],[-122.1834,37.3846],[-122.1887,37.3847],[-122.1863,37.3799],[-122.1929,37.3798],[-122.1959,37.3729],[-122.2007,37.3722],[-122.2026,37.3621],[-122.195,37.347],[-122.1752,37.3253],[-122.1829,37.3273],[-122.1929,37.3181],[-122.1866,37.3156],[-122.183,37.3099],[-122.1708,37.312],[-122.1621,37.3042],[-122.1636,37.2941],[-122.1522,37.2913],[-122.1519,37.2944],[-122.1351,37.2937],[-122.1322,37.3305],[-122.1461,37.3306],[-122.1461,37.3278],[-122.1501,37.3278],[-122.1502,37.3236],[-122.1601,37.3234],[-122.1601,37.331],[-122.1685,37.3308],[-122.1681,37.3382],[-122.1724,37.3381],[-122.1722,37.3528],[-122.1653,37.3535],[-122.169,37.3569],[-122.1676,37.3588],[-122.1757,37.3587],[-122.1688,37.3633],[-122.1726,37.3644],[-122.1684,37.3761],[-122.1713,37.3789],[-122.1697,37.392],[-122.1668,37.396],[-122.1492,37.3924],[-122.1415,37.3953],[-122.1339,37.3908],[-122.1306,37.3942],[-122.1262,37.3884],[-122.1294,37.3959],[-122.12,37.4065],[-122.1179,37.4045],[-122.1128,37.4076],[-122.1173,37.4106],[-122.1156,37.4126],[-122.1084,37.4081],[-122.1021,37.4156],[-122.1017,37.4219],[-122.0925,37.4211],[-122.0951,37.423],[-122.0902,37.4238],[-122.0932,37.4253],[-122.0947,37.423],[-122.1005,37.4308],[-122.0993,37.4375],[-122.0936,37.4414],[-122.0951,37.4458],[-122.0903,37.4473],[-122.0911,37.4515],[-122.0898,37.4493],[-122.0863,37.4507],[-122.0903,37.4524],[-122.0803,37.4516],[-122.0781,37.4483],[-122.0687,37.4502],[-122.0603,37.4454],[-122.0348,37.4524],[-122.0401,37.4555],[-122.0335,37.4611],[-122.0239,37.4626],[-122.0211,37.4604],[-122.0225,37.464],[-122.01,37.4672],[-122.0381,37.4631],[-122.0502,37.4663],[-122.0556,37.4901],[-122.0464,37.4929],[-122.0831,37.5021],[-122.0844,37.5045],[-122.0781,37.5089],[-122.0845,37.5046],[-122.0853,37.5098],[-122.0874,37.503],[-122.0996,37.4988],[-122.1086,37.5023],[-122.1143,37.5343],[-122.1292,37.5569],[-122.1302,37.5636],[-122.1334,37.5628],[-122.1464,37.5837],[-122.1486,37.5939],[-122.1448,37.5941],[-122.1476,37.5949],[-122.146,37.6069],[-122.1499,37.6163],[-122.1559,37.6168],[-122.1506,37.6192],[-122.1529,37.6361],[-122.1478,37.6373],[-122.153,37.6382],[-122.1562,37.6445],[-122.155,37.6492],[-122.1627,37.6703],[-122.1839,37.6907],[-122.1676,37.6911],[-122.188,37.6904],[-122.1916,37.6942],[-122.1863,37.6908],[-122.187,37.6958],[-122.1923,37.6955],[-122.1894,37.6983],[-122.1943,37.6955],[-122.1905,37.7044],[-122.2015,37.7055],[-122.2023,37.7121],[-122.1962,37.7143],[-122.1997,37.7136],[-122.2051,37.7183],[-122.2021,37.7218],[-122.2029,37.7265],[-122.2093,37.7299],[-122.2109,37.7402],[-122.2175,37.7478],[-122.2076,37.7421],[-122.2124,37.7492],[-122.2094,37.7519],[-122.2168,37.7563],[-122.2177,37.7607],[-122.2222,37.7586],[-122.2262,37.7672],[-122.2419,37.776],[-122.2434,37.7837],[-122.2474,37.7865],[-122.2584,37.7858],[-122.2614,37.7869],[-122.259,37.7895],[-122.2628,37.7876],[-122.2646,37.7897],[-122.25,37.8086],[-122.2588,37.8046],[-122.2621,37.8104],[-122.2596,37.7965],[-122.267,37.7891],[-122.2798,37.7956],[-122.3027,37.7936],[-122.3025,37.7982],[-122.3101,37.8082],[-122.2987,37.8189],[-122.3038,37.8223],[-122.3151,37.8106],[-122.3413,37.8036],[-122.3426,37.8058],[-122.3329,37.8111],[-122.3229,37.8102],[-122.3133,37.8192],[-122.3086,37.8188],[-122.3123,37.8222],[-122.3188,37.8187],[-122.3301,37.8214],[-122.3179,37.8247],[-122.316,37.8278],[-122.3055,37.826],[-122.295,37.8292],[-122.2989,37.8371],[-122.3152,37.8372],[-122.3144,37.8425],[-122.3108,37.8424],[-122.3144,37.8398],[-122.3124,37.8373],[-122.2979,37.8415],[-122.299,37.8457],[-122.3023,37.8456],[-122.3004,37.853],[-122.3036,37.8625],[-122.3061,37.8629],[-122.306,37.8596],[-122.3065,37.8657],[-122.3151,37.8626],[-122.3158,37.859],[-122.3176,37.8628],[-122.3271,37.8596],[-122.3177,37.8629],[-122.3179,37.8662],[-122.3116,37.8652],[-122.3151,37.869],[-122.3185,37.8671],[-122.3247,37.8745],[-122.3185,37.8758],[-122.3132,37.8695],[-122.3071,37.8706],[-122.3173,37.8893],[-122.3252,37.8879],[-122.3278,37.8915],[-122.3139,37.8918],[-122.3096,37.8882],[-122.3098,37.8934],[-122.3156,37.8988],[-122.3222,37.8954],[-122.3249,37.897],[-122.3252,37.9012],[-122.3188,37.9034],[-122.3252,37.9016],[-122.3217,37.9052],[-122.3265,37.9082],[-122.352,37.9077],[-122.3459,37.9096],[-122.3459,37.9126],[-122.3507,37.915],[-122.3545,37.914],[-122.3545,37.9095],[-122.3607,37.9095],[-122.3626,37.9208],[-122.363,37.9185],[-122.3671,37.9196],[-122.3664,37.9245],[-122.3683,37.9206],[-122.3729,37.9247],[-122.3769,37.9235],[-122.3659,37.9175],[-122.3638,37.905],[-122.3764,37.9094],[-122.3818,37.9077],[-122.3771,37.9084],[-122.3804,37.9113],[-122.3818,37.9083],[-122.3818,37.9115],[-122.3842,37.9086],[-122.3907,37.9094],[-122.3866,37.9209],[-122.3968,37.9295],[-122.4007,37.928],[-122.4013,37.9314],[-122.4097,37.9318],[-122.4136,37.9365],[-122.4112,37.9427],[-122.4223,37.9466],[-122.4185,37.9524],[-122.4292,37.9619],[-122.4289,37.9653],[-122.4128,37.9629],[-122.4113,37.9584],[-122.411,37.9619],[-122.4011,37.9521],[-122.3947,37.9548],[-122.3977,37.9589],[-122.3886,37.9525],[-122.4013,37.9679],[-122.3885,37.9694],[-122.3828,37.9762],[-122.3707,37.9753],[-122.368,37.978],[-122.3721,37.9791],[-122.3673,37.9787],[-122.3699,37.9824],[-122.3648,37.9813],[-122.3653,37.9863],[-122.3633,37.9851],[-122.3601,37.9922],[-122.3659,37.9977],[-122.3666,38.0122],[-122.3331,38.0013],[-122.3163,38.012],[-122.2998,38.0102],[-122.2916,38.017],[-122.2898,38.0227],[-122.2822,38.0226],[-122.273,38.0399],[-122.2647,38.04],[-122.2606,38.0517],[-122.2638,38.0562],[-122.2596,38.057],[-122.2602,38.0517],[-122.2554,38.0513],[-122.2441,38.0583],[-122.2147,38.0574],[-122.1901,38.0523],[-122.179,38.0447],[-122.1691,38.0294],[-122.1489,38.0221],[-122.1428,38.0224],[-122.1395,38.0274],[-122.1291,38.0271],[-122.1288,38.0304],[-122.1124,38.0391],[-122.0932,38.0438],[-122.0859,38.0341],[-122.0716,38.0254],[-122.0781,38.02],[-122.0757,38.0139],[-122.0777,38.0103],[-122.0753,38.0137],[-122.0777,38.02],[-122.0714,38.0235],[-122.0695,38.0148],[-122.0618,38.0047],[-122.0651,37.9966],[-122.0614,38.0044],[-122.0585,38.0021],[-122.069,38.0154],[-122.0698,38.0256],[-122.085,38.0353],[-122.0915,38.0457],[-122.0881,38.0463],[-122.0631,38.0276],[-122.0704,38.035],[-122.0819,38.0399],[-122.0874,38.0476],[-122.0708,38.0494],[-122.0704,38.0532],[-122.0515,38.0506],[-122.0245,38.0579],[-121.9927,38.0548],[-121.9774,38.0458],[-121.9772,38.0479],[-121.9613,38.0489],[-121.9622,38.0413],[-121.9604,38.0433],[-121.9616,38.0404],[-121.9571,38.0414],[-121.96,38.0395],[-121.9573,38.0389],[-121.957,38.0495],[-121.9528,38.048],[-121.9501,38.0508],[-121.9283,38.0436],[-121.928,38.0356],[-121.9274,38.0438],[-121.903,38.0392],[-121.8885,38.0423],[-121.8858,38.0411],[-121.8886,38.0421],[-121.8895,38.0391],[-121.887,38.0406],[-121.8883,38.0354],[-121.8861,38.0339],[-121.8855,38.0403],[-121.8824,38.0342],[-121.8271,38.0245],[-121.815,38.018],[-121.7799,38.0147],[-121.7629,38.0199],[-121.7331,38.0203],[-121.7324,38.0137],[-121.7204,38.0079],[-121.7101,38.0061],[-121.7094,38.0143],[-121.6978,38.0068],[-121.6894,38.0136],[-121.6832,38.014],[-121.6824,38.018],[-121.6879,38.0203],[-121.6896,38.0248],[-121.6983,38.0275],[-121.7118,38.0226],[-121.7236,38.028],[-121.7191,38.0325],[-121.7041,38.0352],[-121.6941,38.0424],[-121.6887,38.0522],[-121.6797,38.0568],[-121.6334,38.053],[-121.6476,38.0576],[-121.6462,38.0836],[-121.6279,38.0871],[-121.6209,38.0987],[-121.6062,38.1009],[-121.5906,38.0936],[-121.5789,38.0921],[-121.5774,38.0791],[-121.5731,38.0736],[-121.5768,38.0704],[-121.5627,38.0692],[-121.5605,38.0606],[-121.5567,38.0575],[-121.5458,38.0583],[-121.5549,38.0608],[-121.5526,38.0694],[-121.569,38.0797],[-121.5662,38.0849],[-121.5698,38.0861],[-121.5716,38.0929],[-121.5604,38.101],[-121.5738,38.1096],[-121.5752,38.1079],[-121.5656,38.1025],[-121.5691,38.1038],[-121.565,38.1002],[-121.569,38.0967],[-121.5744,38.1008],[-121.6053,38.1088],[-121.6297,38.102],[-121.6366,38.0899],[-121.6546,38.0973],[-121.666,38.0983],[-121.679,38.0934],[-121.6838,38.0872],[-121.6825,38.116],[-121.6904,38.1149],[-121.6962,38.1057],[-121.7013,38.1092],[-121.6874,38.1297],[-121.6825,38.1515],[-121.6722,38.1628],[-121.67,38.1719],[-121.6611,38.1752],[-121.6445,38.1725],[-121.6634,38.1781],[-121.6602,38.1808],[-121.6502,38.1836],[-121.581,38.1733],[-121.526,38.1785],[-121.5278,38.1817],[-121.5245,38.1856],[-121.5289,38.1953],[-121.5207,38.2029],[-121.5099,38.2046],[-121.5043,38.2121],[-121.5064,38.2246],[-121.4917,38.2277],[-121.4871,38.2399],[-121.4785,38.2462],[-121.48,38.2537],[-121.4713,38.2598],[-121.4506,38.2546],[-121.4448,38.2568],[-121.4294,38.2548],[-121.4203,38.2372],[-121.405,38.2303],[-121.4016,38.2316],[-121.3984,38.2277],[-121.3889,38.2332],[-121.3665,38.2312],[-121.3635,38.2283],[-121.3544,38.2311],[-121.3451,38.2281],[-121.295,38.2378],[-121.2823,38.2501],[-121.2684,38.2521],[-121.2472,38.2442],[-121.2296,38.2468],[-121.222,38.2441],[-121.1914,38.2534],[-121.1715,38.2494],[-121.1638,38.2525],[-121.1532,38.263],[-121.1407,38.2654],[-121.1275,38.2751],[-121.0997,38.2856],[-121.0839,38.2865],[-121.0633,38.2974],[-121.054,38.2949],[-121.049,38.2874],[-121.0408,38.2867],[-121.0361,38.2947],[-121.0262,38.2979],[-121.0273,38.508],[-121.0775,38.6219],[-121.0854,38.6479],[-121.1186,38.7172],[-121.1233,38.7108],[-121.1333,38.7054],[-121.1421,38.7121],[-121.2165,38.716],[-121.2167,38.7324],[-121.2189,38.7365],[-121.2258,38.7365],[-121.2267,38.7513],[-121.2222,38.7672],[-121.2179,38.7705],[-121.2473,38.7707],[-121.2503,38.7742],[-121.252,38.7722],[-121.2656,38.7756],[-121.268,38.7928],[-121.2751,38.7957],[-121.2975,38.7956],[-121.3003,38.8101],[-121.308,38.8101],[-121.3082,38.8054],[-121.3119,38.8047],[-121.3126,38.8072],[-121.3189,38.8061],[-121.3203,38.8103],[-121.3769,38.8098],[-121.3769,38.8062],[-121.3816,38.8062],[-121.3839,38.8098],[-121.3864,38.8061],[-121.3863,38.8098],[-121.3957,38.8097],[-121.3954,38.8171],[-121.4186,38.8172],[-121.4193,38.813],[-121.4247,38.8119],[-121.4264,38.8244],[-121.4325,38.8244],[-121.4326,38.8111],[-121.442,38.8127],[-121.442,38.8061],[-121.4466,38.8061],[-121.4466,38.8026],[-121.4002,38.8025],[-121.4002,38.7589],[-121.4032,38.759],[-121.4032,38.7517],[-121.314,38.7518],[-121.3138,38.7438],[-121.3091,38.7402],[-121.3127,38.7342],[-121.309,38.7332],[-121.3144,38.7294],[-121.3145,38.7364],[-121.3183,38.7359],[-121.3185,38.7401],[-121.3223,38.7401],[-121.3182,38.7233],[-121.3974,38.7289],[-121.4035,38.7144],[-121.4015,38.7045],[-121.4751,38.7053],[-121.4753,38.7],[-121.4828,38.7],[-121.4856,38.7144],[-121.5125,38.7144],[-121.5121,38.7289],[-121.5215,38.729],[-121.5216,38.7364],[-121.6029,38.7362],[-121.6078,38.7153],[-121.6325,38.695],[-121.6341,38.6884],[-121.6301,38.6774],[-121.5941,38.6441],[-121.5872,38.6427],[-121.5761,38.6486],[-121.5669,38.6451],[-121.5582,38.6081],[-121.55,38.5996],[-121.5448,38.5977],[-121.5318,38.6038],[-121.521,38.6038],[-121.5116,38.6009],[-121.5074,38.5922],[-121.5083,38.5805],[-121.521,38.566],[-121.5113,38.5463],[-121.5126,38.5417],[-121.5309,38.5302],[-121.5252,38.519],[-121.5518,38.5138],[-121.5592,38.498],[-121.5474,38.4812],[-121.5388,38.4747],[-121.5088,38.4728],[-121.5041,38.4666],[-121.501,38.4492],[-121.5039,38.4396],[-121.5118,38.4352],[-121.5271,38.4348],[-121.5326,38.4315],[-121.5133,38.3988],[-121.5148,38.3872],[-121.5243,38.3791],[-121.5214,38.3617],[-121.5409,38.3463],[-121.5607,38.3433],[-121.5655,38.3477],[-121.5625,38.3498],[-121.5651,38.354],[-121.5703,38.3548],[-121.5733,38.353],[-121.5726,38.348],[-121.5798,38.3458],[-121.586,38.3255],[-121.5907,38.3225],[-121.5931,38.3131],[-121.5986,38.3099],[-121.5999,38.3015],[-121.6052,38.2961],[-121.6054,38.2857],[-121.6007,38.2784],[-121.604,38.2701],[-121.6002,38.2578],[-121.602,38.2217],[-121.6142,38.1967],[-121.6224,38.1933],[-121.6332,38.1938],[-121.657,38.1837],[-121.6593,38.1859],[-121.6562,38.1924],[-121.6579,38.1983],[-121.6611,38.189],[-121.6866,38.1601],[-121.6917,38.1487],[-121.6951,38.1509],[-121.692,38.1483],[-121.698,38.1304],[-121.7081,38.1165],[-121.7444,38.0903],[-121.8011,38.0629],[-121.8329,38.0734],[-121.8418,38.0734],[-121.8446,38.0751],[-121.8404,38.0766],[-121.852,38.0748],[-121.8531,38.088],[-121.8527,38.0739],[-121.8719,38.0718],[-121.8836,38.0774],[-121.883,38.0888],[-121.8954,38.0976],[-121.8891,38.1045],[-121.8889,38.1244],[-121.8951,38.1268],[-121.9047,38.1194],[-121.9123,38.1206],[-121.915,38.1312],[-121.9078,38.1399],[-121.9087,38.1448],[-121.9333,38.1673],[-121.9259,38.1733],[-121.9083,38.1776],[-121.917,38.1773],[-121.9089,38.1821],[-121.9101,38.1845],[-121.9194,38.181],[-121.929,38.1861],[-121.9264,38.1949],[-121.918,38.1998],[-121.9134,38.1969],[-121.9205,38.1998],[-121.9228,38.2068],[-121.9215,38.1989],[-121.9288,38.1944],[-121.9307,38.1886],[-121.9289,38.1837],[-121.9208,38.178],[-121.9348,38.1688],[-121.944,38.1685],[-121.95,38.1759],[-121.9602,38.1717],[-121.9639,38.1832],[-121.9757,38.1884],[-122.0116,38.1784],[-122.0226,38.1707],[-122.0384,38.1714],[-122.0528,38.1559],[-122.0564,38.1577],[-122.0682,38.1694],[-122.0551,38.1706],[-122.0573,38.1786],[-122.0491,38.1768],[-122.0462,38.1789],[-122.0546,38.1858],[-122.036,38.1909],[-122.0445,38.1973],[-122.0392,38.1989],[-122.0405,38.2047],[-122.0347,38.2044],[-122.0313,38.2077],[-122.0349,38.214],[-122.0274,38.2193],[-122.0295,38.2213],[-122.0269,38.2236],[-122.0335,38.226],[-122.0254,38.2328],[-122.029,38.2348],[-122.0297,38.2427],[-122.0322,38.2343],[-122.0401,38.2409],[-122.0315,38.2184],[-122.0376,38.2116],[-122.0346,38.2059],[-122.0413,38.2053],[-122.0403,38.2003],[-122.0465,38.1968],[-122.0381,38.191],[-122.0543,38.1876],[-122.0556,38.1832],[-122.0483,38.1791],[-122.0574,38.1796],[-122.0572,38.1722],[-122.0693,38.1703],[-122.0579,38.1579],[-122.0713,38.1572],[-122.0695,38.1415],[-122.0805,38.1397],[-122.0842,38.1359],[-122.0812,38.1237],[-122.0658,38.1182],[-122.0674,38.1088],[-122.1151,38.0675],[-122.1243,38.0579],[-122.1287,38.046],[-122.1383,38.0397],[-122.1335,38.043],[-122.153,38.0418],[-122.1572,38.0435],[-122.1536,38.0449],[-122.1562,38.0462],[-122.158,38.0436],[-122.1653,38.0441],[-122.161,38.0482],[-122.1639,38.0539],[-122.1747,38.0578],[-122.1881,38.0707],[-122.1915,38.0687],[-122.1942,38.0598],[-122.2,38.0611],[-122.2063,38.0679],[-122.227,38.065],[-122.2412,38.072],[-122.2393,38.0753],[-122.2466,38.0806],[-122.2481,38.0884],[-122.2617,38.0982],[-122.2768,38.118],[-122.2775,38.1222],[-122.2715,38.1299],[-122.2733,38.1335],[-122.27,38.1343],[-122.2671,38.1432],[-122.2786,38.1503],[-122.282,38.1495],[-122.28,38.145],[-122.2832,38.1503],[-122.2907,38.1532],[-122.2873,38.1678],[-122.2838,38.1693],[-122.285,38.175],[-122.295,38.1851],[-122.3083,38.1837],[-122.314,38.1974],[-122.306,38.2073],[-122.3099,38.2186],[-122.2987,38.2186],[-122.2974,38.221],[-122.3012,38.2211],[-122.3019,38.226],[-122.287,38.2337],[-122.2811,38.2592],[-122.2835,38.2571],[-122.2864,38.2605],[-122.2835,38.2655],[-122.2866,38.2714],[-122.2814,38.2776],[-122.284,38.2813],[-122.283,38.2787],[-122.2925,38.2795],[-122.2823,38.2775],[-122.2914,38.2771],[-122.2832,38.2754],[-122.2875,38.271],[-122.2845,38.2556],[-122.2893,38.2543],[-122.2853,38.2536],[-122.2851,38.2475],[-122.2933,38.2517],[-122.2898,38.2542],[-122.2945,38.252],[-122.2851,38.2463],[-122.2881,38.2343],[-122.3065,38.2267],[-122.3107,38.2218],[-122.3073,38.2074],[-122.3149,38.1984],[-122.3182,38.1863],[-122.3239,38.1859],[-122.3299,38.1933],[-122.3477,38.191],[-122.3633,38.2017],[-122.3525,38.2026],[-122.3604,38.2011],[-122.3771,38.2078],[-122.3868,38.2078],[-122.3882,38.2108],[-122.3881,38.2082],[-122.3808,38.2058],[-122.3808,38.2026],[-122.3931,38.1985],[-122.4036,38.2072],[-122.4111,38.2078],[-122.4162,38.2135],[-122.4273,38.2138],[-122.4245,38.2201],[-122.4187,38.2228],[-122.4197,38.229],[-122.4239,38.2286],[-122.4199,38.2284],[-122.4194,38.2227],[-122.4252,38.2201],[-122.4277,38.2137],[-122.4163,38.213],[-122.4109,38.2074],[-122.4046,38.2072],[-122.3913,38.194],[-122.4001,38.1895],[-122.4216,38.1873],[-122.4155,38.17],[-122.4215,38.1615],[-122.4093,38.1611],[-122.4048,38.1476],[-122.4118,38.1359],[-122.4436,38.1162],[-122.4512,38.1166],[-122.4533,38.1202],[-122.4911,38.1121],[-122.5006,38.1136],[-122.5073,38.1195],[-122.5162,38.1389],[-122.5426,38.1579],[-122.5432,38.1634],[-122.5338,38.1664],[-122.5307,38.1712],[-122.5427,38.183],[-122.549,38.1996],[-122.5622,38.1986],[-122.5674,38.2071],[-122.5688,38.2041],[-122.5823,38.209],[-122.5942,38.2208],[-122.6029,38.2212],[-122.6139,38.2317],[-122.6138,38.2285],[-122.62,38.2289],[-122.628,38.2346],[-122.6341,38.2351],[-122.6264,38.23],[-122.6392,38.2347],[-122.6382,38.2457],[-122.6395,38.2343],[-122.6273,38.2293],[-122.6137,38.2281],[-122.603,38.2206],[-122.5953,38.2204],[-122.5849,38.2093],[-122.569,38.2032],[-122.563,38.1971],[-122.5494,38.1981],[-122.5449,38.1835],[-122.5326,38.17],[-122.5452,38.1631],[-122.5478,38.1576],[-122.5534,38.1582],[-122.5447,38.158],[-122.5167,38.136],[-122.5393,38.1392],[-122.5621,38.1362],[-122.5358,38.139],[-122.5171,38.1358],[-122.5147,38.132],[-122.5208,38.1315],[-122.5275,38.1255],[-122.5269,38.1222],[-122.5241,38.1221],[-122.5199,38.1311],[-122.5165,38.124],[-122.5173,38.1308],[-122.5143,38.1313],[-122.5096,38.1175],[-122.5024,38.1115],[-122.4924,38.1097],[-122.4867,38.1008],[-122.4899,38.0947],[-122.5003,38.0905],[-122.5062,38.0843],[-122.5168,38.0897],[-122.5269,38.0873],[-122.5264,38.0812],[-122.5265,38.0871],[-122.5174,38.0895],[-122.5153,38.0871],[-122.5253,38.0861],[-122.5241,38.0816],[-122.5181,38.0852],[-122.5208,38.0819],[-122.5132,38.0828],[-122.5146,38.0871],[-122.5055,38.0831],[-122.5103,38.0804],[-122.5039,38.0808],[-122.5185,38.0811],[-122.5122,38.0785],[-122.516,38.0782],[-122.5158,38.0756],[-122.5198,38.0806],[-122.5205,38.0771],[-122.5259,38.081],[-122.5239,38.0775],[-122.5165,38.0745],[-122.5036,38.0799],[-122.5062,38.0841],[-122.5019,38.0889],[-122.49,38.0943],[-122.4851,38.1004],[-122.4845,38.0726],[-122.4984,38.0314],[-122.4976,38.0188],[-122.5075,38.0161],[-122.5158,38.021],[-122.5238,38.0168],[-122.5339,38.0164],[-122.5148,38.0203],[-122.5185,38.0138],[-122.5273,38.0126],[-122.5242,38.0078],[-122.5272,38.0049],[-122.523,38.0092],[-122.5266,38.0123],[-122.5184,38.0133],[-122.5133,38.0198],[-122.5085,38.0156],[-122.4886,38.0143],[-122.4795,38.0073],[-122.4622,38.0034],[-122.448,37.9887],[-122.4471,37.9855],[-122.456,37.98],[-122.4663,37.9848],[-122.4724,37.9826],[-122.4748,37.9751],[-122.4815,37.975],[-122.4771,37.9714],[-122.4835,37.9713],[-122.4771,37.9716],[-122.4803,37.9737],[-122.4859,37.9723],[-122.485,37.9704],[-122.4991,37.9702],[-122.4983,37.9732],[-122.5084,37.9666],[-122.5211,37.97],[-122.5136,37.968],[-122.5145,37.9655],[-122.4961,37.9704],[-122.4903,37.9652],[-122.4865,37.9465],[-122.4776,37.9427],[-122.4888,37.937],[-122.5094,37.9462],[-122.5078,37.943],[-122.5352,37.943],[-122.5459,37.9514],[-122.533,37.9418],[-122.533,37.9386],[-122.5296,37.9436],[-122.5275,37.9391],[-122.5301,37.9382],[-122.5262,37.9383],[-122.5266,37.9432],[-122.5189,37.9408],[-122.5216,37.9376],[-122.5143,37.9432],[-122.5051,37.9418],[-122.5042,37.9303],[-122.5003,37.9256],[-122.5057,37.925],[-122.508,37.9204],[-122.5051,37.9247],[-122.5028,37.9223],[-122.4989,37.9253],[-122.4791,37.9161],[-122.4752,37.9172],[-122.4787,37.9154],[-122.4773,37.9127],[-122.4746,37.9156],[-122.4728,37.9092],[-122.4772,37.9124],[-122.4726,37.9082],[-122.4767,37.9087],[-122.4763,37.9048],[-122.4585,37.8945],[-122.4488,37.8939],[-122.4379,37.8822],[-122.4506,37.8719],[-122.4633,37.8723],[-122.4607,37.872],[-122.4627,37.8699],[-122.4582,37.862],[-122.4739,37.8749],[-122.4712,37.8811],[-122.4739,37.8854],[-122.4886,37.8953],[-122.4991,37.8937],[-122.5019,37.8978],[-122.5043,37.8943],[-122.497,37.8774],[-122.5044,37.883],[-122.5118,37.8841],[-122.5101,37.8877],[-122.5171,37.8862],[-122.5198,37.8892],[-122.518,37.8926],[-122.5203,37.8898],[-122.5256,37.8985],[-122.5239,37.892],[-122.5298,37.8953],[-122.523,37.8913],[-122.5189,37.8831],[-122.5241,37.8781],[-122.5286,37.8789],[-122.5266,37.877],[-122.5186,37.8829],[-122.5152,37.8819],[-122.5066,37.8737],[-122.5033,37.8764],[-122.5032,37.8716],[-122.4962,37.871],[-122.4974,37.8678],[-122.4933,37.8635],[-122.478,37.8589],[-122.4797,37.848],[-122.4715,37.8366],[-122.4727,37.832],[-122.4779,37.8334],[-122.4783,37.8254],[-122.4909,37.8266],[-122.4994,37.8199],[-122.5105,37.8248],[-122.5228,37.8253],[-122.5301,37.8154],[-122.5321,37.8214],[-122.5377,37.8239],[-122.5345,37.8253],[-122.5354,37.8285],[-122.5493,37.8341],[-122.5512,37.8403],[-122.5596,37.8455],[-122.5621,37.852],[-122.5703,37.8536],[-122.5761,37.8591],[-122.5819,37.8571],[-122.5891,37.8612],[-122.6019,37.8755],[-122.6278,37.8809],[-122.6358,37.8921],[-122.6531,37.9024],[-122.6807,37.907],[-122.6805,37.9092],[-122.6615,37.9093],[-122.6468,37.9023],[-122.6649,37.9131],[-122.6828,37.9298],[-122.6984,37.9335],[-122.6931,37.9232],[-122.6879,37.9218],[-122.6882,37.9155],[-122.682,37.9065],[-122.7016,37.8938],[-122.7273,37.9034],[-122.7369,37.9256],[-122.7547,37.9353],[-122.766,37.9377],[-122.771,37.9438],[-122.7764,37.9431],[-122.7783,37.948],[-122.7829,37.9479],[-122.7928,37.971],[-122.8013,37.9803],[-122.8119,37.9847],[-122.8214,37.9964],[-122.8282,37.998],[-122.8565,38.0167],[-122.8737,38.0228],[-122.9265,38.0288],[-122.9274,38.0333],[-122.9256,38.0308],[-122.9038,38.0313],[-122.8862,38.0277],[-122.893,38.0341],[-122.8919,38.0369],[-122.8964,38.0317],[-122.9083,38.0338],[-122.9042,38.0422],[-122.9093,38.0516],[-122.9136,38.0336],[-122.9315,38.0356],[-122.9324,38.0421],[-122.9375,38.0458],[-122.9339,38.0539],[-122.9225,38.0598],[-122.9198,38.0635],[-122.9217,38.066],[-122.9115,38.0732],[-122.918,38.0692],[-122.9231,38.0748],[-122.9272,38.0639],[-122.9332,38.0642],[-122.9352,38.0748],[-122.932,38.0815],[-122.9356,38.0845],[-122.9287,38.0911],[-122.9354,38.0889],[-122.9443,38.0608],[-122.9545,38.062],[-122.9532,38.0714],[-122.9574,38.0775],[-122.9556,38.0698],[-122.9584,38.0616],[-122.9509,38.058],[-122.9482,38.0536],[-122.9491,38.046],[-122.9362,38.0338],[-122.9653,38.0251],[-122.976,38.0165],[-122.9833,38.0052],[-122.983,37.9978],[-122.9672,37.9936],[-122.9642,37.99],[-122.9904,37.9946],[-123.024,37.9948],[-123.0205,37.9998],[-123.0165,37.9989],[-123.0119,38.0024],[-122.9925,38.041],[-122.9611,38.1129],[-122.9505,38.15],[-122.954,38.1763],[-122.9684,38.1825],[-122.9652,38.1887],[-122.9672,38.2008],[-122.9804,38.2139],[-122.9809,38.2217],[-122.9922,38.2331],[-122.9951,38.2409],[-122.9828,38.2343],[-122.9591,38.2085],[-122.9467,38.2022],[-122.9473,38.1958],[-122.9514,38.1957],[-122.9499,38.1937],[-122.943,38.1942],[-122.9315,38.1877],[-122.9301,38.1805],[-122.9228,38.1751],[-122.9153,38.1611],[-122.9068,38.1566],[-122.9108,38.1522],[-122.9038,38.1494],[-122.8936,38.1326],[-122.889,38.132],[-122.8825,38.1233],[-122.8361,38.0844],[-122.8369,38.089],[-122.8321,38.0852],[-122.8331,38.0889],[-122.83,38.0865],[-122.8326,38.09],[-122.8271,38.0871],[-122.8253,38.0909],[-122.8424,38.1074],[-122.8516,38.1071],[-122.8524,38.115],[-122.8647,38.1193],[-122.8629,38.1272],[-122.8709,38.1332],[-122.8729,38.1404],[-122.8883,38.1495],[-122.8942,38.162],[-122.9011,38.1654],[-122.9039,38.1746],[-122.9177,38.1908],[-122.9259,38.2062],[-122.9224,38.2215],[-122.9335,38.2116],[-122.9445,38.2202],[-122.949,38.2199],[-122.9531,38.2145],[-122.9543,38.2327],[-122.9712,38.2327],[-122.9683,38.2534],[-122.9786,38.2701],[-122.9738,38.2704],[-122.9864,38.2731],[-122.9887,38.2801],[-122.9948,38.283],[-123.003,38.2958],[-122.9954,38.2991],[-123.0059,38.2975],[-123.0242,38.3103],[-123.0347,38.3131],[-123.0486,38.3117],[-123.0532,38.3075],[-123.0501,38.3058],[-123.0538,38.306],[-123.051,38.3144],[-123.0368,38.3166],[-123.0398,38.3187],[-123.0376,38.3225],[-123.0499,38.3344],[-123.06,38.3344],[-123.0546,38.3199],[-123.0566,38.3145],[-123.0612,38.3121],[-123.0571,38.3044],[-123.0523,38.3028],[-123.054,38.2994],[-123.0581,38.2982],[-123.0651,38.3026],[-123.0709,38.3142],[-123.0692,38.3165],[-123.0744,38.3195]]],[[[-123.0726,38.3175],[-123.074,38.3191],[-123.0741,38.3192],[-123.0726,38.3175]]],[[[-123.0551,38.3191],[-123.0551,38.3192],[-123.055,38.3195],[-123.0551,38.3191]]],[[[-123.0553,38.319],[-123.0553,38.319],[-123.0553,38.319],[-123.0553,38.319]]],[[[-123.0692,38.3171],[-123.0695,38.3173],[-123.0696,38.3174],[-123.0692,38.3171]]],[[[-123.0688,38.3167],[-123.0688,38.3167],[-123.0689,38.3168],[-123.0688,38.3167]]],[[[-123.0571,38.3167],[-123.0571,38.3166],[-123.0571,38.3167],[-123.0571,38.3167]]],[[[-123.0687,38.3162],[-123.0687,38.3162],[-123.0687,38.3162],[-123.0687,38.3162]]],[[[-123.0687,38.3158],[-123.0689,38.3157],[-123.0687,38.3161],[-123.0687,38.3158]]],[[[-123.0567,38.3159],[-123.0565,38.3157],[-123.0566,38.3158],[-123.0567,38.3159]]],[[[-123.069,38.3155],[-123.069,38.3155],[-123.069,38.3155],[-123.069,38.3155]]],[[[-123.0701,38.3148],[-123.0702,38.3146],[-123.0701,38.3148],[-123.0701,38.3148]]],[[[-123.0606,38.3132],[-123.0608,38.3131],[-123.0606,38.3132],[-123.0606,38.3132]]],[[[-123.061,38.313],[-123.0613,38.3128],[-123.0614,38.3123],[-123.061,38.313]]],[[[-123.0614,38.3117],[-123.0613,38.3115],[-123.0612,38.3114],[-123.0614,38.3117]]],[[[-123.0608,38.3109],[-123.06,38.3102],[-123.061,38.3112],[-123.0608,38.3109]]],[[[-123.0674,38.3086],[-123.0674,38.3086],[-123.0675,38.3086],[-123.0674,38.3086]]],[[[-123.058,38.3077],[-123.0579,38.3074],[-123.058,38.3076],[-123.058,38.3077]]],[[[-123.0577,38.3064],[-123.0577,38.3062],[-123.0577,38.3067],[-123.0577,38.3064]]],[[[-123.0631,38.3024],[-123.063,38.3024],[-123.0631,38.3024],[-123.0631,38.3024]]],[[[-123.0626,38.3021],[-123.0628,38.3022],[-123.0628,38.3022],[-123.0626,38.3021]]],[[[-123.0623,38.3014],[-123.0622,38.3012],[-123.0623,38.3014],[-123.0623,38.3014]]],[[[-123.062,38.3008],[-123.062,38.3007],[-123.062,38.3008],[-123.062,38.3008]]],[[[-123.0614,38.3],[-123.0613,38.3],[-123.0614,38.3],[-123.0614,38.3]]],[[[-123.061,38.2998],[-123.0608,38.2997],[-123.0609,38.2998],[-123.061,38.2998]]],[[[-123.0593,38.299],[-123.0592,38.2989],[-123.0593,38.299],[-123.0593,38.299]]],[[[-123.0572,38.2987],[-123.0572,38.2987],[-123.0571,38.2989],[-123.0572,38.2987]]],[[[-123.0577,38.2985],[-123.0579,38.2985],[-123.0579,38.2985],[-123.0577,38.2985]]],[[[-123.055,38.3202],[-123.055,38.3202],[-123.055,38.3201],[-123.055,38.3202]]],[[[-123.0551,38.3242],[-123.0551,38.3243],[-123.0551,38.3242],[-123.0551,38.3242]]],[[[-123.0552,38.3252],[-123.0552,38.3253],[-123.0552,38.325],[-123.0552,38.3252]]],[[[-123.0587,38.3301],[-123.0587,38.3301],[-123.0585,38.3298],[-123.0587,38.3301]]],[[[-123.0689,38.335],[-123.0689,38.335],[-123.069,38.3349],[-123.0689,38.335]]],[[[-123.0688,38.3352],[-123.0689,38.335],[-123.0689,38.3351],[-123.0688,38.3352]]],[[[-123.0594,38.3356],[-123.0594,38.3356],[-123.0594,38.3356],[-123.0594,38.3356]]],[[[-123.0592,38.3358],[-123.0591,38.3359],[-123.0592,38.3358],[-123.0592,38.3358]]],[[[-123.0588,38.3361],[-123.0586,38.3362],[-123.059,38.336],[-123.0588,38.3361]]],[[[-123.0572,38.3363],[-123.0571,38.3362],[-123.0572,38.3363],[-123.0572,38.3363]]],[[[-123.0565,38.3358],[-123.056,38.3355],[-123.0566,38.3359],[-123.0565,38.3358]]],[[[-123.0529,38.3344],[-123.0529,38.3344],[-123.0529,38.3344],[-123.0529,38.3344]]],[[[-123.0501,38.3342],[-123.05,38.3343],[-123.05,38.3343],[-123.0501,38.3342]]],[[[-123.0504,38.3342],[-123.0509,38.3339],[-123.0507,38.3339],[-123.0504,38.3342]]],[[[-123.0502,38.3341],[-123.0502,38.334],[-123.0501,38.3342],[-123.0502,38.3341]]],[[[-123.0502,38.3339],[-123.0505,38.3337],[-123.0502,38.3339],[-123.0502,38.3339]]],[[[-123.0518,38.3337],[-123.0518,38.3336],[-123.0518,38.3336],[-123.0518,38.3337]]],[[[-123.0452,38.3286],[-123.0452,38.3286],[-123.0452,38.3287],[-123.0452,38.3286]]],[[[-123.0434,38.3282],[-123.0434,38.3282],[-123.0434,38.3282],[-123.0434,38.3282]]],[[[-123.0433,38.3282],[-123.0433,38.3282],[-123.0433,38.3282],[-123.0433,38.3282]]],[[[-123.0396,38.3244],[-123.0396,38.3244],[-123.0395,38.3244],[-123.0396,38.3244]]],[[[-123.0381,38.3228],[-123.0381,38.3227],[-123.0381,38.3228],[-123.0381,38.3228]]],[[[-123.0385,38.322],[-123.0387,38.3219],[-123.0385,38.322],[-123.0385,38.322]]],[[[-123.0393,38.3211],[-123.0396,38.3207],[-123.0393,38.3212],[-123.0393,38.3211]]],[[[-123.0397,38.3204],[-123.0397,38.3204],[-123.0397,38.3205],[-123.0397,38.3204]]],[[[-123.0398,38.3199],[-123.0398,38.3202],[-123.0398,38.3201],[-123.0398,38.3199]]],[[[-123.0506,38.3146],[-123.0506,38.3146],[-123.0506,38.3146],[-123.0506,38.3146]]],[[[-123.0489,38.3152],[-123.0489,38.3152],[-123.0491,38.3151],[-123.0489,38.3152]]],[[[-123.0515,38.3139],[-123.0514,38.3138],[-123.0515,38.3139],[-123.0515,38.3139]]],[[[-123.0514,38.3138],[-123.0514,38.3138],[-123.0514,38.3138],[-123.0514,38.3138]]],[[[-123.0508,38.3136],[-123.0506,38.3134],[-123.0508,38.3136],[-123.0508,38.3136]]],[[[-123.053,38.3059],[-123.053,38.3059],[-123.053,38.3059],[-123.053,38.3059]]],[[[-123.0533,38.3058],[-123.0532,38.3058],[-123.0532,38.3058],[-123.0533,38.3058]]],[[[-123.053,38.3058],[-123.053,38.3058],[-123.053,38.3058],[-123.053,38.3058]]],[[[-123.0167,38.3053],[-123.0164,38.3052],[-123.0168,38.3054],[-123.0167,38.3053]]],[[[-123.0137,38.3039],[-123.0131,38.3033],[-123.0137,38.3039],[-123.0137,38.3039]]],[[[-123.0121,38.3026],[-123.012,38.3025],[-123.0121,38.3026],[-123.0121,38.3026]]],[[[-122.4233,38.1281],[-122.4232,38.1281],[-122.4232,38.1281],[-122.4233,38.1281]]],[[[-122.4231,38.1281],[-122.4231,38.1281],[-122.4231,38.1281],[-122.4231,38.1281]]],[[[-122.4233,38.1281],[-122.4233,38.1281],[-122.4233,38.1281],[-122.4233,38.1281]]],[[[-122.4227,38.128],[-122.4227,38.128],[-122.4227,38.128],[-122.4227,38.128]]],[[[-122.4234,38.1277],[-122.4234,38.1278],[-122.4234,38.1278],[-122.4234,38.1277]]],[[[-122.425,38.1271],[-122.424,38.1275],[-122.4243,38.1275],[-122.425,38.1271]]],[[[-122.4237,38.1275],[-122.4236,38.1275],[-122.4235,38.1275],[-122.4237,38.1275]]],[[[-122.4254,38.1269],[-122.4254,38.127],[-122.4254,38.127],[-122.4254,38.1269]]],[[[-122.4271,38.1265],[-122.427,38.1262],[-122.4271,38.1265],[-122.4271,38.1265]]],[[[-122.4274,38.1262],[-122.4274,38.1262],[-122.4273,38.1262],[-122.4274,38.1262]]],[[[-122.4273,38.1263],[-122.4272,38.1263],[-122.4273,38.1263],[-122.4273,38.1263]]],[[[-122.4275,38.1263],[-122.4275,38.1263],[-122.4275,38.1263],[-122.4275,38.1263]]],[[[-122.4272,38.1264],[-122.4272,38.1265],[-122.4272,38.1264],[-122.4272,38.1264]]],[[[-122.4276,38.1261],[-122.4276,38.1262],[-122.4276,38.1261],[-122.4276,38.1261]]],[[[-122.4269,38.1262],[-122.4269,38.1261],[-122.4269,38.1262],[-122.4269,38.1262]]],[[[-122.4266,38.1262],[-122.4268,38.1261],[-122.4267,38.1261],[-122.4266,38.1262]]],[[[-122.4279,38.1258],[-122.4279,38.1258],[-122.4278,38.126],[-122.4279,38.1258]]],[[[-122.4277,38.1259],[-122.4277,38.1258],[-122.4277,38.1259],[-122.4277,38.1259]]],[[[-122.4281,38.1258],[-122.4281,38.1258],[-122.4281,38.1258],[-122.4281,38.1258]]],[[[-122.4284,38.1257],[-122.4285,38.1257],[-122.4284,38.1258],[-122.4284,38.1257]]],[[[-122.4293,38.1252],[-122.4294,38.1251],[-122.4293,38.1252],[-122.4293,38.1252]]],[[[-122.4295,38.125],[-122.4295,38.125],[-122.4295,38.125],[-122.4295,38.125]]],[[[-122.4299,38.124],[-122.4297,38.1241],[-122.4297,38.1242],[-122.4299,38.124]]],[[[-122.4306,38.1234],[-122.4309,38.1233],[-122.4306,38.1235],[-122.4306,38.1234]]],[[[-122.4338,38.1217],[-122.4341,38.1215],[-122.4327,38.1222],[-122.4338,38.1217]]],[[[-122.4353,38.1212],[-122.436,38.121],[-122.4346,38.1214],[-122.4353,38.1212]]],[[[-122.4367,38.1207],[-122.4372,38.1206],[-122.4367,38.1207],[-122.4367,38.1207]]],[[[-122.4381,38.1201],[-122.4381,38.1201],[-122.4381,38.1202],[-122.4381,38.1201]]],[[[-122.439,38.1188],[-122.439,38.1188],[-122.4389,38.1189],[-122.439,38.1188]]],[[[-122.4513,38.1176],[-122.4514,38.1176],[-122.4514,38.1176],[-122.4513,38.1176]]],[[[-122.4491,38.1176],[-122.4491,38.1176],[-122.4491,38.1176],[-122.4491,38.1176]]],[[[-122.4491,38.1176],[-122.4484,38.1174],[-122.4487,38.1175],[-122.4491,38.1176]]],[[[-122.4403,38.1177],[-122.4407,38.1176],[-122.4406,38.1176],[-122.4403,38.1177]]],[[[-122.4408,38.1176],[-122.441,38.1176],[-122.4408,38.1176],[-122.4408,38.1176]]],[[[-122.4512,38.1173],[-122.4512,38.1175],[-122.4512,38.1176],[-122.4512,38.1173]]],[[[-122.45,38.1174],[-122.45,38.1174],[-122.45,38.1175],[-122.45,38.1174]]],[[[-122.4495,38.1174],[-122.4495,38.1174],[-122.4494,38.1175],[-122.4495,38.1174]]],[[[-122.4496,38.1174],[-122.4496,38.1174],[-122.4496,38.1174],[-122.4496,38.1174]]],[[[-122.4496,38.1174],[-122.4496,38.1174],[-122.4496,38.1174],[-122.4496,38.1174]]],[[[-122.4483,38.1173],[-122.4483,38.1173],[-122.4483,38.1173],[-122.4483,38.1173]]],[[[-122.4478,38.1173],[-122.4478,38.1173],[-122.4478,38.1173],[-122.4478,38.1173]]],[[[-122.448,38.1173],[-122.4479,38.1173],[-122.448,38.1173],[-122.448,38.1173]]],[[[-122.4508,38.1171],[-122.4507,38.1173],[-122.4508,38.117],[-122.4508,38.1171]]],[[[-122.4501,38.1171],[-122.4501,38.1171],[-122.4501,38.1171],[-122.4501,38.1171]]],[[[-122.4502,38.1171],[-122.4502,38.1171],[-122.4502,38.1171],[-122.4502,38.1171]]],[[[-122.451,38.1167],[-122.4509,38.1168],[-122.4511,38.1171],[-122.451,38.1167]]],[[[-122.4504,38.1173],[-122.4504,38.1173],[-122.4504,38.1173],[-122.4504,38.1173]]],[[[-122.4501,38.1171],[-122.45,38.1171],[-122.45,38.1171],[-122.4501,38.1171]]],[[[-122.4418,38.1173],[-122.4417,38.1173],[-122.4417,38.1173],[-122.4418,38.1173]]],[[[-122.443,38.117],[-122.443,38.117],[-122.4429,38.117],[-122.443,38.117]]],[[[-122.443,38.117],[-122.443,38.1169],[-122.443,38.117],[-122.443,38.117]]],[[[-122.4445,38.1167],[-122.4445,38.1167],[-122.4445,38.1167],[-122.4445,38.1167]]],[[[-122.4447,38.1167],[-122.4447,38.1167],[-122.4447,38.1167],[-122.4447,38.1167]]],[[[-122.4432,38.1167],[-122.4432,38.1167],[-122.4431,38.1167],[-122.4432,38.1167]]],[[[-122.4453,38.1166],[-122.4453,38.1166],[-122.4453,38.1166],[-122.4453,38.1166]]],[[[-122.4441,38.1166],[-122.444,38.1166],[-122.444,38.1166],[-122.4441,38.1166]]],[[[-122.4253,38.1268],[-122.4253,38.1268],[-122.4253,38.1268],[-122.4253,38.1268]]],[[[-123.0684,38.3374],[-123.0684,38.3377],[-123.0685,38.3371],[-123.0684,38.3374]]],[[[-123.0681,38.3428],[-123.0681,38.3428],[-123.0681,38.3427],[-123.0681,38.3428]]],[[[-123.068,38.3459],[-123.068,38.3459],[-123.068,38.345],[-123.068,38.3459]]],[[[-123.0681,38.3465],[-123.0681,38.3465],[-123.0681,38.3465],[-123.0681,38.3465]]],[[[-123.068,38.3509],[-123.068,38.351],[-123.068,38.3509],[-123.068,38.3509]]],[[[-123.0679,38.3516],[-123.0679,38.3514],[-123.0679,38.3516],[-123.0679,38.3516]]],[[[-123.0682,38.3553],[-123.0682,38.3553],[-123.0682,38.3552],[-123.0682,38.3553]]],[[[-123.0801,38.3773],[-123.0803,38.3773],[-123.08,38.3773],[-123.0801,38.3773]]],[[[-123.0815,38.3778],[-123.0815,38.3778],[-123.0814,38.3778],[-123.0815,38.3778]]],[[[-123.0829,38.3838],[-123.0829,38.384],[-123.0829,38.3838],[-123.0829,38.3838]]],[[[-123.0829,38.384],[-123.0829,38.384],[-123.0829,38.384],[-123.0829,38.384]]],[[[-123.0844,38.3864],[-123.0844,38.3865],[-123.0844,38.3863],[-123.0844,38.3864]]],[[[-123.085,38.3889],[-123.085,38.3889],[-123.0848,38.3886],[-123.085,38.3889]]],[[[-123.0851,38.3892],[-123.0852,38.3893],[-123.0851,38.3891],[-123.0851,38.3892]]],[[[-123.0852,38.3895],[-123.0852,38.3895],[-123.0852,38.3895],[-123.0852,38.3895]]],[[[-123.0851,38.3897],[-123.0851,38.3897],[-123.0852,38.3895],[-123.0851,38.3897]]],[[[-123.0852,38.3901],[-123.0851,38.3897],[-123.0851,38.3898],[-123.0852,38.3901]]],[[[-123.0853,38.3904],[-123.0853,38.3904],[-123.0852,38.3901],[-123.0853,38.3904]]],[[[-123.0879,38.392],[-123.0879,38.392],[-123.0879,38.392],[-123.0879,38.392]]],[[[-123.0883,38.3922],[-123.0883,38.3922],[-123.0883,38.3922],[-123.0883,38.3922]]],[[[-123.0915,38.3941],[-123.0916,38.3941],[-123.0912,38.3939],[-123.0915,38.3941]]],[[[-123.0964,38.3968],[-123.0964,38.3967],[-123.0964,38.3967],[-123.0964,38.3968]]],[[[-123.0965,38.3978],[-123.0966,38.3978],[-123.0965,38.3977],[-123.0965,38.3978]]],[[[-123.0967,38.3993],[-123.0967,38.3994],[-123.0967,38.3993],[-123.0967,38.3993]]],[[[-123.0972,38.4008],[-123.0971,38.4003],[-123.0972,38.4006],[-123.0972,38.4008]]],[[[-123.0973,38.4013],[-123.0974,38.4015],[-123.0973,38.4013],[-123.0973,38.4013]]],[[[-123.0976,38.4018],[-123.0977,38.4018],[-123.0975,38.4016],[-123.0976,38.4018]]],[[[-123.0984,38.4027],[-123.0984,38.4027],[-123.0983,38.4026],[-123.0984,38.4027]]],[[[-123.0988,38.403],[-123.0988,38.403],[-123.0987,38.4029],[-123.0988,38.403]]],[[[-123.0994,38.406],[-123.0994,38.406],[-123.0994,38.406],[-123.0994,38.406]]],[[[-123.0995,38.4069],[-123.0995,38.4069],[-123.0995,38.4069],[-123.0995,38.4069]]],[[[-123.0996,38.4071],[-123.0997,38.4073],[-123.0996,38.4071],[-123.0996,38.4071]]],[[[-123.1003,38.4092],[-123.1003,38.4089],[-123.1003,38.4088],[-123.1003,38.4092]]],[[[-123.1006,38.4103],[-123.1006,38.4103],[-123.1005,38.4098],[-123.1006,38.4103]]],[[[-123.102,38.4123],[-123.102,38.4123],[-123.102,38.4123],[-123.102,38.4123]]],[[[-123.102,38.4124],[-123.1019,38.4124],[-123.102,38.4124],[-123.102,38.4124]]],[[[-123.1019,38.4125],[-123.1019,38.4126],[-123.1019,38.4125],[-123.1019,38.4125]]],[[[-123.1019,38.4127],[-123.1019,38.4127],[-123.1019,38.4126],[-123.1019,38.4127]]],[[[-123.1047,38.4158],[-123.1047,38.4158],[-123.1047,38.4158],[-123.1047,38.4158]]],[[[-123.1048,38.4159],[-123.1048,38.4159],[-123.1048,38.4158],[-123.1048,38.4159]]],[[[-123.1219,38.4303],[-123.1219,38.4303],[-123.1219,38.4302],[-123.1219,38.4303]]],[[[-123.1209,38.4307],[-123.1208,38.4308],[-123.1209,38.4307],[-123.1209,38.4307]]],[[[-123.122,38.4356],[-123.122,38.4357],[-123.1219,38.4355],[-123.122,38.4356]]],[[[-123.122,38.4359],[-123.122,38.436],[-123.122,38.4359],[-123.122,38.4359]]],[[[-123.1222,38.4365],[-123.1222,38.4365],[-123.1222,38.4365],[-123.1222,38.4365]]],[[[-123.1227,38.4383],[-123.1228,38.4384],[-123.1227,38.4381],[-123.1227,38.4383]]],[[[-123.1229,38.4387],[-123.123,38.4388],[-123.1229,38.4386],[-123.1229,38.4387]]],[[[-123.1235,38.4396],[-123.1233,38.4394],[-123.1234,38.4396],[-123.1235,38.4396]]],[[[-123.1434,38.4578],[-123.1434,38.4578],[-123.1434,38.4577],[-123.1434,38.4578]]],[[[-123.1435,38.4579],[-123.1436,38.4579],[-123.1434,38.4578],[-123.1435,38.4579]]],[[[-123.1455,38.459],[-123.1455,38.4591],[-123.1455,38.459],[-123.1455,38.459]]],[[[-123.1477,38.4599],[-123.1478,38.46],[-123.1476,38.4599],[-123.1477,38.4599]]],[[[-123.1482,38.4605],[-123.1482,38.4605],[-123.1482,38.4604],[-123.1482,38.4605]]],[[[-123.1484,38.4607],[-123.1485,38.4608],[-123.1483,38.4606],[-123.1484,38.4607]]],[[[-123.1519,38.4642],[-123.152,38.4643],[-123.1518,38.4641],[-123.1519,38.4642]]],[[[-123.1521,38.4643],[-123.1523,38.4644],[-123.152,38.4643],[-123.1521,38.4643]]],[[[-123.1574,38.4669],[-123.1575,38.467],[-123.1573,38.4669],[-123.1574,38.4669]]],[[[-123.1632,38.4685],[-123.1633,38.4685],[-123.1632,38.4684],[-123.1632,38.4685]]],[[[-123.1633,38.4687],[-123.1633,38.4687],[-123.1633,38.4687],[-123.1633,38.4687]]],[[[-123.1631,38.4688],[-123.163,38.4689],[-123.1631,38.4688],[-123.1631,38.4688]]],[[[-123.1627,38.469],[-123.1627,38.469],[-123.1627,38.469],[-123.1627,38.469]]],[[[-123.1654,38.4742],[-123.1654,38.4743],[-123.1654,38.4742],[-123.1654,38.4742]]],[[[-123.1699,38.4756],[-123.1699,38.4756],[-123.1699,38.4752],[-123.1699,38.4756]]],[[[-123.1695,38.4756],[-123.1694,38.4756],[-123.1695,38.4756],[-123.1695,38.4756]]],[[[-123.1755,38.4799],[-123.1756,38.48],[-123.1755,38.4799],[-123.1755,38.4799]]],[[[-123.1796,38.4821],[-123.1797,38.4821],[-123.1795,38.4821],[-123.1796,38.4821]]],[[[-123.2236,38.5],[-123.2238,38.5001],[-123.2235,38.4999],[-123.2236,38.5]]],[[[-123.2271,38.502],[-123.2273,38.502],[-123.2275,38.502],[-123.2271,38.502]]],[[[-123.2276,38.502],[-123.228,38.5022],[-123.2277,38.502],[-123.2276,38.502]]],[[[-123.2286,38.5025],[-123.2289,38.5025],[-123.2285,38.5024],[-123.2286,38.5025]]],[[[-123.2347,38.5066],[-123.2347,38.5066],[-123.2347,38.5065],[-123.2347,38.5066]]],[[[-123.2347,38.5069],[-123.2347,38.507],[-123.2347,38.5068],[-123.2347,38.5069]]],[[[-123.235,38.5091],[-123.235,38.5092],[-123.2349,38.5089],[-123.235,38.5091]]],[[[-123.2354,38.5094],[-123.2355,38.5095],[-123.2353,38.5094],[-123.2354,38.5094]]],[[[-123.2361,38.5096],[-123.2363,38.5098],[-123.2355,38.5095],[-123.2361,38.5096]]],[[[-123.2374,38.5098],[-123.2375,38.5099],[-123.2373,38.5098],[-123.2374,38.5098]]],[[[-123.2391,38.5098],[-123.2388,38.51],[-123.239,38.5099],[-123.2391,38.5098]]],[[[-123.2384,38.5101],[-123.238,38.5101],[-123.2381,38.5101],[-123.2384,38.5101]]],[[[-123.2454,38.5123],[-123.2454,38.5123],[-123.2454,38.5123],[-123.2454,38.5123]]],[[[-123.2454,38.5124],[-123.2454,38.5124],[-123.2454,38.5124],[-123.2454,38.5124]]],[[[-123.2455,38.5129],[-123.2455,38.5129],[-123.2454,38.5128],[-123.2455,38.5129]]],[[[-123.2459,38.5132],[-123.246,38.5132],[-123.2457,38.5132],[-123.2459,38.5132]]],[[[-123.2473,38.5133],[-123.2472,38.5133],[-123.2473,38.5133],[-123.2473,38.5133]]],[[[-123.2539,38.515],[-123.2539,38.5146],[-123.2539,38.5149],[-123.2539,38.515]]],[[[-123.2549,38.5161],[-123.2549,38.5161],[-123.2548,38.5161],[-123.2549,38.5161]]],[[[-123.2577,38.5166],[-123.2562,38.5167],[-123.2581,38.5166],[-123.2577,38.5166]]],[[[-123.256,38.5167],[-123.256,38.5167],[-123.2561,38.5167],[-123.256,38.5167]]],[[[-123.2582,38.5168],[-123.2583,38.5169],[-123.2582,38.5167],[-123.2582,38.5168]]],[[[-123.2582,38.5176],[-123.2583,38.5172],[-123.2582,38.5175],[-123.2582,38.5176]]],[[[-123.2594,38.519],[-123.2595,38.519],[-123.2594,38.5189],[-123.2594,38.519]]],[[[-123.2597,38.5195],[-123.2598,38.5195],[-123.2597,38.5193],[-123.2597,38.5195]]],[[[-123.2613,38.5199],[-123.2614,38.5199],[-123.2613,38.5198],[-123.2613,38.5199]]],[[[-123.2614,38.52],[-123.2614,38.5199],[-123.2614,38.5199],[-123.2614,38.52]]],[[[-123.2613,38.5205],[-123.2613,38.5204],[-123.2613,38.5204],[-123.2613,38.5205]]],[[[-123.2626,38.5205],[-123.2626,38.5205],[-123.2626,38.5205],[-123.2626,38.5205]]],[[[-123.2627,38.521],[-123.2627,38.521],[-123.2627,38.5209],[-123.2627,38.521]]],[[[-123.2631,38.5211],[-123.2632,38.5212],[-123.263,38.5211],[-123.2631,38.5211]]],[[[-123.2634,38.5216],[-123.2634,38.5216],[-123.2632,38.5212],[-123.2634,38.5216]]],[[[-123.2635,38.5216],[-123.2636,38.5217],[-123.2634,38.5216],[-123.2635,38.5216]]],[[[-123.2641,38.5218],[-123.2636,38.5217],[-123.2637,38.5218],[-123.2641,38.5218]]],[[[-123.2645,38.5221],[-123.2645,38.5222],[-123.2644,38.5219],[-123.2645,38.5221]]],[[[-123.2646,38.5224],[-123.2646,38.5224],[-123.2646,38.5223],[-123.2646,38.5224]]],[[[-123.2643,38.5227],[-123.2641,38.5228],[-123.2644,38.5227],[-123.2643,38.5227]]],[[[-123.2639,38.5231],[-123.2639,38.5232],[-123.2639,38.5231],[-123.2639,38.5231]]],[[[-123.2644,38.5239],[-123.2645,38.5239],[-123.2639,38.5232],[-123.2644,38.5239]]],[[[-123.2645,38.524],[-123.2646,38.524],[-123.2646,38.524],[-123.2645,38.524]]],[[[-123.2652,38.524],[-123.2654,38.524],[-123.2652,38.524],[-123.2652,38.524]]],[[[-123.2662,38.5242],[-123.2662,38.5243],[-123.2659,38.5242],[-123.2662,38.5242]]],[[[-123.2667,38.5244],[-123.2668,38.5244],[-123.2664,38.5243],[-123.2667,38.5244]]],[[[-123.2674,38.5244],[-123.2672,38.5244],[-123.2676,38.5245],[-123.2674,38.5244]]],[[[-123.2668,38.5244],[-123.2668,38.5244],[-123.2668,38.5244],[-123.2668,38.5244]]],[[[-123.2681,38.5247],[-123.2682,38.5247],[-123.268,38.5246],[-123.2681,38.5247]]],[[[-123.2689,38.525],[-123.269,38.525],[-123.2688,38.5249],[-123.2689,38.525]]],[[[-123.269,38.5251],[-123.269,38.5251],[-123.269,38.5251],[-123.269,38.5251]]],[[[-123.2788,38.5335],[-123.2788,38.5335],[-123.2788,38.5335],[-123.2788,38.5335]]],[[[-123.2787,38.534],[-123.2787,38.5341],[-123.2787,38.5339],[-123.2787,38.534]]],[[[-123.2787,38.5342],[-123.2787,38.5343],[-123.2787,38.5342],[-123.2787,38.5342]]],[[[-123.2789,38.5349],[-123.2789,38.5347],[-123.2788,38.5347],[-123.2789,38.5349]]],[[[-123.2791,38.5359],[-123.2791,38.536],[-123.2791,38.5359],[-123.2791,38.5359]]],[[[-123.2793,38.5363],[-123.2792,38.5361],[-123.2792,38.5361],[-123.2793,38.5363]]],[[[-123.2795,38.5363],[-123.2795,38.5363],[-123.2794,38.5363],[-123.2795,38.5363]]],[[[-123.2828,38.5364],[-123.2828,38.5364],[-123.2828,38.5364],[-123.2828,38.5364]]],[[[-123.2868,38.5404],[-123.2867,38.5402],[-123.2867,38.5403],[-123.2868,38.5404]]],[[[-123.2876,38.5402],[-123.2877,38.5403],[-123.2876,38.5403],[-123.2876,38.5402]]],[[[-123.2877,38.5407],[-123.2877,38.5407],[-123.2877,38.5407],[-123.2877,38.5407]]],[[[-123.2878,38.5409],[-123.2878,38.5409],[-123.2878,38.5409],[-123.2878,38.5409]]],[[[-123.2881,38.5411],[-123.2881,38.5411],[-123.288,38.541],[-123.2881,38.5411]]],[[[-123.2884,38.5413],[-123.2884,38.5413],[-123.2884,38.5413],[-123.2884,38.5413]]],[[[-123.2886,38.5413],[-123.2885,38.5413],[-123.2886,38.5413],[-123.2886,38.5413]]],[[[-123.2982,38.5444],[-123.2983,38.5444],[-123.2982,38.5444],[-123.2982,38.5444]]],[[[-123.2981,38.5445],[-123.2981,38.5446],[-123.2982,38.5444],[-123.2981,38.5445]]],[[[-123.2981,38.5451],[-123.298,38.545],[-123.298,38.5451],[-123.2981,38.5451]]],[[[-123.2984,38.5451],[-123.2984,38.5451],[-123.2984,38.5451],[-123.2984,38.5451]]],[[[-123.298,38.5454],[-123.298,38.5454],[-123.2981,38.5454],[-123.298,38.5454]]],[[[-123.2979,38.5455],[-123.298,38.5455],[-123.298,38.5455],[-123.2979,38.5455]]],[[[-123.2979,38.5457],[-123.2979,38.5457],[-123.2979,38.5457],[-123.2979,38.5457]]],[[[-123.299,38.547],[-123.2984,38.5471],[-123.2985,38.5471],[-123.299,38.547]]],[[[-123.2979,38.5471],[-123.2979,38.5471],[-123.2979,38.5471],[-123.2979,38.5471]]],[[[-123.3012,38.5475],[-123.3012,38.5473],[-123.3012,38.5473],[-123.3012,38.5475]]],[[[-123.3013,38.5476],[-123.3013,38.5476],[-123.3012,38.5475],[-123.3013,38.5476]]],[[[-123.3017,38.5476],[-123.3013,38.5476],[-123.3017,38.5477],[-123.3017,38.5476]]],[[[-123.3026,38.5481],[-123.3026,38.5481],[-123.3026,38.5481],[-123.3026,38.5481]]],[[[-123.3056,38.5531],[-123.3056,38.5531],[-123.3057,38.5531],[-123.3056,38.5531]]],[[[-123.3035,38.5549],[-123.3034,38.555],[-123.3035,38.5549],[-123.3035,38.5549]]],[[[-123.3034,38.555],[-123.3034,38.5551],[-123.3034,38.555],[-123.3034,38.555]]],[[[-123.3035,38.5555],[-123.3035,38.5555],[-123.3034,38.5554],[-123.3035,38.5555]]],[[[-123.3039,38.5556],[-123.3039,38.5556],[-123.3036,38.5555],[-123.3039,38.5556]]],[[[-123.3044,38.556],[-123.3045,38.556],[-123.3041,38.5557],[-123.3044,38.556]]],[[[-123.3056,38.556],[-123.3056,38.556],[-123.3056,38.556],[-123.3056,38.556]]],[[[-123.3059,38.556],[-123.3059,38.556],[-123.3059,38.556],[-123.3059,38.556]]],[[[-123.3055,38.5561],[-123.3055,38.5561],[-123.3055,38.5561],[-123.3055,38.5561]]],[[[-123.3055,38.5561],[-123.3055,38.5561],[-123.3055,38.5561],[-123.3055,38.5561]]],[[[-123.3102,38.5562],[-123.3101,38.5563],[-123.3102,38.5561],[-123.3102,38.5562]]],[[[-123.31,38.5564],[-123.31,38.5565],[-123.31,38.5564],[-123.31,38.5564]]],[[[-123.3109,38.5565],[-123.3109,38.5565],[-123.3109,38.5565],[-123.3109,38.5565]]],[[[-123.3102,38.5565],[-123.3102,38.5565],[-123.3102,38.5565],[-123.3102,38.5565]]],[[[-123.3113,38.5571],[-123.3113,38.5571],[-123.3113,38.5571],[-123.3113,38.5571]]],[[[-123.3117,38.5571],[-123.3117,38.5571],[-123.3117,38.5571],[-123.3117,38.5571]]],[[[-123.3123,38.5572],[-123.3123,38.5572],[-123.3124,38.5572],[-123.3123,38.5572]]],[[[-123.3205,38.5605],[-123.3205,38.5605],[-123.3204,38.5605],[-123.3205,38.5605]]],[[[-123.3212,38.5605],[-123.3209,38.5605],[-123.3212,38.5604],[-123.3212,38.5605]]],[[[-123.3261,38.5643],[-123.3261,38.5643],[-123.3261,38.5643],[-123.3261,38.5643]]],[[[-123.3273,38.5651],[-123.3269,38.5648],[-123.3269,38.5648],[-123.3273,38.5651]]],[[[-123.3289,38.5658],[-123.3292,38.5657],[-123.3291,38.5657],[-123.3289,38.5658]]],[[[-123.3293,38.5658],[-123.3295,38.5659],[-123.3293,38.5657],[-123.3293,38.5658]]],[[[-123.3294,38.5669],[-123.3294,38.5669],[-123.3292,38.5667],[-123.3294,38.5669]]],[[[-122.8638,38.5812],[-122.8609,38.582],[-122.8617,38.585],[-122.8658,38.5844],[-122.8638,38.5812]]],[[[-123.3359,38.5696],[-123.3359,38.5695],[-123.3359,38.5695],[-123.3359,38.5696]]],[[[-123.3356,38.5701],[-123.3358,38.5698],[-123.3357,38.5699],[-123.3356,38.5701]]],[[[-123.3357,38.5705],[-123.3358,38.5706],[-123.3357,38.5705],[-123.3357,38.5705]]],[[[-123.3366,38.5706],[-123.3366,38.5707],[-123.3366,38.5706],[-123.3366,38.5706]]],[[[-123.337,38.5707],[-123.337,38.5707],[-123.337,38.5707],[-123.337,38.5707]]],[[[-123.3365,38.5707],[-123.3365,38.5707],[-123.3363,38.5707],[-123.3365,38.5707]]],[[[-123.3361,38.5707],[-123.3361,38.5707],[-123.3362,38.5707],[-123.3361,38.5707]]],[[[-123.3378,38.5709],[-123.3379,38.5709],[-123.3374,38.5709],[-123.3378,38.5709]]],[[[-123.3385,38.5709],[-123.3385,38.5709],[-123.3385,38.5709],[-123.3385,38.5709]]],[[[-123.3382,38.5715],[-123.3382,38.5716],[-123.3384,38.5711],[-123.3382,38.5715]]],[[[-123.3384,38.5718],[-123.3384,38.5719],[-123.3384,38.5718],[-123.3384,38.5718]]],[[[-123.3386,38.572],[-123.3386,38.572],[-123.3386,38.572],[-123.3386,38.572]]],[[[-123.3402,38.5765],[-123.3402,38.5765],[-123.3402,38.5765],[-123.3402,38.5765]]],[[[-123.3403,38.5773],[-123.3403,38.5774],[-123.3403,38.5774],[-123.3403,38.5773]]],[[[-122.8645,38.5912],[-122.8661,38.5913],[-122.8657,38.5897],[-122.8645,38.5912]]],[[[-123.3401,38.5777],[-123.3401,38.5777],[-123.3401,38.5777],[-123.3401,38.5777]]],[[[-123.3395,38.5789],[-123.3399,38.578],[-123.3397,38.5783],[-123.3395,38.5789]]],[[[-123.3393,38.5795],[-123.3393,38.5795],[-123.3393,38.5794],[-123.3393,38.5795]]],[[[-123.3392,38.5796],[-123.3391,38.5796],[-123.3392,38.5795],[-123.3392,38.5796]]],[[[-123.3389,38.58],[-123.3389,38.5805],[-123.3391,38.5797],[-123.3389,38.58]]],[[[-122.8492,38.5929],[-122.856,38.6035],[-122.8519,38.6077],[-122.8558,38.6084],[-122.8449,38.6088],[-122.8424,38.6117],[-122.8436,38.6145],[-122.8488,38.6132],[-122.8465,38.615],[-122.8472,38.6239],[-122.8516,38.6228],[-122.8542,38.6279],[-122.8623,38.6279],[-122.8665,38.6377],[-122.8542,38.6424],[-122.854,38.6497],[-122.8689,38.6497],[-122.875,38.6425],[-122.8859,38.6392],[-122.8853,38.6363],[-122.8775,38.636],[-122.8785,38.6142],[-122.8678,38.6035],[-122.8725,38.6004],[-122.8649,38.6021],[-122.8492,38.5929]]],[[[-123.3387,38.5807],[-123.3387,38.5808],[-123.3387,38.5807],[-123.3387,38.5807]]],[[[-123.3357,38.5808],[-123.3357,38.5808],[-123.3358,38.5809],[-123.3357,38.5808]]],[[[-123.3354,38.5809],[-123.3356,38.5808],[-123.3354,38.5808],[-123.3354,38.5809]]],[[[-123.3361,38.5812],[-123.3361,38.5812],[-123.3361,38.5812],[-123.3361,38.5812]]],[[[-123.3386,38.5812],[-123.3385,38.5813],[-123.3386,38.5812],[-123.3386,38.5812]]],[[[-123.3365,38.5812],[-123.3365,38.5812],[-123.3369,38.5813],[-123.3365,38.5812]]],[[[-123.3351,38.5819],[-123.3351,38.582],[-123.3351,38.5815],[-123.3351,38.5819]]],[[[-123.3354,38.5825],[-123.3355,38.5826],[-123.3353,38.5825],[-123.3354,38.5825]]],[[[-123.3389,38.5833],[-123.3386,38.5832],[-123.3386,38.5832],[-123.3389,38.5833]]],[[[-123.3392,38.5835],[-123.3392,38.5836],[-123.3391,38.5835],[-123.3392,38.5835]]],[[[-123.3402,38.5851],[-123.3402,38.5851],[-123.3397,38.584],[-123.3402,38.5851]]],[[[-123.3409,38.5856],[-123.341,38.5857],[-123.3409,38.5856],[-123.3409,38.5856]]],[[[-123.3416,38.5874],[-123.3416,38.5876],[-123.3418,38.5872],[-123.3416,38.5874]]],[[[-123.3417,38.5882],[-123.3416,38.5882],[-123.3416,38.5882],[-123.3417,38.5882]]],[[[-122.8786,38.6013],[-122.8811,38.6048],[-122.8824,38.6044],[-122.8786,38.6013]]],[[[-123.3434,38.5895],[-123.3434,38.5896],[-123.3434,38.5894],[-123.3434,38.5895]]],[[[-123.3493,38.5957],[-123.3493,38.5957],[-123.3493,38.5956],[-123.3493,38.5957]]],[[[-122.8813,38.61],[-122.8819,38.611],[-122.8816,38.6099],[-122.8813,38.61]]],[[[-123.3669,38.608],[-123.3669,38.6081],[-123.3669,38.608],[-123.3669,38.608]]],[[[-123.3667,38.6085],[-123.3667,38.6085],[-123.3667,38.6084],[-123.3667,38.6085]]],[[[-123.3667,38.6087],[-123.3667,38.6088],[-123.3667,38.6087],[-123.3667,38.6087]]],[[[-123.3668,38.6092],[-123.3668,38.6092],[-123.3668,38.6092],[-123.3668,38.6092]]],[[[-123.3667,38.6111],[-123.3667,38.6111],[-123.3668,38.6111],[-123.3667,38.6111]]],[[[-123.3664,38.6113],[-123.3663,38.6113],[-123.3666,38.6112],[-123.3664,38.6113]]],[[[-123.366,38.6119],[-123.3661,38.612],[-123.3661,38.6114],[-123.366,38.6119]]],[[[-123.3765,38.6188],[-123.3765,38.6188],[-123.3764,38.6188],[-123.3765,38.6188]]],[[[-123.3765,38.6189],[-123.3765,38.6189],[-123.3765,38.6189],[-123.3765,38.6189]]],[[[-123.3766,38.6189],[-123.3767,38.619],[-123.3765,38.6189],[-123.3766,38.6189]]],[[[-123.3792,38.6217],[-123.3792,38.6217],[-123.3791,38.6216],[-123.3792,38.6217]]],[[[-123.3801,38.6223],[-123.3803,38.6224],[-123.3803,38.6224],[-123.3801,38.6223]]],[[[-123.3803,38.6223],[-123.3803,38.6223],[-123.3803,38.6223],[-123.3803,38.6223]]],[[[-123.3804,38.6223],[-123.3806,38.6225],[-123.3805,38.6223],[-123.3804,38.6223]]],[[[-123.3809,38.6235],[-123.381,38.6236],[-123.3809,38.6235],[-123.3809,38.6235]]],[[[-123.382,38.6252],[-123.382,38.6252],[-123.382,38.6252],[-123.382,38.6252]]],[[[-123.3821,38.6257],[-123.3819,38.6255],[-123.382,38.6255],[-123.3821,38.6257]]],[[[-123.3834,38.6258],[-123.3834,38.6258],[-123.3834,38.6258],[-123.3834,38.6258]]],[[[-123.3842,38.6263],[-123.3842,38.6263],[-123.3842,38.6263],[-123.3842,38.6263]]],[[[-123.3845,38.6263],[-123.3845,38.6263],[-123.3845,38.6263],[-123.3845,38.6263]]],[[[-123.3844,38.6265],[-123.3844,38.6265],[-123.3844,38.6264],[-123.3844,38.6265]]],[[[-123.3845,38.6267],[-123.3846,38.6267],[-123.3844,38.6267],[-123.3845,38.6267]]],[[[-123.385,38.6273],[-123.3849,38.6272],[-123.3849,38.6273],[-123.385,38.6273]]],[[[-123.3851,38.6274],[-123.3851,38.6274],[-123.3851,38.6274],[-123.3851,38.6274]]],[[[-123.3863,38.6275],[-123.3864,38.6275],[-123.3863,38.6274],[-123.3863,38.6275]]],[[[-123.3865,38.6282],[-123.3865,38.6282],[-123.3865,38.6282],[-123.3865,38.6282]]],[[[-123.3862,38.6286],[-123.3862,38.6287],[-123.3863,38.6285],[-123.3862,38.6286]]],[[[-123.3863,38.6288],[-123.3863,38.6288],[-123.3862,38.6287],[-123.3863,38.6288]]],[[[-123.3869,38.6289],[-123.3869,38.6289],[-123.3869,38.6289],[-123.3869,38.6289]]],[[[-123.3867,38.629],[-123.3867,38.629],[-123.3866,38.629],[-123.3867,38.629]]],[[[-123.3869,38.629],[-123.3869,38.629],[-123.3869,38.629],[-123.3869,38.629]]],[[[-123.3898,38.6298],[-123.3898,38.6299],[-123.3898,38.6298],[-123.3898,38.6298]]],[[[-123.3875,38.6322],[-123.3875,38.6321],[-123.3875,38.6321],[-123.3875,38.6322]]],[[[-123.3892,38.6344],[-123.3892,38.6344],[-123.3892,38.6343],[-123.3892,38.6344]]],[[[-123.3904,38.6358],[-123.3904,38.6358],[-123.3904,38.6357],[-123.3904,38.6358]]],[[[-123.3905,38.6359],[-123.3905,38.6359],[-123.3905,38.6359],[-123.3905,38.6359]]],[[[-122.8963,38.6489],[-122.9002,38.6569],[-122.9029,38.6569],[-122.8963,38.6489]]],[[[-123.3908,38.6361],[-123.3908,38.6361],[-123.3906,38.636],[-123.3908,38.6361]]],[[[-123.3935,38.6368],[-123.3935,38.6368],[-123.3934,38.6368],[-123.3935,38.6368]]],[[[-123.3953,38.6379],[-123.3954,38.6378],[-123.3954,38.6377],[-123.3953,38.6379]]],[[[-123.3952,38.638],[-123.3951,38.638],[-123.3952,38.638],[-123.3952,38.638]]],[[[-123.3937,38.6381],[-123.3936,38.6381],[-123.3937,38.6381],[-123.3937,38.6381]]],[[[-123.394,38.6381],[-123.3943,38.6381],[-123.3941,38.6381],[-123.394,38.6381]]],[[[-123.3935,38.6383],[-123.3935,38.6383],[-123.3935,38.6383],[-123.3935,38.6383]]],[[[-123.3933,38.6391],[-123.3933,38.6389],[-123.3933,38.639],[-123.3933,38.6391]]],[[[-123.3937,38.64],[-123.3934,38.6394],[-123.3935,38.6397],[-123.3937,38.64]]],[[[-123.394,38.6403],[-123.394,38.6403],[-123.3939,38.6402],[-123.394,38.6403]]],[[[-123.3943,38.6404],[-123.3943,38.6404],[-123.3943,38.6404],[-123.3943,38.6404]]],[[[-123.3951,38.641],[-123.3947,38.6409],[-123.3948,38.6409],[-123.3951,38.641]]],[[[-123.3954,38.641],[-123.3954,38.641],[-123.3952,38.641],[-123.3954,38.641]]],[[[-123.3958,38.6415],[-123.3958,38.6415],[-123.3958,38.6415],[-123.3958,38.6415]]],[[[-123.396,38.6418],[-123.3961,38.6419],[-123.396,38.6418],[-123.396,38.6418]]],[[[-123.3964,38.6421],[-123.3964,38.6421],[-123.3964,38.6421],[-123.3964,38.6421]]],[[[-123.3964,38.6421],[-123.3964,38.6421],[-123.3964,38.6421],[-123.3964,38.6421]]],[[[-123.3974,38.6428],[-123.3975,38.6428],[-123.3975,38.6428],[-123.3974,38.6428]]],[[[-122.8569,38.6324],[-122.8568,38.6323],[-122.8568,38.6324],[-122.8569,38.6324]]],[[[-122.8607,38.6317],[-122.8596,38.6304],[-122.859,38.6308],[-122.8607,38.6317]]],[[[-123.4002,38.6449],[-123.4002,38.6449],[-123.4003,38.6449],[-123.4002,38.6449]]],[[[-123.4001,38.645],[-123.4001,38.645],[-123.4001,38.645],[-123.4001,38.645]]],[[[-123.4001,38.6453],[-123.4001,38.6453],[-123.4001,38.6453],[-123.4001,38.6453]]],[[[-123.3999,38.6454],[-123.3999,38.6454],[-123.4,38.6454],[-123.3999,38.6454]]],[[[-123.3983,38.6469],[-123.3983,38.6469],[-123.3983,38.6469],[-123.3983,38.6469]]],[[[-123.4001,38.65],[-123.4,38.6498],[-123.4,38.6499],[-123.4001,38.65]]],[[[-123.4016,38.6499],[-123.4014,38.6499],[-123.4016,38.6499],[-123.4016,38.6499]]],[[[-123.4006,38.65],[-123.4006,38.65],[-123.4009,38.65],[-123.4006,38.65]]],[[[-123.4004,38.65],[-123.4003,38.65],[-123.4004,38.65],[-123.4004,38.65]]],[[[-123.4025,38.6501],[-123.4025,38.6501],[-123.4025,38.6501],[-123.4025,38.6501]]],[[[-123.4025,38.6502],[-123.4026,38.6502],[-123.4025,38.6501],[-123.4025,38.6502]]],[[[-123.4026,38.6502],[-123.4027,38.6503],[-123.4026,38.6502],[-123.4026,38.6502]]],[[[-123.4026,38.6504],[-123.4026,38.6504],[-123.4026,38.6504],[-123.4026,38.6504]]],[[[-123.4023,38.6505],[-123.4023,38.6505],[-123.4024,38.6504],[-123.4023,38.6505]]],[[[-123.4024,38.6507],[-123.4024,38.6508],[-123.4023,38.6506],[-123.4024,38.6507]]],[[[-123.4025,38.6509],[-123.4025,38.6509],[-123.4025,38.6509],[-123.4025,38.6509]]],[[[-123.4026,38.6511],[-123.4028,38.6511],[-123.4028,38.6511],[-123.4026,38.6511]]],[[[-123.4029,38.6511],[-123.4029,38.6511],[-123.403,38.6511],[-123.4029,38.6511]]],[[[-123.4032,38.6512],[-123.4032,38.6512],[-123.4032,38.6512],[-123.4032,38.6512]]],[[[-123.4033,38.6512],[-123.4033,38.6512],[-123.4033,38.6512],[-123.4033,38.6512]]],[[[-123.4042,38.6523],[-123.404,38.652],[-123.4041,38.6522],[-123.4042,38.6523]]],[[[-123.4046,38.6524],[-123.4047,38.6524],[-123.4045,38.6523],[-123.4046,38.6524]]],[[[-123.4051,38.6524],[-123.4051,38.6525],[-123.4051,38.6524],[-123.4051,38.6524]]],[[[-123.4052,38.6525],[-123.4052,38.6525],[-123.4052,38.6525],[-123.4052,38.6525]]],[[[-123.4052,38.6525],[-123.4052,38.6525],[-123.4052,38.6525],[-123.4052,38.6525]]],[[[-123.4049,38.6525],[-123.405,38.6525],[-123.4049,38.6525],[-123.4049,38.6525]]],[[[-123.4052,38.6525],[-123.4052,38.6525],[-123.4052,38.6525],[-123.4052,38.6525]]],[[[-123.4055,38.6535],[-123.4055,38.6534],[-123.4055,38.6534],[-123.4055,38.6535]]],[[[-123.4058,38.6534],[-123.4057,38.6535],[-123.4058,38.6534],[-123.4058,38.6534]]],[[[-123.4064,38.6534],[-123.4066,38.6534],[-123.4064,38.6534],[-123.4064,38.6534]]],[[[-123.4055,38.6535],[-123.4055,38.6535],[-123.4056,38.6535],[-123.4055,38.6535]]],[[[-123.4072,38.6535],[-123.4072,38.6535],[-123.4072,38.6535],[-123.4072,38.6535]]],[[[-123.4073,38.6535],[-123.4073,38.6535],[-123.4073,38.6535],[-123.4073,38.6535]]],[[[-123.408,38.6543],[-123.4081,38.6543],[-123.4079,38.6543],[-123.408,38.6543]]],[[[-123.4093,38.6596],[-123.4093,38.6596],[-123.4093,38.6596],[-123.4093,38.6596]]],[[[-123.4088,38.6607],[-123.4088,38.6607],[-123.4088,38.6607],[-123.4088,38.6607]]],[[[-123.4088,38.6608],[-123.4088,38.6608],[-123.4088,38.6608],[-123.4088,38.6608]]],[[[-123.4174,38.6712],[-123.4174,38.6712],[-123.4171,38.671],[-123.4174,38.6712]]],[[[-123.4176,38.6714],[-123.4176,38.6714],[-123.4176,38.6714],[-123.4176,38.6714]]],[[[-123.432,38.6809],[-123.4321,38.681],[-123.4318,38.6808],[-123.432,38.6809]]],[[[-123.4322,38.681],[-123.4322,38.681],[-123.4322,38.681],[-123.4322,38.681]]],[[[-123.4333,38.6893],[-123.4333,38.6894],[-123.4333,38.6892],[-123.4333,38.6893]]],[[[-123.4334,38.6896],[-123.4335,38.6896],[-123.4334,38.6896],[-123.4334,38.6896]]],[[[-123.4336,38.6897],[-123.4337,38.6897],[-123.4336,38.6897],[-123.4336,38.6897]]],[[[-123.4343,38.6899],[-123.4343,38.69],[-123.4342,38.6899],[-123.4343,38.6899]]],[[[-123.4345,38.6901],[-123.4345,38.6901],[-123.4344,38.69],[-123.4345,38.6901]]],[[[-123.4351,38.6902],[-123.4352,38.6903],[-123.4348,38.6901],[-123.4351,38.6902]]],[[[-123.4346,38.6902],[-123.4347,38.6902],[-123.4346,38.6902],[-123.4346,38.6902]]],[[[-123.4346,38.6902],[-123.4346,38.6902],[-123.4346,38.6902],[-123.4346,38.6902]]],[[[-123.4353,38.6905],[-123.4353,38.6905],[-123.4352,38.6904],[-123.4353,38.6905]]],[[[-123.4353,38.6905],[-123.4354,38.6905],[-123.4353,38.6905],[-123.4353,38.6905]]],[[[-123.4398,38.6942],[-123.4398,38.6942],[-123.4398,38.6942],[-123.4398,38.6942]]],[[[-123.4407,38.6976],[-123.4408,38.6976],[-123.4407,38.6976],[-123.4407,38.6976]]],[[[-123.4409,38.6977],[-123.4409,38.6977],[-123.4409,38.6977],[-123.4409,38.6977]]],[[[-123.4551,38.7109],[-123.4551,38.7109],[-123.4552,38.7108],[-123.4551,38.7109]]],[[[-123.4551,38.7113],[-123.4551,38.7113],[-123.4551,38.7112],[-123.4551,38.7113]]],[[[-123.4555,38.7119],[-123.4555,38.7119],[-123.4554,38.7118],[-123.4555,38.7119]]],[[[-123.4557,38.7122],[-123.4558,38.7122],[-123.4556,38.712],[-123.4557,38.7122]]],[[[-123.4644,38.7188],[-123.4644,38.7188],[-123.4644,38.7188],[-123.4644,38.7188]]],[[[-123.4644,38.7193],[-123.4644,38.7193],[-123.4644,38.7193],[-123.4644,38.7193]]],[[[-123.4656,38.7197],[-123.4657,38.7197],[-123.4656,38.7196],[-123.4656,38.7197]]],[[[-123.466,38.7196],[-123.466,38.7196],[-123.466,38.7196],[-123.466,38.7196]]],[[[-123.4728,38.7225],[-123.4725,38.7225],[-123.4728,38.7225],[-123.4728,38.7225]]],[[[-123.4722,38.7225],[-123.4722,38.7225],[-123.4722,38.7225],[-123.4722,38.7225]]],[[[-123.4759,38.7227],[-123.4755,38.7225],[-123.4756,38.7225],[-123.4759,38.7227]]],[[[-123.476,38.7227],[-123.476,38.7227],[-123.476,38.7227],[-123.476,38.7227]]],[[[-123.4761,38.7231],[-123.4761,38.7229],[-123.476,38.7228],[-123.4761,38.7231]]],[[[-123.4761,38.7231],[-123.4762,38.7231],[-123.4761,38.7231],[-123.4761,38.7231]]],[[[-123.4766,38.7233],[-123.4766,38.7233],[-123.4766,38.7233],[-123.4766,38.7233]]],[[[-123.4765,38.7234],[-123.4765,38.7234],[-123.4765,38.7234],[-123.4765,38.7234]]],[[[-123.4765,38.7235],[-123.4765,38.7236],[-123.4765,38.7235],[-123.4765,38.7235]]],[[[-123.4766,38.7236],[-123.4767,38.7236],[-123.4765,38.7236],[-123.4766,38.7236]]],[[[-123.4771,38.7238],[-123.477,38.7237],[-123.477,38.7237],[-123.4771,38.7238]]],[[[-123.4772,38.724],[-123.4772,38.724],[-123.4772,38.7239],[-123.4772,38.724]]],[[[-123.4777,38.7239],[-123.4777,38.7239],[-123.4777,38.7239],[-123.4777,38.7239]]],[[[-123.4774,38.724],[-123.4772,38.724],[-123.4773,38.724],[-123.4774,38.724]]],[[[-123.4785,38.7243],[-123.4785,38.7243],[-123.4784,38.7243],[-123.4785,38.7243]]],[[[-123.4786,38.7244],[-123.4786,38.7244],[-123.4786,38.7244],[-123.4786,38.7244]]],[[[-123.4803,38.7256],[-123.4803,38.7256],[-123.4803,38.7256],[-123.4803,38.7256]]],[[[-123.4804,38.7259],[-123.4804,38.7259],[-123.4803,38.7257],[-123.4804,38.7259]]],[[[-123.4804,38.7261],[-123.4804,38.7261],[-123.4804,38.7261],[-123.4804,38.7261]]],[[[-123.4805,38.7263],[-123.4806,38.7263],[-123.4805,38.7263],[-123.4805,38.7263]]],[[[-123.4807,38.7264],[-123.4808,38.7264],[-123.4807,38.7264],[-123.4807,38.7264]]],[[[-123.4818,38.7265],[-123.4819,38.7266],[-123.4819,38.7266],[-123.4818,38.7265]]],[[[-123.4815,38.7266],[-123.4816,38.7266],[-123.4813,38.7266],[-123.4815,38.7266]]],[[[-123.4868,38.73],[-123.4868,38.73],[-123.4864,38.7299],[-123.4868,38.73]]],[[[-123.4874,38.73],[-123.4874,38.73],[-123.4875,38.73],[-123.4874,38.73]]],[[[-123.4869,38.73],[-123.4868,38.73],[-123.4869,38.73],[-123.4869,38.73]]],[[[-123.492,38.7351],[-123.492,38.7351],[-123.492,38.7351],[-123.492,38.7351]]],[[[-123.4921,38.7352],[-123.4922,38.7352],[-123.4921,38.7352],[-123.4921,38.7352]]],[[[-123.4923,38.7354],[-123.4923,38.7354],[-123.4924,38.7354],[-123.4923,38.7354]]],[[[-123.4919,38.7355],[-123.4919,38.7356],[-123.4922,38.7355],[-123.4919,38.7355]]],[[[-123.4922,38.7361],[-123.492,38.7358],[-123.492,38.7359],[-123.4922,38.7361]]],[[[-123.4925,38.7363],[-123.4925,38.7363],[-123.4925,38.7363],[-123.4925,38.7363]]],[[[-123.4935,38.7366],[-123.4935,38.7366],[-123.4935,38.7366],[-123.4935,38.7366]]],[[[-123.4936,38.7367],[-123.4937,38.7367],[-123.4936,38.7366],[-123.4936,38.7367]]],[[[-123.4948,38.7372],[-123.4948,38.7372],[-123.4948,38.7372],[-123.4948,38.7372]]],[[[-123.4945,38.7373],[-123.4946,38.7373],[-123.4946,38.7373],[-123.4945,38.7373]]],[[[-123.4954,38.7376],[-123.4952,38.7374],[-123.4952,38.7374],[-123.4954,38.7376]]],[[[-123.503,38.74],[-123.503,38.74],[-123.503,38.74],[-123.503,38.74]]],[[[-123.5031,38.74],[-123.5031,38.74],[-123.503,38.74],[-123.5031,38.74]]],[[[-123.5034,38.7401],[-123.5034,38.7401],[-123.5031,38.74],[-123.5034,38.7401]]],[[[-123.5036,38.7401],[-123.5036,38.7401],[-123.5036,38.7401],[-123.5036,38.7401]]],[[[-123.5138,38.7429],[-123.5138,38.7429],[-123.5138,38.7429],[-123.5138,38.7429]]],[[[-123.5158,38.7433],[-123.5158,38.7433],[-123.5158,38.7433],[-123.5158,38.7433]]],[[[-123.5176,38.7452],[-123.5176,38.7452],[-123.5176,38.7452],[-123.5176,38.7452]]],[[[-123.5182,38.7468],[-123.5181,38.7468],[-123.5182,38.7468],[-123.5182,38.7468]]],[[[-123.5181,38.7469],[-123.5181,38.7469],[-123.5181,38.7469],[-123.5181,38.7469]]],[[[-123.5182,38.747],[-123.5182,38.747],[-123.5182,38.747],[-123.5182,38.747]]],[[[-123.5201,38.7482],[-123.5202,38.7482],[-123.5202,38.7482],[-123.5201,38.7482]]],[[[-123.5259,38.7556],[-123.5259,38.7556],[-123.5259,38.7556],[-123.5259,38.7556]]],[[[-123.5262,38.7559],[-123.5262,38.7559],[-123.526,38.7558],[-123.5262,38.7559]]],[[[-123.5262,38.7562],[-123.5262,38.7562],[-123.5262,38.7561],[-123.5262,38.7562]]],[[[-123.5262,38.7564],[-123.5263,38.7564],[-123.5262,38.7563],[-123.5262,38.7564]]],[[[-123.5263,38.7565],[-123.5263,38.7565],[-123.5263,38.7565],[-123.5263,38.7565]]],[[[-123.5263,38.7565],[-123.5263,38.7565],[-123.5263,38.7565],[-123.5263,38.7565]]],[[[-123.5263,38.7568],[-123.5263,38.7569],[-123.5263,38.7566],[-123.5263,38.7568]]],[[[-123.5264,38.7573],[-123.5263,38.7571],[-123.5263,38.7571],[-123.5264,38.7573]]],[[[-123.5273,38.7574],[-123.5272,38.7575],[-123.5273,38.7574],[-123.5273,38.7574]]],[[[-123.5278,38.7575],[-123.5278,38.7575],[-123.5279,38.7575],[-123.5278,38.7575]]],[[[-123.5272,38.7575],[-123.5271,38.7575],[-123.5272,38.7575],[-123.5272,38.7575]]],[[[-123.5282,38.7575],[-123.5281,38.7575],[-123.5283,38.7576],[-123.5282,38.7575]]],[[[-121.1855,38.7216],[-121.1842,38.7252],[-121.1886,38.7252],[-121.1855,38.7216]]],[[[-120.0688,38.6799],[-120.0637,38.6797],[-120.0633,38.6894],[-120.0689,38.6922],[-120.0701,38.7057],[-120.0778,38.7057],[-120.0778,38.7023],[-120.0825,38.7021],[-120.0806,38.6871],[-120.0775,38.687],[-120.0778,38.6801],[-120.0688,38.6799]]],[[[-121.2886,38.1534],[-121.2953,38.1485],[-121.3003,38.1508],[-121.305,38.1481],[-121.3043,38.1519],[-121.3136,38.1489],[-121.316,38.145],[-121.3157,38.1228],[-121.3066,38.1227],[-121.311,38.1219],[-121.3066,38.12],[-121.3111,38.1193],[-121.3111,38.1156],[-121.3157,38.1156],[-121.3155,38.101],[-121.3061,38.1009],[-121.3061,38.1038],[-121.304,38.101],[-121.2732,38.1011],[-121.2737,38.0939],[-121.2604,38.0942],[-121.2616,38.1015],[-121.2572,38.1161],[-121.2491,38.1159],[-121.2492,38.1196],[-121.243,38.1195],[-121.2431,38.1293],[-121.2477,38.1305],[-121.2476,38.1338],[-121.2444,38.1339],[-121.2432,38.1303],[-121.2414,38.1376],[-121.2435,38.1493],[-121.2468,38.1514],[-121.2559,38.1461],[-121.2777,38.1507],[-121.274,38.1478],[-121.2769,38.1466],[-121.2803,38.1508],[-121.2833,38.1495],[-121.2823,38.1529],[-121.2886,38.1534]]],[[[-121.336,37.9492],[-121.3453,37.9424],[-121.3427,37.9392],[-121.2999,37.9362],[-121.2988,37.9429],[-121.3166,37.94],[-121.319,37.949],[-121.2956,37.9496],[-121.3115,37.9532],[-121.3335,37.9519],[-121.336,37.9492]]],[[[-121.3762,37.8218],[-121.3832,37.8116],[-121.3903,37.8078],[-121.3707,37.803],[-121.3392,37.7842],[-121.3352,37.7767],[-121.3232,37.7839],[-121.3156,37.7798],[-121.3076,37.7856],[-121.3101,37.7872],[-121.3079,37.7946],[-121.3119,37.7922],[-121.3149,37.794],[-121.3142,37.8047],[-121.3344,37.8085],[-121.335,37.8195],[-121.3403,37.8215],[-121.342,37.8167],[-121.3481,37.8208],[-121.3561,37.8166],[-121.3762,37.8218]]],[[[-121.5177,37.7792],[-121.5149,37.7908],[-121.5168,37.7929],[-121.5337,37.805],[-121.5573,37.8156],[-121.5571,37.7469],[-121.5533,37.7434],[-121.5316,37.7424],[-121.5314,37.7813],[-121.5176,37.7744],[-121.5177,37.7792]]],[[[-120.9969,37.759],[-120.9989,37.7537],[-121.0082,37.7489],[-121.0127,37.7494],[-121.011,37.7517],[-121.0149,37.7532],[-121.0114,37.7558],[-121.0178,37.7552],[-121.0259,37.7419],[-121.0363,37.743],[-121.0381,37.739],[-121.0511,37.7417],[-121.0509,37.7454],[-121.0537,37.7457],[-121.0517,37.7482],[-121.0566,37.7504],[-121.0646,37.7465],[-121.0631,37.7437],[-121.0668,37.7447],[-121.0669,37.7395],[-121.0772,37.7374],[-121.0878,37.7413],[-121.0944,37.7332],[-121.1011,37.7373],[-121.1003,37.7404],[-121.1102,37.742],[-121.1096,37.7351],[-121.1055,37.7325],[-121.1168,37.724],[-121.1317,37.7218],[-121.1364,37.7247],[-121.1463,37.7175],[-121.1551,37.7203],[-121.1619,37.708],[-121.1591,37.7048],[-121.1666,37.702],[-121.1635,37.7003],[-121.169,37.6992],[-121.1772,37.7062],[-121.1798,37.7039],[-121.176,37.6995],[-121.1825,37.6982],[-121.1786,37.6916],[-121.1827,37.6899],[-121.1809,37.6878],[-121.1875,37.6874],[-121.1941,37.6947],[-121.1991,37.6901],[-121.2015,37.693],[-121.1995,37.6959],[-121.2059,37.6949],[-121.2083,37.6864],[-121.2163,37.6877],[-121.2233,37.6835],[-121.2207,37.6714],[-121.2289,37.6689],[-121.2295,37.6632],[-121.2419,37.6646],[-121.2386,37.6539],[-121.2237,37.6493],[-121.229,37.6399],[-121.2254,37.6372],[-121.2181,37.6379],[-121.2136,37.6272],[-121.2101,37.6273],[-121.2103,37.6331],[-121.205,37.6368],[-121.1952,37.6377],[-121.19,37.631],[-121.1907,37.6272],[-121.1833,37.6257],[-121.1867,37.6245],[-121.1839,37.6148],[-121.1726,37.6103],[-121.1743,37.6063],[-121.1784,37.6063],[-121.1765,37.6026],[-121.1794,37.5985],[-121.17,37.5985],[-121.1775,37.5957],[-121.1722,37.5928],[-121.167,37.5814],[-121.1571,37.5824],[-121.1594,37.5756],[-121.1533,37.5669],[-121.1531,37.5572],[-121.1477,37.5549],[-121.1477,37.5606],[-121.1305,37.5588],[-121.1273,37.5537],[-121.1231,37.5541],[-121.1231,37.5471],[-121.1152,37.5416],[-121.1421,37.5285],[-121.1535,37.5375],[-121.1637,37.5352],[-121.1767,37.5387],[-121.1883,37.5293],[-121.1952,37.5294],[-121.1861,37.5261],[-121.1863,37.5041],[-121.1819,37.5014],[-121.1862,37.5006],[-121.1862,37.4962],[-121.1953,37.4933],[-121.2864,37.4931],[-121.2861,37.4501],[-121.3134,37.4499],[-121.3189,37.4427],[-121.3476,37.4402],[-121.3528,37.433],[-121.3934,37.4325],[-121.3934,37.4252],[-121.425,37.4253],[-121.4249,37.418],[-121.4429,37.4179],[-121.4437,37.4036],[-121.4508,37.4036],[-121.4522,37.3959],[-121.447,37.3926],[-121.4357,37.3962],[-121.4232,37.3934],[-121.4117,37.3892],[-121.4082,37.3805],[-121.415,37.3757],[-121.4228,37.3586],[-121.4186,37.3518],[-121.42,37.3446],[-121.4086,37.3305],[-121.4114,37.3244],[-121.4053,37.3109],[-121.4187,37.302],[-121.3506,37.3026],[-121.3373,37.2959],[-121.3356,37.2917],[-121.3073,37.301],[-121.2928,37.2941],[-121.2912,37.2891],[-121.2686,37.2808],[-121.2478,37.2807],[-121.2426,37.286],[-121.2364,37.2828],[-121.2336,37.2872],[-121.2215,37.2871],[-121.2147,37.2902],[-121.2153,37.3479],[-121.2062,37.3479],[-121.2061,37.3552],[-121.2153,37.3551],[-121.2152,37.3582],[-121.2014,37.3723],[-121.1942,37.3681],[-121.1922,37.3711],[-121.185,37.3704],[-121.1849,37.3654],[-121.1718,37.3596],[-121.1543,37.3613],[-121.1392,37.37],[-121.125,37.3699],[-121.1295,37.3841],[-121.1388,37.3973],[-121.1366,37.3975],[-121.1234,37.3917],[-121.0701,37.3913],[-121.0446,37.3603],[-121.0446,37.3636],[-121.0235,37.3836],[-121.0298,37.3874],[-121.0035,37.4125],[-120.9929,37.4097],[-120.9969,37.4061],[-120.9955,37.4017],[-120.9879,37.4032],[-120.984,37.3994],[-120.9899,37.3955],[-120.9941,37.3855],[-120.9828,37.3864],[-120.9852,37.3764],[-120.9736,37.3765],[-120.9787,37.3721],[-120.9738,37.3684],[-120.9819,37.366],[-120.9763,37.3497],[-120.9694,37.3451],[-120.9631,37.3456],[-120.9611,37.3514],[-120.9568,37.3492],[-120.9607,37.3549],[-120.9594,37.358],[-120.9417,37.3623],[-120.9402,37.369],[-120.9344,37.3665],[-120.9299,37.371],[-120.9247,37.3701],[-120.9221,37.3557],[-120.9138,37.3571],[-120.9077,37.3637],[-120.9021,37.361],[-120.9028,37.3566],[-120.8959,37.3559],[-120.8809,37.3629],[-120.8724,37.3613],[-120.8714,37.3573],[-120.8622,37.3577],[-120.8472,37.3698],[-120.8382,37.3698],[-120.8279,37.382],[-120.8088,37.3833],[-120.7961,37.3906],[-120.794,37.3657],[-120.785,37.3657],[-120.785,37.3585],[-120.8393,37.3586],[-120.8348,37.3514],[-120.8303,37.3513],[-120.8303,37.3477],[-120.8122,37.351],[-120.8121,37.3372],[-120.7986,37.3373],[-120.7986,37.3305],[-120.7941,37.3305],[-120.7918,37.3374],[-120.7576,37.3375],[-120.7575,37.3307],[-120.7507,37.3306],[-120.7505,37.316],[-120.7391,37.316],[-120.7389,37.3006],[-120.702,37.2991],[-120.7021,37.3024],[-120.7062,37.3025],[-120.6964,37.3061],[-120.7028,37.3161],[-120.684,37.316],[-120.6839,37.3052],[-120.6933,37.3052],[-120.6932,37.2929],[-120.6885,37.2929],[-120.6885,37.2871],[-120.6838,37.287],[-120.6839,37.2834],[-120.6748,37.2835],[-120.6749,37.2799],[-120.6613,37.2799],[-120.6611,37.3016],[-120.6656,37.3016],[-120.6657,37.3088],[-120.6474,37.3051],[-120.6475,37.3158],[-120.6369,37.3157],[-120.6394,37.3138],[-120.6335,37.3035],[-120.6249,37.3014],[-120.6249,37.2977],[-120.6114,37.2976],[-120.6136,37.294],[-120.6111,37.2796],[-120.6222,37.2797],[-120.625,37.269],[-120.6297,37.269],[-120.6295,37.2654],[-120.6388,37.2655],[-120.6386,37.2583],[-120.6292,37.2582],[-120.6249,37.2653],[-120.6113,37.2651],[-120.6115,37.2434],[-120.5746,37.2397],[-120.5747,37.2433],[-120.4835,37.2433],[-120.4835,37.2505],[-120.429,37.2502],[-120.429,37.2393],[-120.4469,37.2395],[-120.4467,37.2237],[-120.4536,37.2237],[-120.4535,37.2192],[-120.4467,37.2191],[-120.4466,37.2137],[-120.4378,37.2137],[-120.4379,37.221],[-120.4291,37.2211],[-120.4289,37.2102],[-120.4198,37.2102],[-120.4198,37.2138],[-120.4153,37.2138],[-120.4153,37.2174],[-120.4063,37.2211],[-120.4063,37.2247],[-120.3653,37.2251],[-120.3654,37.2287],[-120.3561,37.2288],[-120.3564,37.2468],[-120.3474,37.2467],[-120.3475,37.2504],[-120.3565,37.2504],[-120.3566,37.2576],[-120.3201,37.2574],[-120.3184,37.2492],[-120.2976,37.2464],[-120.2975,37.2321],[-120.2837,37.2315],[-120.2838,37.2351],[-120.2747,37.2351],[-120.2748,37.2387],[-120.2567,37.2351],[-120.2566,37.2207],[-120.2655,37.2207],[-120.2655,37.2135],[-120.2566,37.2135],[-120.2566,37.2171],[-120.2313,37.2146],[-120.2294,37.2278],[-120.211,37.2278],[-120.211,37.235],[-120.2201,37.235],[-120.2201,37.2386],[-120.2567,37.2388],[-120.2567,37.2423],[-120.2688,37.2496],[-120.2749,37.2496],[-120.2751,37.2731],[-120.2635,37.272],[-120.2625,37.2769],[-120.2478,37.2792],[-120.2478,37.2936],[-120.2569,37.2936],[-120.2568,37.2865],[-120.2659,37.2865],[-120.2658,37.2786],[-120.2702,37.2819],[-120.2757,37.278],[-120.2844,37.2791],[-120.2844,37.283],[-120.2738,37.2829],[-120.2733,37.2866],[-120.2932,37.2868],[-120.2932,37.3011],[-120.3069,37.3013],[-120.3069,37.3156],[-120.3154,37.3157],[-120.3166,37.3183],[-120.3069,37.3192],[-120.3069,37.3228],[-120.2842,37.3295],[-120.2845,37.3409],[-120.2932,37.3366],[-120.3002,37.3378],[-120.3025,37.3443],[-120.3115,37.3443],[-120.3116,37.333],[-120.3236,37.3289],[-120.3273,37.3231],[-120.3611,37.3236],[-120.3611,37.3307],[-120.3656,37.3308],[-120.3656,37.3273],[-120.3748,37.3309],[-120.3748,37.3358],[-120.3832,37.3371],[-120.3916,37.3309],[-120.3938,37.3376],[-120.4032,37.3392],[-120.4017,37.3454],[-120.429,37.3454],[-120.4289,37.3596],[-120.4561,37.3595],[-120.4561,37.3668],[-120.4337,37.3687],[-120.4287,37.3659],[-120.4189,37.3742],[-120.4178,37.3824],[-120.4284,37.3885],[-120.4363,37.3741],[-120.4419,37.3813],[-120.4469,37.3813],[-120.4467,37.3886],[-120.4651,37.3885],[-120.4652,37.4031],[-120.474,37.4028],[-120.4739,37.3954],[-120.4827,37.3953],[-120.4827,37.3881],[-120.4899,37.388],[-120.4885,37.3737],[-120.4684,37.374],[-120.4692,37.3657],[-120.4789,37.3607],[-120.4839,37.3541],[-120.4796,37.3434],[-120.4836,37.3397],[-120.4812,37.3375],[-120.4829,37.3306],[-120.5016,37.3304],[-120.5016,37.3233],[-120.5118,37.3232],[-120.526,37.3319],[-120.5282,37.3446],[-120.5374,37.3445],[-120.5376,37.3732],[-120.5465,37.3732],[-120.5465,37.3661],[-120.5507,37.3661],[-120.5574,37.3731],[-120.5716,37.3729],[-120.5739,37.3801],[-120.5782,37.3801],[-120.5833,37.3874],[-120.5786,37.3874],[-120.5786,37.3945],[-120.5759,37.3945],[-120.574,37.4232],[-120.5572,37.4236],[-120.5545,37.4259],[-120.5573,37.4271],[-120.5554,37.4307],[-120.5468,37.4309],[-120.5322,37.4245],[-120.5354,37.4198],[-120.5265,37.4192],[-120.5252,37.4294],[-120.5283,37.433],[-120.5257,37.4357],[-120.5315,37.4387],[-120.5267,37.4416],[-120.5272,37.4469],[-120.5178,37.4468],[-120.514,37.4519],[-120.5011,37.4531],[-120.5012,37.4603],[-120.5099,37.4602],[-120.51,37.4676],[-120.5175,37.4666],[-120.5192,37.46],[-120.5337,37.4598],[-120.5285,37.456],[-120.5307,37.4457],[-120.5379,37.4456],[-120.5378,37.4597],[-120.5595,37.4608],[-120.5632,37.4553],[-120.574,37.4558],[-120.5741,37.4488],[-120.5926,37.4501],[-120.5926,37.4396],[-120.5971,37.4396],[-120.5971,37.4341],[-120.6016,37.4341],[-120.6015,37.4304],[-120.6104,37.4305],[-120.6128,37.4269],[-120.6379,37.427],[-120.6383,37.4408],[-120.641,37.4419],[-120.6426,37.4361],[-120.6527,37.431],[-120.6561,37.4237],[-120.667,37.4221],[-120.6655,37.5243],[-120.4639,37.6027],[-120.4639,37.5905],[-120.4458,37.5905],[-120.4458,37.6041],[-120.4603,37.604],[-120.3868,37.6313],[-120.3848,37.6286],[-120.3698,37.6284],[-120.3688,37.6964],[-120.3735,37.7],[-120.3757,37.6999],[-120.3737,37.6962],[-120.3804,37.6939],[-120.4004,37.7091],[-120.3895,37.6944],[-120.3984,37.7023],[-120.4016,37.7012],[-120.4118,37.7071],[-120.4101,37.7024],[-120.4178,37.7024],[-120.4229,37.6872],[-120.4294,37.6801],[-120.4441,37.6738],[-120.4426,37.6662],[-120.4518,37.6633],[-120.4776,37.6676],[-120.4994,37.641],[-120.5077,37.6353],[-120.5256,37.6275],[-120.5364,37.63],[-120.5505,37.6275],[-120.5862,37.6319],[-120.5851,37.7034],[-120.7747,37.7034],[-120.7746,37.6936],[-120.8939,37.6929],[-120.894,37.711],[-120.9077,37.711],[-120.9079,37.7254],[-120.922,37.7254],[-120.922,37.7163],[-120.9307,37.7164],[-120.9293,37.7109],[-120.9331,37.7114],[-120.9333,37.7163],[-120.939,37.7163],[-120.9402,37.7196],[-120.9434,37.7145],[-120.9401,37.7126],[-120.948,37.7107],[-120.949,37.7133],[-120.9584,37.7131],[-120.9585,37.7262],[-120.9628,37.73],[-120.9724,37.7347],[-120.9813,37.7327],[-120.9818,37.7563],[-120.993,37.7608],[-120.9969,37.759]]],[[[-120.4706,37.547],[-120.4706,37.5447],[-120.4753,37.5447],[-120.4752,37.5412],[-120.4799,37.5412],[-120.48,37.5448],[-120.4938,37.5448],[-120.496,37.534],[-120.4829,37.534],[-120.483,37.5302],[-120.4761,37.5302],[-120.4761,37.534],[-120.4715,37.534],[-120.4693,37.5264],[-120.4648,37.5264],[-120.4646,37.534],[-120.4625,37.5302],[-120.458,37.5302],[-120.4579,37.5339],[-120.4682,37.5411],[-120.466,37.5482],[-120.4706,37.547]]],[[[-120.4985,37.5266],[-120.504,37.5222],[-120.5105,37.5316],[-120.5195,37.5317],[-120.521,37.5188],[-120.5262,37.5238],[-120.5299,37.5187],[-120.5471,37.5186],[-120.5471,37.515],[-120.5562,37.5149],[-120.5563,37.5041],[-120.5725,37.5019],[-120.5776,37.4907],[-120.5837,37.4906],[-120.5837,37.4962],[-120.5927,37.4961],[-120.5949,37.4692],[-120.5852,37.47],[-120.5838,37.4751],[-120.5695,37.479],[-120.5591,37.4884],[-120.5594,37.4927],[-120.5459,37.5015],[-120.5289,37.505],[-120.5223,37.51],[-120.5096,37.5091],[-120.5014,37.5131],[-120.4922,37.5107],[-120.4922,37.5265],[-120.4985,37.5266]]],[[[-120.5212,37.5308],[-120.517,37.5362],[-120.5262,37.5374],[-120.5258,37.5306],[-120.5212,37.5308]]],[[[-120.495,37.5447],[-120.4938,37.5465],[-120.4984,37.5465],[-120.495,37.5447]]],[[[-120.5563,37.2088],[-120.5562,37.2215],[-120.5471,37.2215],[-120.5471,37.2288],[-120.5743,37.229],[-120.5748,37.2],[-120.5565,37.1999],[-120.557,37.1859],[-120.543,37.1858],[-120.5424,37.2],[-120.5565,37.1999],[-120.5563,37.2088]]],[[[-120.5935,37.2256],[-120.5935,37.229],[-120.6115,37.2289],[-120.6118,37.2145],[-120.5935,37.2145],[-120.5935,37.2256]]],[[[-121.9512,37.3234],[-121.9502,37.3381],[-121.9323,37.3383],[-121.9312,37.3568],[-121.936,37.3612],[-121.9351,37.3634],[-121.9311,37.3621],[-121.9366,37.3714],[-121.9434,37.3732],[-121.9359,37.3849],[-121.9419,37.4005],[-121.9605,37.4098],[-121.9698,37.4189],[-121.9867,37.4121],[-121.9868,37.3778],[-122.0036,37.3771],[-122.0034,37.3739],[-121.9825,37.3724],[-121.9965,37.3706],[-121.996,37.3607],[-122.0014,37.3572],[-121.9977,37.3468],[-122.0032,37.3453],[-122.0032,37.3415],[-121.9958,37.3417],[-121.9958,37.3378],[-122.003,37.3374],[-122.0056,37.3259],[-122.0044,37.3231],[-121.9512,37.3234]]],[[[-121.9905,37.4328],[-121.9901,37.4327],[-121.9899,37.4327],[-121.9905,37.4328]]],[[[-121.9898,37.4329],[-121.9898,37.4329],[-121.9897,37.4328],[-121.9898,37.4329]]],[[[-121.9902,37.4331],[-121.9903,37.4332],[-121.9903,37.4332],[-121.9902,37.4331]]],[[[-121.9915,37.4334],[-121.992,37.4343],[-121.9912,37.4332],[-121.9915,37.4334]]],[[[-121.9908,37.4336],[-121.9908,37.4336],[-121.9908,37.4337],[-121.9908,37.4336]]],[[[-121.9922,37.4357],[-121.9921,37.4362],[-121.9922,37.4347],[-121.9922,37.4357]]],[[[-121.9914,37.4378],[-121.9913,37.4365],[-121.9913,37.4372],[-121.9914,37.4378]]],[[[-121.9921,37.4377],[-121.992,37.4372],[-121.992,37.4375],[-121.9921,37.4377]]],[[[-121.9923,37.4379],[-121.9923,37.4379],[-121.9923,37.4379],[-121.9923,37.4379]]],[[[-121.9917,37.4382],[-121.9918,37.4383],[-121.9917,37.4381],[-121.9917,37.4382]]],[[[-121.9931,37.4382],[-121.9932,37.4383],[-121.9946,37.4385],[-121.9931,37.4382]]],[[[-121.992,37.4385],[-121.992,37.4384],[-121.992,37.4385],[-121.992,37.4385]]],[[[-121.9954,37.4386],[-121.9955,37.4387],[-121.9954,37.4386],[-121.9954,37.4386]]],[[[-121.9925,37.4387],[-121.9925,37.4387],[-121.9925,37.4387],[-121.9925,37.4387]]],[[[-121.9968,37.439],[-121.9963,37.4388],[-121.996,37.4388],[-121.9968,37.439]]],[[[-121.9979,37.4393],[-121.9984,37.4394],[-121.9988,37.4395],[-121.9979,37.4393]]],[[[-121.996,37.4395],[-121.996,37.4395],[-121.996,37.4395],[-121.996,37.4395]]],[[[-122.001,37.4398],[-122.0015,37.4399],[-122.001,37.4398],[-122.001,37.4398]]],[[[-122.0028,37.4403],[-122.0036,37.4407],[-122.0034,37.4406],[-122.0028,37.4403]]],[[[-122.0012,37.4406],[-122.0006,37.4405],[-122.0015,37.4407],[-122.0012,37.4406]]],[[[-122.0027,37.4411],[-122.003,37.4413],[-122.0025,37.441],[-122.0027,37.4411]]],[[[-122.0045,37.4413],[-122.0049,37.4417],[-122.0047,37.4415],[-122.0045,37.4413]]],[[[-122.0033,37.4416],[-122.0034,37.4417],[-122.0036,37.4419],[-122.0033,37.4416]]],[[[-122.0032,37.4415],[-122.0032,37.4415],[-122.0033,37.4415],[-122.0032,37.4415]]],[[[-122.0059,37.4457],[-122.0061,37.4459],[-122.0057,37.4455],[-122.0059,37.4457]]],[[[-122.0314,37.4455],[-122.0314,37.4455],[-122.0314,37.4455],[-122.0314,37.4455]]],[[[-122.0316,37.4455],[-122.0319,37.4456],[-122.0317,37.4455],[-122.0316,37.4455]]],[[[-122.0172,37.4459],[-122.0162,37.4458],[-122.0172,37.4459],[-122.0172,37.4459]]],[[[-122.0149,37.4459],[-122.0158,37.4458],[-122.0141,37.446],[-122.0149,37.4459]]],[[[-122.0318,37.4456],[-122.0308,37.4462],[-122.0318,37.4456],[-122.0318,37.4456]]],[[[-122.0298,37.4463],[-122.0305,37.4459],[-122.0295,37.4465],[-122.0298,37.4463]]],[[[-122.0149,37.4467],[-122.0154,37.4466],[-122.0144,37.4468],[-122.0149,37.4467]]],[[[-122.017,37.4467],[-122.0178,37.447],[-122.0176,37.4469],[-122.017,37.4467]]],[[[-122.0109,37.447],[-122.0109,37.447],[-122.0105,37.447],[-122.0109,37.447]]],[[[-122.0073,37.447],[-122.007,37.4468],[-122.007,37.4468],[-122.0073,37.447]]],[[[-122.0087,37.4467],[-122.0091,37.4469],[-122.0085,37.4467],[-122.0087,37.4467]]],[[[-122.0181,37.4462],[-122.0187,37.4466],[-122.0181,37.4462],[-122.0181,37.4462]]],[[[-122.0158,37.4466],[-122.0159,37.4466],[-122.0156,37.4466],[-122.0158,37.4466]]],[[[-122.0131,37.4464],[-122.0131,37.4464],[-122.0131,37.4464],[-122.0131,37.4464]]],[[[-122.0133,37.4463],[-122.0135,37.4462],[-122.0133,37.4463],[-122.0133,37.4463]]],[[[-122.0166,37.4466],[-122.0166,37.4466],[-122.0165,37.4466],[-122.0166,37.4466]]],[[[-122.0063,37.4462],[-122.0063,37.4462],[-122.0063,37.4462],[-122.0063,37.4462]]],[[[-122.032,37.4456],[-122.0319,37.4456],[-122.032,37.4456],[-122.032,37.4456]]],[[[-122.0292,37.4468],[-122.0292,37.4468],[-122.0292,37.4469],[-122.0292,37.4468]]],[[[-122.0076,37.4473],[-122.0088,37.4478],[-122.0091,37.4478],[-122.0076,37.4473]]],[[[-122.0301,37.447],[-122.03,37.4473],[-122.0301,37.447],[-122.0301,37.447]]],[[[-122.0578,37.4465],[-122.0578,37.4465],[-122.0581,37.4464],[-122.0578,37.4465]]],[[[-122.018,37.4472],[-122.0179,37.4471],[-122.0181,37.4472],[-122.018,37.4472]]],[[[-122.057,37.4467],[-122.0563,37.447],[-122.0574,37.4466],[-122.057,37.4467]]],[[[-122.0126,37.4476],[-122.0126,37.4476],[-122.0117,37.4478],[-122.0126,37.4476]]],[[[-122.029,37.4475],[-122.029,37.4475],[-122.029,37.4475],[-122.029,37.4475]]],[[[-122.0093,37.4479],[-122.0093,37.4479],[-122.0093,37.4479],[-122.0093,37.4479]]],[[[-122.0289,37.4477],[-122.0289,37.4477],[-122.0289,37.4476],[-122.0289,37.4477]]],[[[-122.0488,37.4474],[-122.0488,37.4474],[-122.049,37.4474],[-122.0488,37.4474]]],[[[-122.0496,37.4474],[-122.0498,37.4476],[-122.0496,37.4474],[-122.0496,37.4474]]],[[[-122.0549,37.4473],[-122.0547,37.4474],[-122.0547,37.4474],[-122.0549,37.4473]]],[[[-122.0544,37.4474],[-122.0539,37.4476],[-122.0539,37.4476],[-122.0544,37.4474]]],[[[-122.048,37.4477],[-122.0485,37.4475],[-122.0473,37.4478],[-122.048,37.4477]]],[[[-122.0519,37.4476],[-122.0519,37.4476],[-122.0517,37.4476],[-122.0519,37.4476]]],[[[-122.0203,37.4481],[-122.0202,37.448],[-122.0203,37.4481],[-122.0203,37.4481]]],[[[-122.0461,37.4481],[-122.0461,37.4481],[-122.0461,37.4481],[-122.0461,37.4481]]],[[[-122.046,37.4482],[-122.046,37.4482],[-122.046,37.4482],[-122.046,37.4482]]],[[[-122.0297,37.4487],[-122.0297,37.4491],[-122.0299,37.4496],[-122.0297,37.4487]]],[[[-122.0455,37.4487],[-122.0454,37.4487],[-122.0455,37.4487],[-122.0455,37.4487]]],[[[-122.0207,37.4489],[-122.0208,37.4495],[-122.0208,37.4494],[-122.0207,37.4489]]],[[[-122.0207,37.4509],[-122.02,37.4525],[-122.0209,37.4501],[-122.0207,37.4509]]],[[[-122.0292,37.4505],[-122.0293,37.4505],[-122.0291,37.4501],[-122.0292,37.4505]]],[[[-122.0293,37.4506],[-122.0294,37.4507],[-122.0293,37.4506],[-122.0293,37.4506]]],[[[-122.0295,37.451],[-122.0296,37.4511],[-122.0295,37.4508],[-122.0295,37.451]]],[[[-122.0407,37.4508],[-122.04,37.4511],[-122.0403,37.451],[-122.0407,37.4508]]],[[[-122.0334,37.4513],[-122.032,37.451],[-122.0343,37.4513],[-122.0334,37.4513]]],[[[-122.0395,37.4512],[-122.0385,37.4513],[-122.0393,37.4513],[-122.0395,37.4512]]],[[[-122.0298,37.4513],[-122.0297,37.4512],[-122.0298,37.4513],[-122.0298,37.4513]]],[[[-122.0301,37.4516],[-122.0301,37.4516],[-122.0301,37.4516],[-122.0301,37.4516]]],[[[-121.9657,37.453],[-121.9658,37.4523],[-121.9659,37.4534],[-121.9657,37.453]]],[[[-121.9472,37.4537],[-121.9482,37.4545],[-121.9478,37.4542],[-121.9472,37.4537]]],[[[-121.966,37.4535],[-121.9663,37.4537],[-121.966,37.4535],[-121.966,37.4535]]],[[[-121.9478,37.4545],[-121.9477,37.4543],[-121.9478,37.4545],[-121.9478,37.4545]]],[[[-121.9469,37.4537],[-121.9467,37.4536],[-121.9473,37.4541],[-121.9469,37.4537]]],[[[-121.9436,37.4538],[-121.9437,37.4537],[-121.9436,37.4538],[-121.9436,37.4538]]],[[[-121.9446,37.4533],[-121.9455,37.4532],[-121.9444,37.4533],[-121.9446,37.4533]]],[[[-121.9443,37.4532],[-121.9449,37.453],[-121.9445,37.4531],[-121.9443,37.4532]]],[[[-121.9456,37.453],[-121.9456,37.453],[-121.945,37.453],[-121.9456,37.453]]],[[[-121.946,37.453],[-121.9461,37.453],[-121.946,37.453],[-121.946,37.453]]],[[[-121.9464,37.4531],[-121.9465,37.4532],[-121.9463,37.4531],[-121.9464,37.4531]]],[[[-121.9456,37.4532],[-121.946,37.4532],[-121.946,37.4532],[-121.9456,37.4532]]],[[[-121.946,37.4532],[-121.9463,37.4532],[-121.9462,37.4532],[-121.946,37.4532]]],[[[-121.9662,37.4528],[-121.9662,37.4528],[-121.9662,37.4523],[-121.9662,37.4528]]],[[[-121.9662,37.4522],[-121.9661,37.4522],[-121.9662,37.4522],[-121.9662,37.4522]]],[[[-121.9659,37.4522],[-121.9659,37.4521],[-121.9659,37.4521],[-121.9659,37.4522]]],[[[-121.966,37.4521],[-121.966,37.4521],[-121.966,37.4521],[-121.966,37.4521]]],[[[-121.9482,37.4546],[-121.9482,37.4546],[-121.9482,37.4546],[-121.9482,37.4546]]],[[[-121.9676,37.4543],[-121.9676,37.4543],[-121.9676,37.4543],[-121.9676,37.4543]]],[[[-121.9676,37.4543],[-121.9678,37.4572],[-121.9679,37.4552],[-121.9676,37.4543]]],[[[-122.0338,37.4533],[-122.0338,37.4533],[-122.0338,37.4533],[-122.0338,37.4533]]],[[[-122.035,37.4534],[-122.0349,37.4534],[-122.0353,37.4534],[-122.035,37.4534]]],[[[-122.0345,37.4534],[-122.0346,37.4534],[-122.0346,37.4534],[-122.0345,37.4534]]],[[[-122.0363,37.4537],[-122.0363,37.4537],[-122.0363,37.4537],[-122.0363,37.4537]]],[[[-122.037,37.4537],[-122.0373,37.4538],[-122.0369,37.4537],[-122.037,37.4537]]],[[[-122.038,37.4539],[-122.038,37.4539],[-122.038,37.4539],[-122.038,37.4539]]],[[[-122.0194,37.4546],[-122.0195,37.4549],[-122.0194,37.4544],[-122.0194,37.4546]]],[[[-122.0389,37.4549],[-122.039,37.4549],[-122.0389,37.4549],[-122.0389,37.4549]]],[[[-122.039,37.455],[-122.039,37.455],[-122.039,37.4549],[-122.039,37.455]]],[[[-122.0389,37.4551],[-122.0389,37.4551],[-122.0389,37.455],[-122.0389,37.4551]]],[[[-122.0199,37.4556],[-122.0204,37.4563],[-122.0199,37.4556],[-122.0199,37.4556]]],[[[-122.0386,37.4553],[-122.0384,37.4553],[-122.0385,37.4553],[-122.0386,37.4553]]],[[[-122.0379,37.4553],[-122.038,37.4553],[-122.038,37.4553],[-122.0379,37.4553]]],[[[-122.0376,37.4554],[-122.0373,37.4562],[-122.0377,37.4554],[-122.0376,37.4554]]],[[[-122.021,37.457],[-122.0218,37.4579],[-122.0217,37.4578],[-122.021,37.457]]],[[[-122.0367,37.4569],[-122.0363,37.4569],[-122.0368,37.4569],[-122.0367,37.4569]]],[[[-122.036,37.4569],[-122.0359,37.4569],[-122.0358,37.457],[-122.036,37.4569]]],[[[-122.0356,37.4571],[-122.0356,37.4571],[-122.0356,37.4571],[-122.0356,37.4571]]],[[[-122.0351,37.4575],[-122.0351,37.4575],[-122.0356,37.4571],[-122.0351,37.4575]]],[[[-121.9549,37.459],[-121.9544,37.4588],[-121.9551,37.4592],[-121.9549,37.459]]],[[[-122.0351,37.4578],[-122.0351,37.4578],[-122.035,37.4577],[-122.0351,37.4578]]],[[[-121.9546,37.4592],[-121.9546,37.4592],[-121.9546,37.4592],[-121.9546,37.4592]]],[[[-121.9541,37.4589],[-121.9537,37.4587],[-121.9537,37.4587],[-121.9541,37.4589]]],[[[-121.9659,37.4584],[-121.9649,37.4588],[-121.9659,37.4584],[-121.9659,37.4584]]],[[[-121.9671,37.4583],[-121.9671,37.4583],[-121.967,37.4584],[-121.9671,37.4583]]],[[[-121.9667,37.4581],[-121.9668,37.458],[-121.9665,37.4582],[-121.9667,37.4581]]],[[[-121.967,37.4579],[-121.9671,37.4577],[-121.9669,37.458],[-121.967,37.4579]]],[[[-121.9529,37.4581],[-121.9529,37.4578],[-121.9529,37.4579],[-121.9529,37.4581]]],[[[-121.9676,37.4576],[-121.9676,37.4578],[-121.9676,37.4578],[-121.9676,37.4576]]],[[[-122.0373,37.4563],[-122.0373,37.4563],[-122.0373,37.4563],[-122.0373,37.4563]]],[[[-122.0371,37.4564],[-122.0371,37.4564],[-122.0371,37.4564],[-122.0371,37.4564]]],[[[-121.9674,37.4572],[-121.9674,37.4556],[-121.9672,37.4546],[-121.9674,37.4572]]],[[[-121.9529,37.4569],[-121.9529,37.4569],[-121.9528,37.4574],[-121.9529,37.4569]]],[[[-121.9507,37.4572],[-121.9506,37.4572],[-121.9507,37.4572],[-121.9507,37.4572]]],[[[-121.9513,37.4571],[-121.9513,37.4571],[-121.9512,37.4572],[-121.9513,37.4571]]],[[[-121.9506,37.4572],[-121.9505,37.4571],[-121.9506,37.4572],[-121.9506,37.4572]]],[[[-121.9501,37.457],[-121.9498,37.4568],[-121.9503,37.457],[-121.9501,37.457]]],[[[-121.9514,37.4569],[-121.9525,37.4563],[-121.9522,37.4563],[-121.9514,37.4569]]],[[[-121.9496,37.4564],[-121.9485,37.4549],[-121.95,37.4567],[-121.9496,37.4564]]],[[[-121.9496,37.4566],[-121.9494,37.4564],[-121.9497,37.4567],[-121.9496,37.4566]]],[[[-121.953,37.4565],[-121.9527,37.4563],[-121.9526,37.4563],[-121.953,37.4565]]],[[[-121.9521,37.4567],[-121.9517,37.4569],[-121.9518,37.4569],[-121.9521,37.4567]]],[[[-121.9528,37.4568],[-121.9528,37.4568],[-121.9528,37.4566],[-121.9528,37.4568]]],[[[-121.9671,37.4544],[-121.9671,37.4544],[-121.9671,37.4544],[-121.9671,37.4544]]],[[[-121.9551,37.4592],[-121.9555,37.4597],[-121.9551,37.4592],[-121.9551,37.4592]]],[[[-122.0352,37.458],[-122.0352,37.458],[-122.0351,37.4579],[-122.0352,37.458]]],[[[-121.9638,37.4594],[-121.9636,37.4597],[-121.9635,37.4598],[-121.9638,37.4594]]],[[[-122.0351,37.4582],[-122.0351,37.4583],[-122.0351,37.4583],[-122.0351,37.4582]]],[[[-121.9747,37.4596],[-121.9745,37.4597],[-121.9745,37.4597],[-121.9747,37.4596]]],[[[-121.9789,37.4596],[-121.9803,37.4598],[-121.9796,37.4596],[-121.9789,37.4596]]],[[[-122.0342,37.4587],[-122.0342,37.4587],[-122.0342,37.4586],[-122.0342,37.4587]]],[[[-122.0225,37.459],[-122.0233,37.4601],[-122.0237,37.4607],[-122.0225,37.459]]],[[[-122.0336,37.4596],[-122.0337,37.4595],[-122.0337,37.4595],[-122.0336,37.4596]]],[[[-122.0333,37.4603],[-122.0334,37.4602],[-122.0334,37.46],[-122.0333,37.4603]]],[[[-122.0323,37.4603],[-122.0323,37.4603],[-122.0323,37.4603],[-122.0323,37.4603]]],[[[-122.033,37.4604],[-122.033,37.4604],[-122.0329,37.4604],[-122.033,37.4604]]],[[[-121.964,37.4613],[-121.9635,37.4608],[-121.9645,37.4614],[-121.964,37.4613]]],[[[-121.9568,37.4612],[-121.9573,37.4616],[-121.9576,37.4618],[-121.9568,37.4612]]],[[[-122.0204,37.4605],[-122.0204,37.4606],[-122.0204,37.4605],[-122.0204,37.4605]]],[[[-121.9656,37.4616],[-121.9657,37.4616],[-121.9653,37.4615],[-121.9656,37.4616]]],[[[-121.9663,37.4616],[-121.9663,37.4617],[-121.9663,37.4616],[-121.9663,37.4616]]],[[[-121.9479,37.462],[-121.9479,37.462],[-121.9476,37.4622],[-121.9479,37.462]]],[[[-121.9663,37.4617],[-121.9663,37.4617],[-121.9663,37.4617],[-121.9663,37.4617]]],[[[-121.9765,37.4615],[-121.9769,37.4615],[-121.9767,37.4615],[-121.9765,37.4615]]],[[[-121.9777,37.4616],[-121.9783,37.4617],[-121.9786,37.4617],[-121.9777,37.4616]]],[[[-121.9583,37.4621],[-121.958,37.462],[-121.9611,37.4627],[-121.9583,37.4621]]],[[[-121.979,37.4618],[-121.9815,37.4621],[-121.9815,37.4621],[-121.979,37.4618]]],[[[-122.0197,37.4613],[-122.0202,37.4614],[-122.0192,37.4612],[-122.0197,37.4613]]],[[[-122.0202,37.4614],[-122.0204,37.4614],[-122.0204,37.4614],[-122.0202,37.4614]]],[[[-121.989,37.4619],[-121.9925,37.4628],[-121.9903,37.4622],[-121.989,37.4619]]],[[[-121.9749,37.463],[-121.9749,37.4623],[-121.9749,37.4636],[-121.9749,37.463]]],[[[-121.9685,37.4636],[-121.9687,37.4633],[-121.9681,37.4645],[-121.9685,37.4636]]],[[[-121.9753,37.4638],[-121.9754,37.4638],[-121.9754,37.4638],[-121.9753,37.4638]]],[[[-121.9941,37.4636],[-121.9941,37.4636],[-121.9941,37.4636],[-121.9941,37.4636]]],[[[-121.9738,37.4643],[-121.9736,37.4646],[-121.974,37.4639],[-121.9738,37.4643]]],[[[-121.9871,37.4637],[-121.9871,37.4641],[-121.9872,37.4639],[-121.9871,37.4637]]],[[[-121.9755,37.4641],[-121.9754,37.464],[-121.9755,37.4641],[-121.9755,37.4641]]],[[[-121.9669,37.4649],[-121.9672,37.4642],[-121.9668,37.4654],[-121.9669,37.4649]]],[[[-121.9681,37.4651],[-121.9681,37.4651],[-121.9681,37.465],[-121.9681,37.4651]]],[[[-121.9513,37.4662],[-121.9513,37.4633],[-121.9513,37.463],[-121.9513,37.4662]]],[[[-121.9463,37.4646],[-121.9463,37.4645],[-121.9463,37.4646],[-121.9463,37.4646]]],[[[-121.9463,37.4638],[-121.9463,37.4641],[-121.9463,37.4644],[-121.9463,37.4638]]],[[[-121.9465,37.4634],[-121.9465,37.4634],[-121.9465,37.4634],[-121.9465,37.4634]]],[[[-121.9575,37.4629],[-121.9592,37.4632],[-121.9594,37.4632],[-121.9575,37.4629]]],[[[-121.9741,37.4627],[-121.9741,37.4628],[-121.9741,37.4625],[-121.9741,37.4627]]],[[[-121.9731,37.4622],[-121.974,37.4624],[-121.97,37.4626],[-121.9731,37.4622]]],[[[-121.9741,37.4625],[-121.9741,37.4625],[-121.9741,37.4624],[-121.9741,37.4625]]],[[[-121.9602,37.4628],[-121.9594,37.4626],[-121.9595,37.4626],[-121.9602,37.4628]]],[[[-121.9468,37.463],[-121.9471,37.4626],[-121.9469,37.4628],[-121.9468,37.463]]],[[[-121.9586,37.4624],[-121.9592,37.4626],[-121.9578,37.4622],[-121.9586,37.4624]]],[[[-121.9538,37.4625],[-121.9538,37.4625],[-121.9538,37.4625],[-121.9538,37.4625]]],[[[-121.9538,37.4625],[-121.9534,37.4624],[-121.9538,37.4625],[-121.9538,37.4625]]],[[[-121.9515,37.4624],[-121.9525,37.4623],[-121.9517,37.4623],[-121.9515,37.4624]]],[[[-121.9532,37.4623],[-121.9531,37.4623],[-121.953,37.4623],[-121.9532,37.4623]]],[[[-121.9547,37.4623],[-121.9547,37.4623],[-121.9547,37.4623],[-121.9547,37.4623]]],[[[-121.956,37.4626],[-121.956,37.4626],[-121.9566,37.4627],[-121.956,37.4626]]],[[[-121.9514,37.4626],[-121.9514,37.4626],[-121.9514,37.4627],[-121.9514,37.4626]]],[[[-121.975,37.4622],[-121.9755,37.4619],[-121.9751,37.4621],[-121.975,37.4622]]],[[[-121.9693,37.4628],[-121.9695,37.4628],[-121.9688,37.4631],[-121.9693,37.4628]]],[[[-121.9617,37.4631],[-121.9614,37.4632],[-121.9614,37.4632],[-121.9617,37.4631]]],[[[-121.9601,37.4633],[-121.9596,37.4632],[-121.9601,37.4633],[-121.9601,37.4633]]],[[[-121.9567,37.4633],[-121.9564,37.4632],[-121.9567,37.4633],[-121.9567,37.4633]]],[[[-121.9615,37.463],[-121.9611,37.463],[-121.9616,37.4631],[-121.9615,37.463]]],[[[-121.9557,37.463],[-121.9557,37.463],[-121.9563,37.4632],[-121.9557,37.463]]],[[[-121.9657,37.4633],[-121.9591,37.4638],[-121.9601,37.4639],[-121.9657,37.4633]]],[[[-121.9751,37.4648],[-121.9751,37.4648],[-121.9754,37.4646],[-121.9751,37.4648]]],[[[-121.9819,37.4622],[-121.9821,37.4623],[-121.9819,37.4622],[-121.9819,37.4622]]],[[[-121.9832,37.4628],[-121.9841,37.4626],[-121.9824,37.4624],[-121.9832,37.4628]]],[[[-121.9842,37.4626],[-121.9842,37.4626],[-121.9842,37.4626],[-121.9842,37.4626]]],[[[-121.9541,37.4621],[-121.9541,37.4621],[-121.9541,37.4621],[-121.9541,37.4621]]],[[[-121.9475,37.4622],[-121.9476,37.4622],[-121.9476,37.4622],[-121.9475,37.4622]]],[[[-121.9541,37.4621],[-121.9541,37.4621],[-121.954,37.4621],[-121.9541,37.4621]]],[[[-121.9574,37.462],[-121.9574,37.462],[-121.9574,37.462],[-121.9574,37.462]]],[[[-121.9526,37.4615],[-121.9525,37.4615],[-121.9526,37.4615],[-121.9526,37.4615]]],[[[-121.949,37.4615],[-121.9492,37.4615],[-121.9488,37.4616],[-121.949,37.4615]]],[[[-121.9516,37.4614],[-121.9501,37.4614],[-121.9493,37.4615],[-121.9516,37.4614]]],[[[-121.9562,37.461],[-121.9559,37.4606],[-121.9563,37.4611],[-121.9562,37.461]]],[[[-121.964,37.4605],[-121.9641,37.4601],[-121.964,37.4603],[-121.964,37.4605]]],[[[-121.9717,37.4599],[-121.9709,37.4602],[-121.9718,37.4599],[-121.9717,37.4599]]],[[[-121.9634,37.4601],[-121.9635,37.4599],[-121.9634,37.46],[-121.9634,37.4601]]],[[[-121.9559,37.4602],[-121.9557,37.4599],[-121.9557,37.4599],[-121.9559,37.4602]]],[[[-121.9741,37.4596],[-121.9741,37.4596],[-121.9739,37.4596],[-121.9741,37.4596]]],[[[-121.9641,37.4599],[-121.9641,37.4599],[-121.9642,37.4598],[-121.9641,37.4599]]],[[[-121.9732,37.4597],[-121.9722,37.4599],[-121.9732,37.4597],[-121.9732,37.4597]]],[[[-121.9821,37.4602],[-121.9823,37.4603],[-121.9826,37.4603],[-121.9821,37.4602]]],[[[-122.0204,37.4596],[-122.0205,37.4599],[-122.0205,37.4599],[-122.0204,37.4596]]],[[[-121.9641,37.4607],[-121.964,37.4606],[-121.9641,37.4607],[-121.9641,37.4607]]],[[[-121.9643,37.4609],[-121.9644,37.4609],[-121.9643,37.4609],[-121.9643,37.4609]]],[[[-121.9652,37.4611],[-121.9652,37.4611],[-121.965,37.4611],[-121.9652,37.4611]]],[[[-121.9669,37.4611],[-121.9665,37.4612],[-121.9666,37.4612],[-121.9669,37.4611]]],[[[-122.0241,37.461],[-122.0241,37.461],[-122.0241,37.461],[-122.0241,37.461]]],[[[-122.031,37.461],[-122.031,37.461],[-122.031,37.461],[-122.031,37.461]]],[[[-122.0309,37.461],[-122.0308,37.461],[-122.0309,37.461],[-122.0309,37.461]]],[[[-122.0243,37.4611],[-122.0243,37.4611],[-122.0245,37.4613],[-122.0243,37.4611]]],[[[-122.029,37.4611],[-122.0292,37.4611],[-122.0291,37.4611],[-122.029,37.4611]]],[[[-122.0292,37.4611],[-122.0293,37.4611],[-122.0292,37.4611],[-122.0292,37.4611]]],[[[-122.029,37.4611],[-122.0289,37.4612],[-122.029,37.4611],[-122.029,37.4611]]],[[[-122.0306,37.4611],[-122.0304,37.4612],[-122.0303,37.4612],[-122.0306,37.4611]]],[[[-122.0308,37.461],[-122.0308,37.461],[-122.0308,37.461],[-122.0308,37.461]]],[[[-122.0298,37.4613],[-122.0298,37.4613],[-122.0298,37.4613],[-122.0298,37.4613]]],[[[-122.0302,37.4613],[-122.0302,37.4613],[-122.0302,37.4613],[-122.0302,37.4613]]],[[[-122.0282,37.4614],[-122.0281,37.4615],[-122.0284,37.4614],[-122.0282,37.4614]]],[[[-122.0259,37.4617],[-122.0263,37.4617],[-122.0253,37.4616],[-122.0259,37.4617]]],[[[-122.0535,37.4476],[-122.0531,37.4477],[-122.0532,37.4477],[-122.0535,37.4476]]],[[[-122.0524,37.4477],[-122.0524,37.4477],[-122.0524,37.4477],[-122.0524,37.4477]]],[[[-122.0897,37.4449],[-122.0896,37.4449],[-122.0898,37.4449],[-122.0897,37.4449]]],[[[-122.0899,37.445],[-122.09,37.4451],[-122.09,37.445],[-122.0899,37.445]]],[[[-122.0896,37.445],[-122.0896,37.445],[-122.0895,37.4454],[-122.0896,37.445]]],[[[-122.0893,37.4458],[-122.0894,37.4456],[-122.0894,37.4456],[-122.0893,37.4458]]],[[[-122.0901,37.4458],[-122.0901,37.4458],[-122.0901,37.4457],[-122.0901,37.4458]]],[[[-122.0897,37.4459],[-122.0897,37.4459],[-122.0897,37.4459],[-122.0897,37.4459]]],[[[-122.0895,37.4465],[-122.0895,37.4466],[-122.0895,37.4462],[-122.0895,37.4465]]],[[[-122.0892,37.4467],[-122.0892,37.4466],[-122.0894,37.447],[-122.0892,37.4467]]],[[[-122.0895,37.4466],[-122.0895,37.4466],[-122.0895,37.4466],[-122.0895,37.4466]]],[[[-122.0898,37.4472],[-122.0899,37.4474],[-122.0899,37.4474],[-122.0898,37.4472]]],[[[-122.0652,37.4478],[-122.0652,37.4477],[-122.0652,37.4478],[-122.0652,37.4478]]],[[[-122.0899,37.4476],[-122.0899,37.4484],[-122.0899,37.4476],[-122.0899,37.4476]]],[[[-122.0782,37.4483],[-122.0779,37.4481],[-122.0786,37.4489],[-122.0782,37.4483]]],[[[-122.0898,37.4486],[-122.0899,37.4485],[-122.0899,37.4485],[-122.0898,37.4486]]],[[[-122.0775,37.4482],[-122.0773,37.4483],[-122.0771,37.4484],[-122.0775,37.4482]]],[[[-122.0897,37.4479],[-122.0897,37.4478],[-122.0896,37.4476],[-122.0897,37.4479]]],[[[-122.077,37.4486],[-122.077,37.4486],[-122.077,37.4485],[-122.077,37.4486]]],[[[-122.0737,37.4487],[-122.0735,37.4487],[-122.074,37.4488],[-122.0737,37.4487]]],[[[-122.073,37.4489],[-122.0729,37.4489],[-122.073,37.4489],[-122.073,37.4489]]],[[[-122.0729,37.4489],[-122.0728,37.449],[-122.0729,37.4489],[-122.0729,37.4489]]],[[[-122.0727,37.4491],[-122.0727,37.4491],[-122.0727,37.4491],[-122.0727,37.4491]]],[[[-122.0723,37.4493],[-122.0725,37.4493],[-122.0725,37.4493],[-122.0723,37.4493]]],[[[-122.072,37.4494],[-122.072,37.4494],[-122.072,37.4493],[-122.072,37.4494]]],[[[-122.0718,37.4494],[-122.0718,37.4494],[-122.0718,37.4494],[-122.0718,37.4494]]],[[[-122.0712,37.45],[-122.0711,37.45],[-122.0713,37.4499],[-122.0712,37.45]]],[[[-122.0705,37.45],[-122.0705,37.45],[-122.0705,37.45],[-122.0705,37.45]]],[[[-122.0762,37.4496],[-122.0764,37.4497],[-122.0764,37.4497],[-122.0762,37.4496]]],[[[-122.0768,37.4498],[-122.0768,37.4498],[-122.0768,37.4498],[-122.0768,37.4498]]],[[[-122.0895,37.4489],[-122.0895,37.4489],[-122.0895,37.4488],[-122.0895,37.4489]]],[[[-122.0898,37.449],[-122.0898,37.449],[-122.0898,37.4489],[-122.0898,37.449]]],[[[-122.0794,37.45],[-122.0794,37.45],[-122.0794,37.4499],[-122.0794,37.45]]],[[[-122.0841,37.4504],[-122.0841,37.4504],[-122.0842,37.4504],[-122.0841,37.4504]]],[[[-122.0844,37.4504],[-122.0845,37.4505],[-122.0844,37.4504],[-122.0844,37.4504]]],[[[-122.0827,37.4507],[-122.0831,37.4505],[-122.0827,37.4507],[-122.0827,37.4507]]],[[[-122.0824,37.4509],[-122.0824,37.4509],[-122.0824,37.4509],[-122.0824,37.4509]]],[[[-122.0803,37.4514],[-122.0803,37.4514],[-122.0801,37.451],[-122.0803,37.4514]]],[[[-122.0804,37.4515],[-122.0804,37.4515],[-122.0804,37.4515],[-122.0804,37.4515]]],[[[-122.0856,37.4506],[-122.0856,37.4506],[-122.0855,37.4506],[-122.0856,37.4506]]],[[[-122.0859,37.4506],[-122.086,37.4507],[-122.0859,37.4506],[-122.0859,37.4506]]],[[[-122.3836,37.7092],[-122.3832,37.7092],[-122.3836,37.7092],[-122.3836,37.7092]]],[[[-122.3824,37.7091],[-122.3821,37.7091],[-122.3822,37.7091],[-122.3824,37.7091]]],[[[-122.3804,37.7088],[-122.3799,37.7086],[-122.3802,37.7087],[-122.3804,37.7088]]],[[[-122.3798,37.7085],[-122.3797,37.7085],[-122.3799,37.7086],[-122.3798,37.7085]]],[[[-122.3797,37.7085],[-122.3796,37.7085],[-122.3795,37.7085],[-122.3797,37.7085]]],[[[-122.3792,37.7084],[-122.3792,37.7084],[-122.3792,37.7084],[-122.3792,37.7084]]],[[[-122.3787,37.7084],[-122.3787,37.7084],[-122.3787,37.7084],[-122.3787,37.7084]]],[[[-122.375,37.7085],[-122.375,37.7085],[-122.375,37.7085],[-122.375,37.7085]]],[[[-122.3787,37.7132],[-122.3786,37.7134],[-122.3787,37.7133],[-122.3787,37.7132]]],[[[-122.3792,37.7178],[-122.3798,37.7178],[-122.3795,37.7178],[-122.3792,37.7178]]],[[[-122.3812,37.7188],[-122.3809,37.7188],[-122.3812,37.7188],[-122.3812,37.7188]]],[[[-122.3822,37.7196],[-122.3825,37.7198],[-122.3824,37.7197],[-122.3822,37.7196]]],[[[-122.3866,37.7239],[-122.3869,37.7241],[-122.3869,37.7241],[-122.3866,37.7239]]],[[[-122.378,37.724],[-122.3776,37.7241],[-122.378,37.724],[-122.378,37.724]]],[[[-122.3838,37.7231],[-122.3838,37.7231],[-122.3838,37.7231],[-122.3838,37.7231]]],[[[-122.3833,37.7229],[-122.3829,37.7226],[-122.3831,37.7228],[-122.3833,37.7229]]],[[[-122.3822,37.7222],[-122.3818,37.7222],[-122.382,37.7222],[-122.3822,37.7222]]],[[[-122.3768,37.7235],[-122.3768,37.7235],[-122.3768,37.7235],[-122.3768,37.7235]]],[[[-122.3747,37.72],[-122.3745,37.7199],[-122.3749,37.7201],[-122.3747,37.72]]],[[[-122.3744,37.7197],[-122.3744,37.7197],[-122.3745,37.7198],[-122.3744,37.7197]]],[[[-122.374,37.7189],[-122.3743,37.7196],[-122.3743,37.7191],[-122.374,37.7189]]],[[[-122.3719,37.719],[-122.3723,37.719],[-122.3718,37.719],[-122.3719,37.719]]],[[[-122.3627,37.7181],[-122.3627,37.718],[-122.3627,37.7181],[-122.3627,37.7181]]],[[[-122.364,37.7166],[-122.364,37.7166],[-122.364,37.7166],[-122.364,37.7166]]],[[[-122.3589,37.7296],[-122.3589,37.7297],[-122.3589,37.7297],[-122.3589,37.7296]]],[[[-122.3752,37.7345],[-122.3752,37.7345],[-122.3751,37.7345],[-122.3752,37.7345]]],[[[-122.3753,37.7346],[-122.3753,37.7347],[-122.3753,37.7346],[-122.3753,37.7346]]],[[[-122.3752,37.7347],[-122.3751,37.7347],[-122.3753,37.7347],[-122.3752,37.7347]]],[[[-122.3756,37.7352],[-122.3756,37.7353],[-122.3759,37.7351],[-122.3756,37.7352]]],[[[-122.3756,37.7353],[-122.3756,37.7353],[-122.3756,37.7353],[-122.3756,37.7353]]],[[[-122.375,37.746],[-122.375,37.7459],[-122.375,37.7458],[-122.375,37.746]]],[[[-122.3748,37.7464],[-122.3748,37.7465],[-122.3748,37.7464],[-122.3748,37.7464]]],[[[-122.3829,37.755],[-122.3829,37.7551],[-122.3837,37.755],[-122.3829,37.755]]],[[[-122.3808,37.7555],[-122.3809,37.7552],[-122.3808,37.7553],[-122.3808,37.7555]]],[[[-122.3842,37.7624],[-122.3842,37.7625],[-122.3842,37.7624],[-122.3842,37.7624]]],[[[-122.3866,37.764],[-122.3868,37.764],[-122.3867,37.764],[-122.3866,37.764]]],[[[-122.3866,37.7643],[-122.3866,37.7643],[-122.3866,37.7642],[-122.3866,37.7643]]],[[[-122.3859,37.7663],[-122.3858,37.7666],[-122.386,37.7662],[-122.3859,37.7663]]],[[[-122.3853,37.7676],[-122.3853,37.7677],[-122.3853,37.7676],[-122.3853,37.7676]]],[[[-122.3855,37.7699],[-122.3855,37.7699],[-122.3855,37.7699],[-122.3855,37.7699]]],[[[-122.3855,37.77],[-122.3855,37.77],[-122.3855,37.77],[-122.3855,37.77]]],[[[-122.3832,37.7697],[-122.3832,37.7697],[-122.3832,37.7697],[-122.3832,37.7697]]],[[[-122.3859,37.7707],[-122.3859,37.7708],[-122.3858,37.7707],[-122.3859,37.7707]]],[[[-122.3859,37.771],[-122.3859,37.771],[-122.3859,37.771],[-122.3859,37.771]]],[[[-122.3861,37.7712],[-122.3862,37.7713],[-122.3862,37.7712],[-122.3861,37.7712]]],[[[-122.3862,37.7714],[-122.3863,37.7714],[-122.3863,37.7714],[-122.3862,37.7714]]],[[[-122.3864,37.7719],[-122.3864,37.7719],[-122.3864,37.7719],[-122.3864,37.7719]]],[[[-122.3866,37.7721],[-122.3865,37.772],[-122.3865,37.772],[-122.3866,37.7721]]],[[[-122.3867,37.7724],[-122.3867,37.7725],[-122.3867,37.7724],[-122.3867,37.7724]]],[[[-122.5142,37.7806],[-122.5142,37.7806],[-122.5142,37.7806],[-122.5142,37.7806]]],[[[-122.5135,37.7821],[-122.5136,37.782],[-122.5135,37.782],[-122.5135,37.7821]]],[[[-122.5127,37.7835],[-122.5126,37.7836],[-122.5126,37.7836],[-122.5127,37.7835]]],[[[-122.3874,37.7873],[-122.3874,37.7877],[-122.3874,37.7873],[-122.3874,37.7873]]],[[[-122.3923,37.7947],[-122.3924,37.7948],[-122.3923,37.7947],[-122.3923,37.7947]]],[[[-122.3952,37.7972],[-122.3951,37.7973],[-122.3952,37.7972],[-122.3952,37.7972]]],[[[-122.3954,37.7975],[-122.3954,37.7976],[-122.3954,37.7975],[-122.3954,37.7975]]],[[[-122.3936,37.7987],[-122.3936,37.7987],[-122.3938,37.7985],[-122.3936,37.7987]]],[[[-122.3954,37.8012],[-122.3957,37.8014],[-122.3955,37.8012],[-122.3954,37.8012]]],[[[-122.4813,37.7992],[-122.4813,37.7992],[-122.4813,37.7991],[-122.4813,37.7992]]],[[[-122.3996,37.8023],[-122.3996,37.8023],[-122.3997,37.8022],[-122.3996,37.8023]]],[[[-122.4326,37.8058],[-122.4326,37.8058],[-122.4326,37.8058],[-122.4326,37.8058]]],[[[-122.4163,37.8083],[-122.4164,37.8084],[-122.4164,37.8083],[-122.4163,37.8083]]],[[[-122.4091,37.8088],[-122.4091,37.8089],[-122.4091,37.8088],[-122.4091,37.8088]]],[[[-122.4174,37.8083],[-122.4176,37.8084],[-122.4176,37.8083],[-122.4174,37.8083]]],[[[-122.4179,37.8086],[-122.4179,37.8086],[-122.418,37.8086],[-122.4179,37.8086]]],[[[-122.4179,37.8086],[-122.4179,37.8086],[-122.4179,37.8086],[-122.4179,37.8086]]],[[[-122.4204,37.8087],[-122.4204,37.8087],[-122.4204,37.8087],[-122.4204,37.8087]]],[[[-122.4264,37.8077],[-122.4265,37.8079],[-122.4264,37.8078],[-122.4264,37.8077]]],[[[-122.4247,37.8106],[-122.4247,37.8106],[-122.4247,37.8106],[-122.4247,37.8106]]],[[[-122.4246,37.8104],[-122.4246,37.8104],[-122.4246,37.8104],[-122.4246,37.8104]]],[[[-122.4248,37.8106],[-122.4247,37.8106],[-122.4247,37.8106],[-122.4248,37.8106]]],[[[-122.4426,37.8066],[-122.4426,37.8066],[-122.4426,37.8066],[-122.4426,37.8066]]],[[[-122.4424,37.8077],[-122.4424,37.8077],[-122.4424,37.8078],[-122.4424,37.8077]]],[[[-122.4423,37.8079],[-122.4423,37.8079],[-122.4423,37.8079],[-122.4423,37.8079]]],[[[-122.44,37.8087],[-122.4401,37.8088],[-122.4401,37.8085],[-122.44,37.8087]]],[[[-122.4402,37.8087],[-122.4403,37.8086],[-122.4403,37.8087],[-122.4402,37.8087]]],[[[-122.4781,37.8082],[-122.4782,37.8082],[-122.4781,37.8082],[-122.4781,37.8082]]],[[[-122.4755,37.8094],[-122.4757,37.8094],[-122.4756,37.8094],[-122.4755,37.8094]]],[[[-122.4759,37.8095],[-122.4759,37.8095],[-122.4759,37.8095],[-122.4759,37.8095]]],[[[-122.4764,37.8106],[-122.4764,37.8106],[-122.4764,37.8106],[-122.4764,37.8106]]],[[[-120.5199,34.6926],[-120.5191,34.6776],[-120.5071,34.6735],[-120.505,34.6686],[-120.4931,34.6717],[-120.4927,34.6684],[-120.4847,34.6637],[-120.4842,34.6538],[-120.4755,34.65],[-120.4798,34.6484],[-120.4799,34.639],[-120.4756,34.6389],[-120.4757,34.6345],[-120.4845,34.6345],[-120.4823,34.6296],[-120.4878,34.6225],[-120.4804,34.6209],[-120.4799,34.6307],[-120.457,34.631],[-120.4499,34.6281],[-120.4517,34.631],[-120.4446,34.6288],[-120.4323,34.6342],[-120.4401,34.657],[-120.4466,34.6661],[-120.4532,34.664],[-120.4531,34.6692],[-120.4578,34.6699],[-120.4576,34.6734],[-120.451,34.6746],[-120.4569,34.6788],[-120.4492,34.6887],[-120.5029,34.689],[-120.5047,34.692],[-120.5199,34.6926]]],[[[-123.183,39.1137],[-123.1933,39.1141],[-123.1919,39.111],[-123.1826,39.1117],[-123.183,39.1137]]],[[[-123.1975,39.1178],[-123.195,39.1213],[-123.1958,39.1328],[-123.1922,39.1328],[-123.1913,39.1364],[-123.1953,39.1366],[-123.1958,39.1447],[-123.1885,39.1459],[-123.1912,39.1518],[-123.1965,39.1523],[-123.1977,39.1586],[-123.1923,39.1606],[-123.2059,39.1592],[-123.2055,39.1652],[-123.2107,39.1651],[-123.2115,39.1684],[-123.2271,39.1677],[-123.2262,39.162],[-123.2331,39.1641],[-123.2323,39.1417],[-123.2174,39.1419],[-123.2208,39.1395],[-123.2171,39.1387],[-123.2188,39.1308],[-123.2042,39.129],[-123.2043,39.1243],[-123.1975,39.1178]]],[[[-123.1849,39.1454],[-123.185,39.1424],[-123.1807,39.1414],[-123.1816,39.1466],[-123.1849,39.1454]]],[[[-121.686,39.3547],[-121.6844,39.3569],[-121.6878,39.3579],[-121.6833,39.3596],[-121.6788,39.3705],[-121.6833,39.3705],[-121.6859,39.3742],[-121.688,39.3705],[-121.6969,39.3703],[-121.6986,39.3743],[-121.7067,39.3743],[-121.7068,39.3648],[-121.716,39.3667],[-121.7185,39.3615],[-121.7184,39.358],[-121.7043,39.354],[-121.6968,39.3576],[-121.6959,39.3485],[-121.6877,39.3486],[-121.686,39.3547]]],[[[-121.7081,39.4079],[-121.7021,39.4105],[-121.7012,39.4158],[-121.7034,39.4206],[-121.7071,39.4172],[-121.7077,39.422],[-121.711,39.4219],[-121.7105,39.4188],[-121.7144,39.4178],[-121.7161,39.4214],[-121.7146,39.417],[-121.7177,39.407],[-121.725,39.4069],[-121.7115,39.4069],[-121.7115,39.4101],[-121.7077,39.405],[-121.7081,39.4079]]],[[[-122.2903,40.479],[-122.2931,40.4789],[-122.2933,40.4724],[-122.2742,40.4704],[-122.2742,40.4759],[-122.2903,40.479]]],[[[-122.2983,40.487],[-122.2934,40.4876],[-122.2953,40.4911],[-122.2837,40.4912],[-122.2837,40.4933],[-122.2744,40.4913],[-122.2812,40.4984],[-122.2767,40.4984],[-122.2765,40.5403],[-122.2908,40.5382],[-122.2907,40.5348],[-122.3026,40.5373],[-122.3026,40.5348],[-122.3082,40.5348],[-122.3076,40.5413],[-122.3148,40.5413],[-122.3149,40.5492],[-122.2957,40.5493],[-122.2958,40.5566],[-122.291,40.5566],[-122.291,40.5632],[-122.2988,40.564],[-122.306,40.5795],[-122.3136,40.5802],[-122.3136,40.5718],[-122.3208,40.5712],[-122.3208,40.5783],[-122.3149,40.5819],[-122.3155,40.6093],[-122.3204,40.6146],[-122.3205,40.6197],[-122.3303,40.618],[-122.3303,40.6219],[-122.3234,40.6219],[-122.3252,40.6255],[-122.3303,40.6252],[-122.3304,40.6292],[-122.3353,40.6291],[-122.3355,40.6364],[-122.3453,40.6367],[-122.3452,40.6474],[-122.3404,40.6474],[-122.3393,40.6515],[-122.3296,40.6567],[-122.318,40.6805],[-122.329,40.6804],[-122.331,40.673],[-122.3359,40.673],[-122.3359,40.6639],[-122.3427,40.6638],[-122.3454,40.6649],[-122.3456,40.6804],[-122.3484,40.681],[-122.3375,40.706],[-122.3563,40.7058],[-122.3556,40.6948],[-122.3902,40.6954],[-122.3938,40.7096],[-122.4113,40.7094],[-122.4112,40.6666],[-122.3941,40.6659],[-122.3925,40.651],[-122.3845,40.6509],[-122.3836,40.6401],[-122.3779,40.6378],[-122.375,40.6391],[-122.3751,40.6453],[-122.3691,40.6454],[-122.3691,40.6401],[-122.3661,40.6397],[-122.3688,40.6328],[-122.3749,40.6327],[-122.375,40.6364],[-122.3924,40.6356],[-122.3925,40.6228],[-122.3985,40.6354],[-122.4066,40.6354],[-122.4075,40.6404],[-122.4113,40.6392],[-122.4163,40.6359],[-122.4131,40.6338],[-122.4183,40.6312],[-122.4161,40.6249],[-122.421,40.6241],[-122.4114,40.6211],[-122.4115,40.6141],[-122.4261,40.6143],[-122.4308,40.6071],[-122.4487,40.607],[-122.4478,40.6006],[-122.4376,40.5929],[-122.4469,40.5908],[-122.4503,40.5859],[-122.4374,40.5828],[-122.4384,40.5669],[-122.4338,40.5669],[-122.4344,40.5596],[-122.4296,40.5632],[-122.4298,40.5526],[-122.4252,40.5525],[-122.4253,40.5457],[-122.4458,40.5461],[-122.4465,40.5285],[-122.4417,40.5287],[-122.437,40.5243],[-122.4407,40.5212],[-122.44,40.5176],[-122.4272,40.5174],[-122.4265,40.5299],[-122.4099,40.5298],[-122.4045,40.5329],[-122.3894,40.5301],[-122.3919,40.5145],[-122.4274,40.5136],[-122.428,40.5025],[-122.4377,40.5011],[-122.4384,40.4949],[-122.4197,40.5012],[-122.411,40.5005],[-122.4052,40.5029],[-122.4059,40.5066],[-122.3927,40.5074],[-122.3946,40.5126],[-122.3862,40.5166],[-122.381,40.5124],[-122.3795,40.505],[-122.3937,40.5053],[-122.3849,40.4972],[-122.3781,40.5053],[-122.3622,40.4925],[-122.3562,40.4911],[-122.3494,40.4963],[-122.3586,40.4996],[-122.3646,40.5059],[-122.3574,40.5164],[-122.3595,40.5291],[-122.3481,40.5381],[-122.3433,40.5363],[-122.3434,40.5457],[-122.3398,40.5456],[-122.339,40.5391],[-122.3424,40.5371],[-122.3408,40.531],[-122.3373,40.5311],[-122.3374,40.5346],[-122.3241,40.5311],[-122.324,40.5238],[-122.3156,40.5165],[-122.3132,40.52],[-122.3049,40.5201],[-122.3049,40.5128],[-122.3143,40.5128],[-122.3165,40.5056],[-122.315,40.5002],[-122.3055,40.4983],[-122.3056,40.4912],[-122.3028,40.4912],[-122.3011,40.484],[-122.2982,40.484],[-122.2983,40.487]]],[[[-123.5287,38.758],[-123.529,38.7581],[-123.5287,38.758],[-123.5287,38.758]]],[[[-123.5295,38.7581],[-123.5295,38.7581],[-123.5292,38.7581],[-123.5295,38.7581]]],[[[-123.5297,38.7583],[-123.5297,38.7583],[-123.5297,38.7583],[-123.5297,38.7583]]],[[[-123.5307,38.7585],[-123.5307,38.7585],[-123.5307,38.7585],[-123.5307,38.7585]]],[[[-123.5308,38.7586],[-123.5308,38.7586],[-123.5308,38.7586],[-123.5308,38.7586]]],[[[-123.5304,38.7587],[-123.5304,38.7587],[-123.5304,38.7587],[-123.5304,38.7587]]],[[[-123.5304,38.7587],[-123.5304,38.7587],[-123.5304,38.7587],[-123.5304,38.7587]]],[[[-123.5309,38.7591],[-123.5309,38.7591],[-123.5309,38.7591],[-123.5309,38.7591]]],[[[-123.532,38.7591],[-123.532,38.7591],[-123.532,38.7591],[-123.532,38.7591]]],[[[-123.5318,38.7591],[-123.5318,38.7591],[-123.5318,38.7591],[-123.5318,38.7591]]],[[[-123.531,38.7592],[-123.5311,38.7592],[-123.531,38.7592],[-123.531,38.7592]]],[[[-123.5314,38.7592],[-123.5314,38.7592],[-123.5315,38.7592],[-123.5314,38.7592]]],[[[-123.5322,38.7593],[-123.5323,38.7594],[-123.5321,38.7592],[-123.5322,38.7593]]],[[[-123.5318,38.7596],[-123.5318,38.7596],[-123.5318,38.7596],[-123.5318,38.7596]]],[[[-123.5315,38.76],[-123.5313,38.7606],[-123.5316,38.7599],[-123.5315,38.76]]],[[[-123.5312,38.7624],[-123.5312,38.7613],[-123.5312,38.762],[-123.5312,38.7624]]],[[[-123.531,38.7628],[-123.531,38.7628],[-123.531,38.7628],[-123.531,38.7628]]],[[[-123.531,38.7628],[-123.5311,38.7632],[-123.531,38.7628],[-123.531,38.7628]]],[[[-123.5315,38.7632],[-123.5315,38.7632],[-123.5315,38.7632],[-123.5315,38.7632]]],[[[-123.531,38.7639],[-123.5309,38.7634],[-123.5309,38.7634],[-123.531,38.7639]]],[[[-123.5315,38.7634],[-123.5315,38.7636],[-123.5315,38.7635],[-123.5315,38.7634]]],[[[-123.5312,38.7635],[-123.5312,38.7635],[-123.5312,38.7635],[-123.5312,38.7635]]],[[[-123.5314,38.7637],[-123.5313,38.7637],[-123.5314,38.7637],[-123.5314,38.7637]]],[[[-123.5313,38.7637],[-123.5313,38.7637],[-123.5313,38.7637],[-123.5313,38.7637]]],[[[-123.531,38.7649],[-123.531,38.7649],[-123.531,38.7647],[-123.531,38.7649]]],[[[-123.5312,38.7652],[-123.5312,38.7653],[-123.5312,38.7652],[-123.5312,38.7652]]],[[[-123.5235,38.7495],[-123.5235,38.7495],[-123.5234,38.7495],[-123.5235,38.7495]]],[[[-123.524,38.7492],[-123.524,38.7492],[-123.524,38.7492],[-123.524,38.7492]]],[[[-123.4951,38.7372],[-123.495,38.7372],[-123.4951,38.7372],[-123.4951,38.7372]]],[[[-123.495,38.7371],[-123.495,38.7371],[-123.495,38.7371],[-123.495,38.7371]]],[[[-123.4831,38.7264],[-123.4831,38.7264],[-123.4831,38.7264],[-123.4831,38.7264]]],[[[-123.4828,38.7263],[-123.4828,38.7263],[-123.4828,38.7263],[-123.4828,38.7263]]],[[[-123.4829,38.7263],[-123.4829,38.7263],[-123.4829,38.7263],[-123.4829,38.7263]]],[[[-123.4818,38.7265],[-123.4818,38.7265],[-123.4817,38.7265],[-123.4818,38.7265]]],[[[-123.4775,38.7239],[-123.4776,38.7239],[-123.4776,38.7239],[-123.4775,38.7239]]],[[[-123.4733,38.7224],[-123.4733,38.7223],[-123.4734,38.7223],[-123.4733,38.7224]]],[[[-123.4752,38.7223],[-123.4749,38.7222],[-123.475,38.7223],[-123.4752,38.7223]]],[[[-123.4736,38.722],[-123.4736,38.722],[-123.4736,38.722],[-123.4736,38.722]]],[[[-123.4747,38.7219],[-123.4746,38.7219],[-123.4747,38.7219],[-123.4747,38.7219]]],[[[-123.4659,38.7196],[-123.4659,38.7196],[-123.4659,38.7196],[-123.4659,38.7196]]],[[[-123.4652,38.7191],[-123.4652,38.7191],[-123.4652,38.7191],[-123.4652,38.7191]]],[[[-123.465,38.7191],[-123.465,38.7191],[-123.465,38.7191],[-123.465,38.7191]]],[[[-123.4517,38.7051],[-123.4516,38.7051],[-123.4517,38.7051],[-123.4517,38.7051]]],[[[-123.4283,38.6777],[-123.4283,38.6777],[-123.4284,38.6777],[-123.4283,38.6777]]],[[[-123.4158,38.6684],[-123.4158,38.6684],[-123.4158,38.6683],[-123.4158,38.6684]]],[[[-123.4077,38.6549],[-123.4077,38.6549],[-123.4077,38.6549],[-123.4077,38.6549]]],[[[-123.4085,38.6549],[-123.4085,38.6549],[-123.4085,38.6549],[-123.4085,38.6549]]],[[[-123.4061,38.6534],[-123.406,38.6534],[-123.4061,38.6534],[-123.4061,38.6534]]],[[[-123.4059,38.6534],[-123.4059,38.6534],[-123.4059,38.6534],[-123.4059,38.6534]]],[[[-123.4017,38.6498],[-123.4017,38.6498],[-123.4017,38.6499],[-123.4017,38.6498]]],[[[-123.4017,38.6497],[-123.4017,38.6497],[-123.4017,38.6498],[-123.4017,38.6497]]],[[[-123.4015,38.6495],[-123.4015,38.6495],[-123.4015,38.6496],[-123.4015,38.6495]]],[[[-123.4029,38.6493],[-123.4028,38.6493],[-123.4028,38.6493],[-123.4029,38.6493]]],[[[-123.4018,38.6494],[-123.4018,38.6494],[-123.402,38.6494],[-123.4018,38.6494]]],[[[-123.4017,38.6494],[-123.4017,38.6494],[-123.4016,38.6494],[-123.4017,38.6494]]],[[[-123.3945,38.6381],[-123.3943,38.6381],[-123.3945,38.6381],[-123.3945,38.6381]]],[[[-123.3887,38.631],[-123.3888,38.631],[-123.3888,38.631],[-123.3887,38.631]]],[[[-123.3875,38.6286],[-123.3875,38.6286],[-123.3874,38.6286],[-123.3875,38.6286]]],[[[-123.3874,38.6286],[-123.3874,38.6286],[-123.3874,38.6286],[-123.3874,38.6286]]],[[[-123.3876,38.6285],[-123.3876,38.6285],[-123.3876,38.6285],[-123.3876,38.6285]]],[[[-123.3872,38.6283],[-123.3872,38.6283],[-123.3871,38.6285],[-123.3872,38.6283]]],[[[-123.3857,38.6273],[-123.3856,38.6273],[-123.3856,38.6273],[-123.3857,38.6273]]],[[[-123.3804,38.6223],[-123.3804,38.6223],[-123.3804,38.6223],[-123.3804,38.6223]]],[[[-123.3384,38.5813],[-123.3378,38.5814],[-123.3383,38.5814],[-123.3384,38.5813]]],[[[-123.338,38.5708],[-123.3381,38.5707],[-123.3381,38.5707],[-123.338,38.5708]]],[[[-123.3384,38.5708],[-123.3384,38.5708],[-123.3384,38.5708],[-123.3384,38.5708]]],[[[-123.3383,38.5707],[-123.3383,38.5707],[-123.3383,38.5707],[-123.3383,38.5707]]],[[[-123.3345,38.5669],[-123.3343,38.5667],[-123.3343,38.5667],[-123.3345,38.5669]]],[[[-123.3337,38.5659],[-123.3337,38.5659],[-123.3341,38.5665],[-123.3337,38.5659]]],[[[-123.3329,38.5655],[-123.3329,38.5654],[-123.3329,38.5654],[-123.3329,38.5655]]],[[[-123.3323,38.5655],[-123.3327,38.5654],[-123.3323,38.5655],[-123.3323,38.5655]]],[[[-123.3102,38.5561],[-123.3102,38.5561],[-123.3102,38.5561],[-123.3102,38.5561]]],[[[-123.3083,38.556],[-123.3083,38.556],[-123.3083,38.556],[-123.3083,38.556]]],[[[-123.3031,38.5476],[-123.3031,38.5475],[-123.3031,38.5475],[-123.3031,38.5476]]],[[[-123.2887,38.5413],[-123.2895,38.5408],[-123.2892,38.5409],[-123.2887,38.5413]]],[[[-123.2868,38.54],[-123.2868,38.54],[-123.2868,38.54],[-123.2868,38.54]]],[[[-123.287,38.5398],[-123.2871,38.5398],[-123.2871,38.5398],[-123.287,38.5398]]],[[[-123.2804,38.5361],[-123.2804,38.5362],[-123.2804,38.5362],[-123.2804,38.5361]]],[[[-123.2548,38.5127],[-123.2548,38.5126],[-123.2547,38.5128],[-123.2548,38.5127]]],[[[-123.2549,38.5123],[-123.2549,38.5123],[-123.2548,38.5123],[-123.2549,38.5123]]],[[[-123.2483,38.5123],[-123.2483,38.5123],[-123.2482,38.5123],[-123.2483,38.5123]]],[[[-123.2548,38.5121],[-123.2545,38.512],[-123.2548,38.5121],[-123.2548,38.5121]]],[[[-123.249,38.5122],[-123.249,38.5122],[-123.2487,38.5122],[-123.249,38.5122]]],[[[-123.2527,38.5116],[-123.2523,38.5116],[-123.2531,38.5117],[-123.2527,38.5116]]],[[[-123.2521,38.5115],[-123.2521,38.5115],[-123.2522,38.5115],[-123.2521,38.5115]]],[[[-123.2518,38.5113],[-123.2518,38.5113],[-123.2518,38.5113],[-123.2518,38.5113]]],[[[-123.2518,38.5112],[-123.2517,38.5112],[-123.2517,38.5112],[-123.2518,38.5112]]],[[[-123.2516,38.5107],[-123.2514,38.5105],[-123.2516,38.5107],[-123.2516,38.5107]]],[[[-123.2513,38.5104],[-123.2513,38.5104],[-123.2513,38.5104],[-123.2513,38.5104]]],[[[-123.2504,38.5102],[-123.2503,38.5102],[-123.2507,38.5102],[-123.2504,38.5102]]],[[[-123.2405,38.5091],[-123.2405,38.509],[-123.2405,38.5091],[-123.2405,38.5091]]],[[[-123.163,38.4682],[-123.1629,38.4681],[-123.1629,38.4682],[-123.163,38.4682]]],[[[-123.153,38.4616],[-123.153,38.4616],[-123.153,38.4616],[-123.153,38.4616]]],[[[-123.1528,38.4612],[-123.1525,38.4608],[-123.1525,38.4608],[-123.1528,38.4612]]],[[[-123.1464,38.4581],[-123.1464,38.458],[-123.1464,38.4581],[-123.1464,38.4581]]],[[[-123.1464,38.458],[-123.1464,38.458],[-123.1464,38.458],[-123.1464,38.458]]],[[[-123.1265,38.4425],[-123.1266,38.4425],[-123.1265,38.4422],[-123.1265,38.4425]]],[[[-123.1267,38.4426],[-123.1267,38.4426],[-123.1266,38.4425],[-123.1267,38.4426]]],[[[-123.1267,38.4427],[-123.1268,38.4428],[-123.1267,38.4426],[-123.1267,38.4427]]],[[[-123.1268,38.4428],[-123.1268,38.4428],[-123.1268,38.4428],[-123.1268,38.4428]]],[[[-123.1269,38.4435],[-123.1269,38.4435],[-123.1269,38.4435],[-123.1269,38.4435]]],[[[-123.127,38.4436],[-123.127,38.4436],[-123.1269,38.4436],[-123.127,38.4436]]],[[[-123.1271,38.444],[-123.1271,38.444],[-123.127,38.4439],[-123.1271,38.444]]],[[[-123.1271,38.4441],[-123.1271,38.4441],[-123.1271,38.4441],[-123.1271,38.4441]]],[[[-123.1272,38.4442],[-123.1273,38.4444],[-123.1272,38.4442],[-123.1272,38.4442]]],[[[-123.1274,38.4445],[-123.1274,38.4445],[-123.1274,38.4445],[-123.1274,38.4445]]],[[[-123.1274,38.445],[-123.1274,38.4449],[-123.1274,38.4449],[-123.1274,38.445]]],[[[-123.1274,38.445],[-123.1274,38.445],[-123.1274,38.445],[-123.1274,38.445]]],[[[-123.1276,38.4455],[-123.1276,38.4456],[-123.1276,38.4455],[-123.1276,38.4455]]],[[[-123.1287,38.4487],[-123.1287,38.4487],[-123.1287,38.4487],[-123.1287,38.4487]]],[[[-123.129,38.4493],[-123.1291,38.4494],[-123.129,38.4493],[-123.129,38.4493]]],[[[-123.1292,38.4496],[-123.1293,38.4495],[-123.1291,38.4495],[-123.1292,38.4496]]],[[[-123.1293,38.4495],[-123.1293,38.4496],[-123.1293,38.4495],[-123.1293,38.4495]]],[[[-123.1293,38.4498],[-123.1293,38.4497],[-123.1292,38.4497],[-123.1293,38.4498]]],[[[-123.1298,38.4502],[-123.1296,38.45],[-123.1297,38.4502],[-123.1298,38.4502]]],[[[-123.1301,38.4506],[-123.1301,38.4506],[-123.1301,38.4506],[-123.1301,38.4506]]],[[[-123.1301,38.4506],[-123.1301,38.4506],[-123.1301,38.4506],[-123.1301,38.4506]]],[[[-123.1299,38.4506],[-123.1299,38.4506],[-123.1299,38.4506],[-123.1299,38.4506]]],[[[-123.13,38.4506],[-123.1301,38.4507],[-123.1301,38.4507],[-123.13,38.4506]]],[[[-123.0966,38.3946],[-123.0966,38.3946],[-123.0966,38.3947],[-123.0966,38.3946]]],[[[-123.0767,38.3228],[-123.077,38.3229],[-123.0767,38.3228],[-123.0767,38.3228]]],[[[-123.0781,38.323],[-123.0781,38.323],[-123.0781,38.323],[-123.0781,38.323]]],[[[-123.0779,38.3232],[-123.0779,38.3232],[-123.0778,38.3232],[-123.0779,38.3232]]]]},"properties":{"Utility":"Pacific Gas & Electric Company","Acronym":"PG&E","Type":"IOU","Phone":"(415) 973-7000","URL":"https://www.pge.com/"}},{"type":"Feature","geometry":{"type":"MultiPolygon","coordinates":[[[[-117.1296,32.6219],[-117.1308,32.6274],[-117.1291,32.6247],[-117.1296,32.6219]]],[[[-117.1347,32.6288],[-117.1318,32.6289],[-117.1347,32.6279],[-117.1321,32.626],[-117.1354,32.6259],[-117.1354,32.6297],[-117.1309,32.6297],[-117.1347,32.6288]]],[[[-117.2125,32.7734],[-117.2135,32.7759],[-117.2128,32.7756],[-117.2125,32.7734]]],[[[-117.2329,32.7763],[-117.2344,32.7717],[-117.2386,32.7709],[-117.2424,32.7757],[-117.2326,32.779],[-117.2329,32.7763]]],[[[-117.2253,32.7819],[-117.2259,32.7821],[-117.2255,32.7829],[-117.2253,32.7819]]],[[[-117.2273,32.7874],[-117.2277,32.7864],[-117.2287,32.7864],[-117.2273,32.7874]]],[[[-117.2138,32.7785],[-117.2193,32.7776],[-117.2111,32.7719],[-117.2124,32.7673],[-117.2168,32.7672],[-117.2213,32.7729],[-117.2212,32.7677],[-117.2296,32.7704],[-117.2169,32.7894],[-117.2124,32.7882],[-117.2168,32.7832],[-117.2138,32.7785]]],[[[-117.7001,33.459],[-117.6924,33.4579],[-117.7041,33.461],[-117.7001,33.459]]],[[[-117.4688,33.5881],[-117.5101,33.534],[-117.51,33.5205],[-117.5032,33.5203],[-117.5034,33.5088],[-117.5097,33.5088],[-117.5097,33.505],[-117.363,33.5055],[-117.3596,33.5],[-117.3609,33.4931],[-117.3668,33.4918],[-117.3635,33.4882],[-117.2417,33.4489],[-117.2413,33.432],[-117.2286,33.432],[-117.2191,33.4436],[-117.2099,33.4433],[-117.2148,33.4477],[-117.2021,33.4521],[-117.194,33.4425],[-117.1904,33.4464],[-117.1837,33.4461],[-117.1792,33.4495],[-117.1706,33.4483],[-117.1581,33.4375],[-117.161,33.4326],[-117.0308,33.4301],[-117.0308,33.4269],[-116.8475,33.4267],[-116.8385,33.4179],[-116.8298,33.4196],[-116.8221,33.4131],[-116.8088,33.4184],[-116.806,33.4269],[-116.2068,33.4288],[-116.2068,33.1967],[-116.2697,33.1633],[-116.2835,33.1633],[-116.2835,33.0417],[-116.1282,32.9248],[-116.1283,32.831],[-116.1036,32.8303],[-116.1062,32.6186],[-117.1248,32.5343],[-117.1276,32.5516],[-117.1233,32.5498],[-117.1265,32.5559],[-117.1201,32.5585],[-117.129,32.5595],[-117.1277,32.553],[-117.1316,32.5589],[-117.135,32.6097],[-117.1491,32.6461],[-117.1647,32.6676],[-117.1784,32.6788],[-117.1919,32.6853],[-117.2086,32.6871],[-117.2226,32.6841],[-117.2236,32.6801],[-117.2271,32.6961],[-117.2171,32.7103],[-117.2045,32.7146],[-117.1916,32.714],[-117.188,32.7119],[-117.1906,32.7066],[-117.1666,32.698],[-117.1635,32.6887],[-117.1658,32.6802],[-117.1683,32.6788],[-117.1735,32.6823],[-117.1755,32.6799],[-117.167,32.6748],[-117.1578,32.6804],[-117.1543,32.6777],[-117.1612,32.6677],[-117.1566,32.6652],[-117.1538,32.6575],[-117.1486,32.6562],[-117.1501,32.6517],[-117.1445,32.6504],[-117.1382,32.6382],[-117.1412,32.6366],[-117.1381,32.6309],[-117.132,32.6317],[-117.1375,32.6302],[-117.1338,32.623],[-117.1319,32.6254],[-117.1336,32.6188],[-117.1307,32.6214],[-117.1314,32.6176],[-117.1281,32.6195],[-117.1325,32.6101],[-117.1225,32.6023],[-117.1166,32.6026],[-117.1155,32.5993],[-117.0973,32.6131],[-117.1134,32.6142],[-117.114,32.6098],[-117.1122,32.617],[-117.097,32.6138],[-117.0979,32.6203],[-117.1036,32.6189],[-117.1046,32.6222],[-117.1001,32.6208],[-117.1022,32.626],[-117.1061,32.6253],[-117.1081,32.6285],[-117.1058,32.6322],[-117.1148,32.6384],[-117.1132,32.6432],[-117.117,32.6439],[-117.116,32.6469],[-117.1048,32.651],[-117.109,32.65],[-117.1078,32.6524],[-117.1195,32.6478],[-117.1212,32.6514],[-117.1224,32.6569],[-117.118,32.6573],[-117.1196,32.6691],[-117.1235,32.6697],[-117.1153,32.6745],[-117.1189,32.6725],[-117.1324,32.6858],[-117.1285,32.6879],[-117.1382,32.6864],[-117.1384,32.6899],[-117.1405,32.6879],[-117.1392,32.6903],[-117.1548,32.6962],[-117.1613,32.7007],[-117.1579,32.702],[-117.1758,32.7113],[-117.1735,32.7138],[-117.1767,32.7148],[-117.1734,32.7154],[-117.1767,32.7159],[-117.1735,32.7168],[-117.1767,32.718],[-117.1735,32.718],[-117.1734,32.7232],[-117.1758,32.7269],[-117.1808,32.7255],[-117.1861,32.7284],[-117.1955,32.7271],[-117.188,32.724],[-117.2137,32.7241],[-117.1985,32.7268],[-117.2138,32.7281],[-117.2069,32.7372],[-117.2087,32.741],[-117.2176,32.722],[-117.2274,32.724],[-117.227,32.7208],[-117.2202,32.7197],[-117.2229,32.7152],[-117.2344,32.708],[-117.2242,32.7168],[-117.2273,32.72],[-117.2354,32.7163],[-117.2358,32.7141],[-117.2332,32.7151],[-117.2368,32.7116],[-117.2395,32.6914],[-117.2377,32.6872],[-117.2343,32.6886],[-117.2365,32.6866],[-117.2326,32.6861],[-117.2384,32.6811],[-117.2362,32.6713],[-117.2386,32.6664],[-117.2446,32.6664],[-117.2498,32.689],[-117.2556,32.6995],[-117.2584,32.7253],[-117.2558,32.7275],[-117.2574,32.7334],[-117.2525,32.7562],[-117.2054,32.7615],[-117.2592,32.7559],[-117.2438,32.758],[-117.2422,32.7627],[-117.2405,32.7594],[-117.2341,32.7601],[-117.2422,32.7648],[-117.2405,32.7672],[-117.235,32.7665],[-117.2341,32.7697],[-117.2175,32.7638],[-117.2108,32.7667],[-117.2078,32.7707],[-117.2126,32.7789],[-117.2082,32.7869],[-117.2109,32.7893],[-117.2096,32.795],[-117.2153,32.7966],[-117.2117,32.7936],[-117.2193,32.7933],[-117.2228,32.804],[-117.2199,32.8079],[-117.2232,32.8042],[-117.2207,32.7949],[-117.2238,32.793],[-117.2299,32.7954],[-117.2348,32.7797],[-117.2387,32.78],[-117.2421,32.7897],[-117.2497,32.791],[-117.2522,32.7869],[-117.2481,32.782],[-117.2506,32.7824],[-117.2512,32.779],[-117.2467,32.7781],[-117.2513,32.7778],[-117.2508,32.7755],[-117.2486,32.7725],[-117.2456,32.7755],[-117.2427,32.7699],[-117.2462,32.7635],[-117.2487,32.7698],[-117.2498,32.7641],[-117.2451,32.7611],[-117.2603,32.7583],[-117.2547,32.7592],[-117.2533,32.7644],[-117.2564,32.793],[-117.2639,32.8071],[-117.2682,32.8082],[-117.2735,32.8179],[-117.2809,32.8221],[-117.2824,32.8401],[-117.2795,32.8473],[-117.2738,32.8514],[-117.264,32.8495],[-117.2557,32.8611],[-117.2514,32.8755],[-117.2588,32.9164],[-117.2609,32.9337],[-117.2585,32.9328],[-117.2683,32.9578],[-117.2705,32.9742],[-117.2683,32.9752],[-117.2584,32.9669],[-117.2602,32.9693],[-117.2554,32.9719],[-117.2605,32.9701],[-117.2675,32.9739],[-117.2685,32.9777],[-117.2712,32.9768],[-117.2815,33.0156],[-117.2776,33.01],[-117.276,33.0143],[-117.2826,33.0163],[-117.2955,33.0369],[-117.3137,33.0869],[-117.3095,33.084],[-117.3096,33.0877],[-117.3064,33.0841],[-117.3009,33.0876],[-117.302,33.0908],[-117.2932,33.0871],[-117.2718,33.0907],[-117.2793,33.0935],[-117.2946,33.0907],[-117.3024,33.0932],[-117.3139,33.0873],[-117.3284,33.1217],[-117.3448,33.1445],[-117.3384,33.1386],[-117.3373,33.1434],[-117.3337,33.1442],[-117.3213,33.1379],[-117.3153,33.1398],[-117.3319,33.1479],[-117.3332,33.1445],[-117.3347,33.1468],[-117.3373,33.1438],[-117.3453,33.1451],[-117.3589,33.1643],[-117.355,33.166],[-117.356,33.1682],[-117.3533,33.1655],[-117.3507,33.1679],[-117.3502,33.1746],[-117.3592,33.1676],[-117.3592,33.1646],[-117.392,33.2021],[-117.382,33.2081],[-117.3925,33.2026],[-117.3997,33.206],[-117.3892,33.2052],[-117.3943,33.2081],[-117.3951,33.2132],[-117.3979,33.2104],[-117.3958,33.2087],[-117.4037,33.2116],[-117.397,33.2156],[-117.4005,33.2196],[-117.4054,33.2136],[-117.4028,33.2056],[-117.4058,33.2093],[-117.4046,33.2153],[-117.416,33.2304],[-117.411,33.2274],[-117.4118,33.232],[-117.4023,33.2361],[-117.4174,33.232],[-117.4698,33.2955],[-117.5054,33.3322],[-117.5469,33.3637],[-117.5735,33.3795],[-117.5951,33.3859],[-117.6052,33.4029],[-117.6328,33.4316],[-117.6779,33.4602],[-117.6893,33.4611],[-117.6921,33.4567],[-117.6907,33.4611],[-117.6925,33.4589],[-117.7057,33.463],[-117.7047,33.4581],[-117.6915,33.4542],[-117.7075,33.4604],[-117.7148,33.46],[-117.726,33.4828],[-117.7343,33.4841],[-117.7474,33.5025],[-117.7351,33.5051],[-117.7376,33.5105],[-117.7214,33.5288],[-117.7289,33.5528],[-117.7277,33.5874],[-117.7212,33.5885],[-117.7161,33.5936],[-117.7016,33.5957],[-117.6969,33.5906],[-117.6885,33.5935],[-117.5634,33.5933],[-117.5637,33.5887],[-117.4962,33.5877],[-117.4642,33.5937],[-117.4688,33.5881]]]]},"properties":{"Utility":"San Diego Gas & Electric","Acronym":"SDG&E","Type":"IOU","Phone":"(619) 696-2000","URL":"https://www.sdge.com/"}},{"type":"Feature","geometry":{"type":"Polygon","coordinates":[[[-116.8275,34.3241],[-116.8278,34.3174],[-116.7966,34.3182],[-116.7969,34.2319],[-116.8863,34.2275],[-116.8866,34.2091],[-116.8992,34.2088],[-116.899,34.2279],[-117.0371,34.2262],[-117.0402,34.3148],[-116.9683,34.3164],[-116.966,34.3089],[-116.9497,34.3096],[-116.9492,34.3155],[-116.8365,34.3178],[-116.8364,34.3241],[-116.8275,34.3241]]]},"properties":{"Utility":"Bear Valley Electric Service","Acronym":"BVES","Type":"IOU","Phone":"(909) 866-4678","URL":"http://www.bves.com/"}},{"type":"Feature","geometry":{"type":"Polygon","coordinates":[[[-115.7735,34.0345],[-115.783,33.8566],[-115.6675,33.8522],[-115.6718,33.7736],[-115.5698,33.7696],[-115.5747,33.682],[-115.4588,33.6774],[-115.3635,33.5953],[-115.3683,33.5125],[-115.2577,33.5079],[-115.2625,33.4282],[-114.8309,33.4301],[-114.8309,33.4337],[-114.7924,33.4337],[-114.795,33.2502],[-114.7404,33.2501],[-114.7416,33.1804],[-114.7062,33.1799],[-114.7072,33.1647],[-114.6796,33.1634],[-114.6874,33.142],[-114.6969,33.1311],[-114.7037,33.1138],[-114.7079,33.0974],[-114.7065,33.0882],[-114.689,33.084],[-114.687,33.071],[-114.6743,33.0572],[-114.6737,33.0419],[-114.6651,33.0339],[-114.6578,33.0338],[-114.646,33.0489],[-114.6396,33.0453],[-114.6283,33.0311],[-114.6188,33.0272],[-114.5898,33.0262],[-114.5752,33.0365],[-114.5201,33.03],[-114.5114,33.0235],[-114.5029,33.0112],[-114.4929,32.9718],[-114.4886,32.97],[-114.4754,32.9752],[-114.4686,32.9717],[-114.4681,32.9553],[-114.4809,32.9363],[-114.4767,32.9236],[-114.4645,32.9131],[-114.4629,32.9079],[-114.469,32.8452],[-114.4941,32.8233],[-114.5103,32.8165],[-114.5296,32.7955],[-114.5324,32.7769],[-114.5269,32.7571],[-114.5391,32.757],[-114.5392,32.7498],[-114.5645,32.7496],[-114.5645,32.7423],[-114.5817,32.7423],[-114.5818,32.735],[-114.6151,32.7345],[-114.6174,32.7283],[-114.6882,32.7375],[-114.7016,32.7456],[-114.7145,32.7304],[-114.7195,32.7187],[-115.4736,32.6666],[-116.1134,32.6179],[-116.1062,32.6186],[-116.1036,32.8303],[-116.1283,32.831],[-116.1282,32.9248],[-116.2835,33.0417],[-116.2835,33.1633],[-116.2697,33.1633],[-116.2068,33.1967],[-116.2068,33.4288],[-116.3204,33.4278],[-116.321,33.5984],[-116.3384,33.5984],[-116.3384,33.7012],[-116.3121,33.7007],[-116.3038,33.7049],[-116.3038,33.7602],[-116.3241,33.765],[-116.3328,33.7722],[-116.3386,33.7722],[-116.3392,33.7577],[-116.3472,33.758],[-116.3466,33.7722],[-116.353,33.7724],[-116.3525,33.7838],[-116.355,33.7856],[-116.3827,33.8021],[-116.3881,33.8019],[-116.388,33.7963],[-116.4051,33.7963],[-116.4052,33.847],[-116.4254,33.847],[-116.4249,33.8593],[-116.4052,33.8595],[-116.3973,34.0328],[-116.0373,34.0343],[-116.038,34.0204],[-116.02,34.0198],[-116.0215,33.9889],[-115.9849,33.9876],[-115.9825,34.0351],[-115.7735,34.0345]]]},"properties":{"Utility":"Imperial Irrigation District","Acronym":"IID","Type":"POU","Phone":"760.335.3640","URL":"https://www.iid.com/"}},{"type":"Feature","geometry":{"type":"Polygon","coordinates":[[[-117.3488,34.0195],[-117.3466,34.0174],[-117.3508,34.0142],[-117.3493,34.012],[-117.334,34.0132],[-117.3343,34.0066],[-117.3267,34.0101],[-117.3196,34.0062],[-117.3136,34.0069],[-117.3136,34.0048],[-117.305,34.0047],[-117.3093,33.9974],[-117.3169,34.0012],[-117.331,33.9961],[-117.331,33.994],[-117.305,33.9943],[-117.3072,33.9879],[-117.3049,33.9851],[-117.3095,33.9835],[-117.309,33.9714],[-117.3138,33.9539],[-117.3039,33.9522],[-117.2965,33.945],[-117.2793,33.9435],[-117.2788,33.9396],[-117.2733,33.9368],[-117.2789,33.9348],[-117.2788,33.9315],[-117.289,33.9315],[-117.2832,33.9169],[-117.305,33.9167],[-117.3057,33.9131],[-117.3072,33.9159],[-117.3138,33.9159],[-117.3138,33.9116],[-117.3194,33.9092],[-117.3193,33.902],[-117.3138,33.902],[-117.3138,33.8984],[-117.305,33.8985],[-117.3028,33.9022],[-117.292,33.9041],[-117.2921,33.8877],[-117.3138,33.8883],[-117.3139,33.873],[-117.3531,33.8726],[-117.3531,33.8799],[-117.3487,33.8799],[-117.3487,33.8835],[-117.3531,33.8833],[-117.3381,33.889],[-117.3314,33.8883],[-117.3313,33.9018],[-117.3833,33.9016],[-117.3836,33.8871],[-117.4541,33.8884],[-117.4606,33.8847],[-117.465,33.8897],[-117.4728,33.886],[-117.4719,33.8824],[-117.4914,33.888],[-117.4976,33.883],[-117.5035,33.8932],[-117.5014,33.8944],[-117.5079,33.9023],[-117.511,33.9017],[-117.511,33.9098],[-117.5162,33.9098],[-117.5157,33.9432],[-117.5134,33.9432],[-117.5145,33.9456],[-117.5237,33.9457],[-117.5233,33.9556],[-117.5189,33.9556],[-117.5189,33.9592],[-117.4841,33.9608],[-117.4444,33.969],[-117.431,33.9672],[-117.4288,33.973],[-117.4233,33.9719],[-117.4068,33.9775],[-117.3674,34.0194],[-117.3488,34.0195]]]},"properties":{"Utility":"City of Riverside","Acronym":" ","Type":"POU","Phone":"951.826.5311","URL":"https://www.riversideca.gov/"}},{"type":"Feature","geometry":{"type":"Polygon","coordinates":[[[-117.5369,34.1191],[-117.5369,34.115],[-117.5246,34.1133],[-117.5434,34.0965],[-117.5518,34.0954],[-117.552,34.0992],[-117.5457,34.1009],[-117.5456,34.1065],[-117.5526,34.1065],[-117.5533,34.1097],[-117.5506,34.1113],[-117.5426,34.1077],[-117.54,34.1101],[-117.5399,34.1214],[-117.5349,34.1214],[-117.5369,34.1191]]]},"properties":{"Utility":"Rancho Cucamonga Municipal Utility","Acronym":" ","Type":"POU","Phone":"909.477.2740","URL":"https://www.cityofrc.us/rcmu/residential-power-service"}},{"type":"Feature","geometry":{"type":"Polygon","coordinates":[[[-118.0062,34.0623],[-118.0075,34.0578],[-118.0011,34.0548],[-117.9992,34.0589],[-117.9825,34.0627],[-117.9854,34.0594],[-117.983,34.0578],[-117.9892,34.0555],[-117.9867,34.0539],[-117.9905,34.05],[-117.9528,34.0228],[-117.9542,34.02],[-117.9503,34.0168],[-117.9396,34.0115],[-117.9252,34.009],[-117.9206,34.0171],[-117.9323,34.0163],[-117.9381,34.0179],[-117.9369,34.0226],[-117.9438,34.023],[-117.9433,34.0281],[-117.9386,34.0281],[-117.938,34.0342],[-117.9408,34.0364],[-117.9346,34.0361],[-117.9354,34.0281],[-117.9176,34.0246],[-117.9234,34.0123],[-117.9168,34.0112],[-117.9149,34.0072],[-117.8728,34.0027],[-117.8415,34.0167],[-117.8361,34.027],[-117.8238,34.0334],[-117.8202,34.0297],[-117.8202,34.0139],[-117.834,34.0022],[-117.8402,34.0019],[-117.8417,34.0065],[-117.8382,34.0077],[-117.8424,34.0095],[-117.8614,34.0008],[-117.8619,33.9967],[-117.872,34.0017],[-117.8787,33.9996],[-117.8681,33.9984],[-117.866,33.9958],[-117.87,33.9929],[-117.882,33.9953],[-117.8872,34.0004],[-117.8884,33.9975],[-117.8841,33.9957],[-117.9115,33.9941],[-117.912,33.9895],[-117.9316,33.9911],[-117.9309,33.9984],[-117.9487,34.0024],[-117.9483,34.0064],[-117.9599,34.0099],[-117.9588,34.0133],[-117.9613,34.0144],[-117.9644,34.0155],[-117.966,34.0119],[-117.9756,34.015],[-117.9711,34.0207],[-117.9747,34.023],[-117.9758,34.0192],[-118.0038,34.0312],[-118.0155,34.0275],[-118.0311,34.0278],[-118.0557,34.0111],[-118.0575,34.0164],[-118.0478,34.018],[-118.0368,34.0277],[-118.0373,34.0329],[-118.0332,34.0296],[-118.0281,34.0331],[-118.026,34.0299],[-118.004,34.032],[-117.987,34.0285],[-117.984,34.0315],[-117.9865,34.0334],[-117.9787,34.0368],[-117.9761,34.035],[-117.9776,34.032],[-117.9705,34.0271],[-117.9644,34.0274],[-117.9817,34.0399],[-117.9856,34.0376],[-117.9834,34.041],[-117.9907,34.046],[-117.9925,34.0423],[-117.9916,34.0466],[-118.0063,34.0558],[-118.0095,34.0483],[-118.008,34.042],[-118.0154,34.0369],[-118.0247,34.0385],[-118.0103,34.0511],[-118.0078,34.0577],[-118.0126,34.0611],[-118.0113,34.0635],[-118.0096,34.0606],[-118.0062,34.0623]]]},"properties":{"Utility":"City of Industry","Acronym":" ","Type":"POU","Phone":"626.330.2126","URL":"https://www.cityofindustry.org/city-hall/departments/industry-public-utilities"}},{"type":"Feature","geometry":{"type":"Polygon","coordinates":[[[-117.3476,34.0194],[-117.3738,34.0194],[-117.3676,34.0311],[-117.3719,34.0337],[-117.3568,34.0489],[-117.3581,34.0559],[-117.3658,34.0578],[-117.3659,34.0705],[-117.3684,34.0722],[-117.366,34.0722],[-117.366,34.0832],[-117.3443,34.085],[-117.3435,34.0923],[-117.3336,34.0923],[-117.3333,34.0961],[-117.3251,34.0953],[-117.3228,34.0918],[-117.3139,34.0921],[-117.3139,34.0849],[-117.3093,34.085],[-117.3039,34.0771],[-117.307,34.0739],[-117.3035,34.0663],[-117.3065,34.0653],[-117.2957,34.0678],[-117.2874,34.0631],[-117.2873,34.0503],[-117.2787,34.0523],[-117.2778,34.0485],[-117.2735,34.0484],[-117.2736,34.0449],[-117.2817,34.0447],[-117.2809,34.0428],[-117.2868,34.0448],[-117.2878,34.0336],[-117.2793,34.0331],[-117.28,34.0414],[-117.2701,34.0412],[-117.2707,34.0185],[-117.2956,34.0183],[-117.2955,34.0295],[-117.2923,34.0294],[-117.2912,34.0367],[-117.2962,34.0383],[-117.2961,34.0415],[-117.3004,34.041],[-117.2989,34.0451],[-117.3088,34.0455],[-117.3123,34.0417],[-117.3255,34.04],[-117.3239,34.0437],[-117.3314,34.0448],[-117.3353,34.0338],[-117.3271,34.0326],[-117.3362,34.0193],[-117.3476,34.0194]]]},"properties":{"Utility":"Colton Electric Utility Department","Acronym":" ","Type":"POU","Phone":"909.370.5104","URL":"http://www.coltononline.com/"}},{"type":"Feature","geometry":{"type":"MultiPolygon","coordinates":[[[[-117.2089,33.9209],[-117.2089,33.9209],[-117.2089,33.921],[-117.2089,33.9209]]],[[[-117.2089,33.9209],[-117.2044,33.9209],[-117.2068,33.9245],[-117.2002,33.9246],[-117.2026,33.9338],[-117.2002,33.9338],[-117.2002,33.9392],[-117.1827,33.9426],[-117.1828,33.9466],[-117.1914,33.9467],[-117.1915,33.9557],[-117.2071,33.9558],[-117.209,33.9613],[-117.1742,33.9612],[-117.1743,33.9573],[-117.1806,33.9574],[-117.1807,33.9534],[-117.1786,33.9498],[-117.1742,33.9497],[-117.1707,33.9537],[-117.1652,33.9535],[-117.165,33.9609],[-117.164,33.9573],[-117.1567,33.9571],[-117.1569,33.9537],[-117.1542,33.9537],[-117.1517,33.9611],[-117.1476,33.9611],[-117.1477,33.9538],[-117.1389,33.9502],[-117.1393,33.9389],[-117.127,33.9371],[-117.1151,33.9252],[-117.1151,33.9195],[-117.1016,33.9184],[-117.0883,33.9041],[-117.0947,33.9041],[-117.1023,33.8985],[-117.1023,33.9031],[-117.1198,33.9031],[-117.1211,33.8956],[-117.1298,33.8955],[-117.1299,33.8893],[-117.1464,33.8964],[-117.1467,33.9046],[-117.1577,33.8946],[-117.1746,33.8925],[-117.1856,33.8805],[-117.1902,33.8815],[-117.2024,33.871],[-117.2044,33.8661],[-117.2088,33.8676],[-117.2046,33.8591],[-117.2438,33.8591],[-117.2436,33.9098],[-117.2704,33.9095],[-117.2702,33.917],[-117.2089,33.9172],[-117.2089,33.9209]]]]},"properties":{"Utility":"Moreno Valley Utility","Acronym":"MVU","Type":"POU","Phone":"877.811.8700","URL":"http://www.moval.org/mvu/index.html"}},{"type":"Feature","geometry":{"type":"MultiPolygon","coordinates":[[[[-118.8551,35.3476],[-118.7474,35.3081],[-118.6913,35.3081],[-118.6929,35.2852],[-118.7194,35.2788],[-118.7085,35.2674],[-118.6851,35.2674],[-118.6741,35.1808],[-118.7693,35.0889],[-118.7615,34.9714],[-118.8956,34.9689],[-118.9907,34.9932],[-118.9861,35.0494],[-118.9128,35.094],[-118.7927,35.1463],[-118.8457,35.2254],[-118.8738,35.3209],[-118.8551,35.3476]]],[[[-119.0329,35.5724],[-119.0375,35.5432],[-119.0609,35.5534],[-119.0625,35.5153],[-119.0734,35.5014],[-119.0079,35.4048],[-119.0282,35.3959],[-119.1498,35.4848],[-119.167,35.5724],[-119.1311,35.5737],[-119.1295,35.632],[-119.0828,35.665],[-119.0469,35.6371],[-119.0391,35.6168],[-119.0531,35.6041],[-119.0531,35.5762],[-119.0329,35.5724]]],[[[-119.1171,36.0492],[-119.1077,36.0164],[-119.1295,36.0026],[-119.1576,36.019],[-119.1639,35.9912],[-119.5101,35.9874],[-119.5085,36.0593],[-119.3042,36.0757],[-119.2933,36.1186],[-119.22,36.1312],[-119.1514,36.1299],[-119.1436,36.1186],[-119.1046,36.1009],[-119.1062,36.0732],[-119.1249,36.0656],[-119.1171,36.0492]]],[[[-120.4708,36.7909],[-120.4381,36.7747],[-120.4334,36.7535],[-120.3882,36.7585],[-120.3694,36.706],[-120.3476,36.706],[-120.332,36.6597],[-120.2603,36.5808],[-120.215,36.5921],[-120.2447,36.6709],[-120.2166,36.6697],[-120.0934,36.5658],[-120.1074,36.5457],[-120.1979,36.5495],[-120.1683,36.5056],[-120.1651,36.4868],[-120.1402,36.4868],[-120.1386,36.5132],[-120.1183,36.5194],[-120.1027,36.5031],[-120.1059,36.4718],[-120.1137,36.4567],[-120.0762,36.4392],[-120.0903,36.4178],[-120.0076,36.4065],[-119.8953,36.3312],[-119.8891,36.2797],[-119.861,36.2797],[-119.861,36.1148],[-119.9281,36.0177],[-120.0388,36.0164],[-120.1417,36.0745],[-120.1932,36.0606],[-120.2088,36.0719],[-120.1838,36.111],[-120.2088,36.1412],[-120.2416,36.1123],[-120.2774,36.1299],[-120.2618,36.1614],[-120.2213,36.1677],[-120.2431,36.1866],[-120.2587,36.2344],[-120.254,36.2696],[-120.3663,36.3877],[-120.4615,36.5031],[-120.5628,36.562],[-120.6049,36.562],[-120.6221,36.6109],[-120.658,36.6134],[-120.6876,36.6459],[-120.6003,36.7822],[-120.4755,36.7784],[-120.4708,36.7909]]],[[[-121.9749,37.463],[-121.9872,37.4639],[-121.9751,37.4649],[-121.9749,37.463]]],[[[-121.97,37.4626],[-121.9741,37.4637],[-121.968,37.4653],[-121.97,37.4626]]],[[[-121.9513,37.4662],[-121.9517,37.4623],[-121.9674,37.4633],[-121.9513,37.4662]]],[[[-121.4763,37.4764],[-121.4507,37.4445],[-121.4635,37.4286],[-121.447,37.3879],[-121.4123,37.3879],[-121.4178,37.3574],[-121.4031,37.3095],[-121.4099,37.3021],[-121.418,37.302],[-121.4099,37.3021],[-121.4233,37.2877],[-121.4507,37.2877],[-121.4488,37.2426],[-121.4141,37.2135],[-121.4068,37.1843],[-121.4068,37.1494],[-121.3812,37.1508],[-121.3757,37.1712],[-121.3611,37.1785],[-121.3374,37.1654],[-121.2917,37.1654],[-121.2752,37.1741],[-121.2387,37.1508],[-121.2167,37.1217],[-121.2167,37.1057],[-121.2313,37.0823],[-121.2112,37.0605],[-121.235,37.0211],[-121.2313,36.9919],[-121.2405,36.9817],[-121.2204,36.9525],[-121.4251,36.9525],[-121.447,36.9846],[-121.4653,36.9671],[-121.4799,36.9729],[-121.5713,36.8823],[-121.6298,36.9203],[-121.7047,36.9788],[-121.7266,37.0196],[-121.7778,37.0532],[-121.8107,37.0648],[-121.8327,37.0911],[-121.8802,37.0984],[-122.0191,37.1567],[-122.0447,37.212],[-122.083,37.2207],[-122.1817,37.3196],[-122.2,37.3661],[-122.1854,37.4387],[-122.147,37.4576],[-122.121,37.463],[-122.1016,37.4627],[-122.1018,37.4576],[-122.1057,37.4561],[-122.1056,37.4589],[-122.1092,37.4527],[-122.1063,37.4512],[-122.1068,37.455],[-122.1014,37.4563],[-122.097,37.4545],[-122.1001,37.4565],[-122.0967,37.4581],[-122.0898,37.4449],[-122.0902,37.4523],[-122.0806,37.4516],[-122.0779,37.4481],[-122.0673,37.4499],[-122.0623,37.4453],[-122.0334,37.4513],[-122.0299,37.4499],[-122.0314,37.4455],[-122.0297,37.4511],[-122.0389,37.4551],[-122.0332,37.4604],[-122.0251,37.4615],[-122.0195,37.455],[-122.0196,37.4472],[-122.0079,37.4465],[-122.0038,37.4408],[-121.9923,37.4379],[-121.9896,37.4326],[-121.9919,37.4384],[-122.0027,37.4411],[-122.0077,37.4473],[-122.018,37.4472],[-122.0204,37.4614],[-121.9956,37.4637],[-121.9932,37.4585],[-121.9847,37.4587],[-121.9821,37.4514],[-121.9834,37.4594],[-121.9925,37.4595],[-121.9941,37.4636],[-121.9796,37.4596],[-121.9647,37.461],[-121.9679,37.4568],[-121.9659,37.4521],[-121.9673,37.4575],[-121.9634,37.4602],[-121.9663,37.4617],[-121.9618,37.4627],[-121.9439,37.4535],[-121.9617,37.4631],[-121.9495,37.4614],[-121.9463,37.4646],[-121.9204,37.4561],[-121.8582,37.4837],[-121.4763,37.4764]]],[[[-122.0611,37.4453],[-122.0608,37.4454],[-122.0613,37.4453],[-122.0611,37.4453]]],[[[-122.0598,37.4455],[-122.0595,37.4457],[-122.06,37.4455],[-122.0598,37.4455]]],[[[-122.0663,37.4488],[-122.0663,37.4488],[-122.0663,37.4488],[-122.0663,37.4488]]],[[[-122.0666,37.4492],[-122.0666,37.4492],[-122.0665,37.449],[-122.0666,37.4492]]],[[[-122.0672,37.4497],[-122.0673,37.4498],[-122.067,37.4496],[-122.0672,37.4497]]],[[[-122.0917,37.4522],[-122.0918,37.4523],[-122.0917,37.4522],[-122.0917,37.4522]]],[[[-122.0922,37.4525],[-122.0926,37.4527],[-122.092,37.4524],[-122.0922,37.4525]]],[[[-122.095,37.4535],[-122.0939,37.4532],[-122.0945,37.4534],[-122.095,37.4535]]],[[[-122.098,37.4543],[-122.098,37.4543],[-122.098,37.4543],[-122.098,37.4543]]],[[[-122.1071,37.4619],[-122.1072,37.462],[-122.1069,37.4617],[-122.1071,37.4619]]],[[[-122.1074,37.4622],[-122.1074,37.4622],[-122.1073,37.4621],[-122.1074,37.4622]]],[[[-122.1078,37.4623],[-122.1079,37.4624],[-122.1077,37.4622],[-122.1078,37.4623]]],[[[-122.1082,37.4626],[-122.1083,37.4627],[-122.1082,37.4626],[-122.1082,37.4626]]],[[[-122.1085,37.4627],[-122.1087,37.4627],[-122.1083,37.4627],[-122.1085,37.4627]]],[[[-122.109,37.4629],[-122.1091,37.4629],[-122.1087,37.4627],[-122.109,37.4629]]],[[[-122.1098,37.463],[-122.1097,37.463],[-122.1096,37.4632],[-122.1098,37.463]]],[[[-122.1093,37.4633],[-122.1091,37.463],[-122.1092,37.4632],[-122.1093,37.4633]]],[[[-122.1095,37.4633],[-122.1093,37.4633],[-122.1094,37.4633],[-122.1095,37.4633]]],[[[-122.1125,37.4631],[-122.1123,37.4631],[-122.1129,37.463],[-122.1125,37.4631]]],[[[-122.1117,37.4633],[-122.1114,37.4631],[-122.1116,37.4632],[-122.1117,37.4633]]],[[[-122.1113,37.4631],[-122.1113,37.4631],[-122.1113,37.4631],[-122.1113,37.4631]]],[[[-122.1119,37.4634],[-122.1119,37.4634],[-122.1119,37.4634],[-122.1119,37.4634]]],[[[-121.4093,37.3314],[-121.4089,37.33],[-121.4086,37.3305],[-121.4093,37.3314]]],[[[-121.5932,37.8382],[-121.4982,37.7804],[-121.458,37.7385],[-121.3428,37.7457],[-121.3264,37.6706],[-121.2588,37.6373],[-121.2588,37.604],[-121.2131,37.5852],[-121.1948,37.5634],[-121.1637,37.5663],[-121.1345,37.5417],[-121.1272,37.5098],[-121.1363,37.4532],[-121.2131,37.5344],[-121.2844,37.5982],[-121.299,37.6387],[-121.3465,37.6474],[-121.3812,37.6778],[-121.4671,37.7197],[-121.5316,37.7685],[-121.6115,37.8223],[-121.6663,37.8844],[-121.6444,37.9204],[-121.6024,37.9247],[-121.5932,37.8382]]],[[[-122.3676,38.1588],[-122.3678,38.1587],[-122.3675,38.1589],[-122.3676,38.1588]]],[[[-122.4068,38.1587],[-122.4062,38.1595],[-122.4041,38.1604],[-122.4068,38.1587]]],[[[-122.3722,38.204],[-122.3588,38.2],[-122.3613,38.1956],[-122.3573,38.1898],[-122.3587,38.1822],[-122.366,38.1841],[-122.3697,38.1818],[-122.3672,38.1595],[-122.3918,38.1619],[-122.4071,38.1594],[-122.4118,38.1632],[-122.4207,38.1623],[-122.4143,38.1709],[-122.4204,38.1872],[-122.3938,38.191],[-122.3905,38.1938],[-122.3918,38.1992],[-122.3822,38.2008],[-122.3797,38.2074],[-122.3722,38.204]]],[[[-123.0024,38.2959],[-123.003,38.2958],[-123.0024,38.2962],[-123.0024,38.2959]]],[[[-123.1184,38.4483],[-123.1153,38.4458],[-123.1233,38.4478],[-123.1184,38.4483]]],[[[-123.1531,38.4621],[-123.1518,38.4641],[-123.1631,38.4683],[-123.1651,38.474],[-123.1922,38.4894],[-123.2317,38.5027],[-123.2365,38.5101],[-123.2404,38.509],[-123.2466,38.5133],[-123.2497,38.5099],[-123.2548,38.5121],[-123.2545,38.5159],[-123.2691,38.5251],[-123.2679,38.5296],[-123.2737,38.5328],[-123.2788,38.5315],[-123.2793,38.5363],[-123.3044,38.5479],[-123.3065,38.5528],[-123.3035,38.5555],[-123.3235,38.5606],[-123.3239,38.5639],[-123.3303,38.5674],[-123.3335,38.5657],[-123.3403,38.5723],[-123.3386,38.5812],[-123.3354,38.5825],[-123.3394,38.5837],[-123.3496,38.5968],[-123.3596,38.5974],[-123.372,38.6065],[-123.3667,38.6082],[-123.3666,38.613],[-123.3746,38.6161],[-123.3812,38.625],[-123.3905,38.6305],[-123.3874,38.632],[-123.4004,38.6443],[-123.4016,38.6467],[-123.3979,38.6472],[-123.3997,38.6497],[-123.4084,38.6545],[-123.4056,38.6566],[-123.4195,38.6746],[-123.4324,38.6788],[-123.4351,38.682],[-123.4324,38.683],[-123.4328,38.6884],[-123.4374,38.6907],[-123.441,38.6993],[-123.4522,38.7053],[-123.461,38.7172],[-123.4831,38.7264],[-123.4938,38.7372],[-123.5114,38.7407],[-123.5244,38.7493],[-123.5275,38.7525],[-123.5249,38.7536],[-123.5264,38.7573],[-123.5324,38.7595],[-123.5327,38.7671],[-123.52,38.7579],[-123.5163,38.7678],[-123.5099,38.7674],[-123.507,38.7735],[-123.4999,38.7738],[-123.497,38.7786],[-123.3682,38.7771],[-123.3684,38.8066],[-123.1363,38.8091],[-123.1366,38.8394],[-123.0812,38.8384],[-123.081,38.8524],[-122.8177,38.8498],[-122.8183,38.8446],[-122.8121,38.8429],[-122.8121,38.8384],[-122.8062,38.8362],[-122.796,38.839],[-122.7914,38.8304],[-122.7802,38.8268],[-122.7666,38.8158],[-122.7676,38.8139],[-122.7482,38.8038],[-122.7482,38.7878],[-122.738,38.781],[-122.7346,38.7726],[-122.7227,38.763],[-122.7242,38.7566],[-122.7093,38.749],[-122.7123,38.7422],[-122.7104,38.7321],[-122.7007,38.7286],[-122.6955,38.7131],[-122.6742,38.7064],[-122.6475,38.7069],[-122.6443,38.6996],[-122.637,38.6937],[-122.6395,38.6891],[-122.6255,38.6744],[-122.6276,38.6681],[-122.6237,38.6643],[-122.6242,38.6498],[-122.6341,38.6369],[-122.633,38.6276],[-122.6283,38.623],[-122.6336,38.6199],[-122.6335,38.6162],[-122.6396,38.6117],[-122.6464,38.5986],[-122.6305,38.579],[-122.6318,38.5694],[-122.6228,38.5678],[-122.6208,38.5603],[-122.6033,38.5588],[-122.5877,38.5526],[-122.574,38.5404],[-122.5666,38.5255],[-122.5537,38.526],[-122.5439,38.52],[-122.5453,38.5165],[-122.5424,38.5132],[-122.5488,38.5116],[-122.5355,38.5017],[-122.5447,38.4957],[-122.5314,38.4785],[-122.5296,38.4696],[-122.5162,38.4709],[-122.5058,38.4645],[-122.51,38.4623],[-122.5095,38.4579],[-122.4937,38.4565],[-122.48,38.4487],[-122.48,38.443],[-122.4871,38.4317],[-122.4914,38.4344],[-122.4976,38.4245],[-122.4706,38.4049],[-122.4659,38.3904],[-122.4479,38.3793],[-122.4576,38.3672],[-122.4472,38.359],[-122.4403,38.3585],[-122.4309,38.3522],[-122.4215,38.3395],[-122.4173,38.3397],[-122.412,38.3343],[-122.4137,38.3307],[-122.4093,38.3209],[-122.4054,38.3221],[-122.3946,38.3047],[-122.4037,38.2996],[-122.4008,38.2895],[-122.4046,38.2814],[-122.397,38.2721],[-122.3872,38.2733],[-122.3899,38.2607],[-122.3739,38.2474],[-122.3746,38.2445],[-122.3668,38.247],[-122.3599,38.2305],[-122.3592,38.21],[-122.3507,38.2018],[-122.3496,38.194],[-122.3633,38.2017],[-122.3525,38.2026],[-122.3604,38.2011],[-122.3771,38.2078],[-122.3868,38.2078],[-122.3882,38.2108],[-122.3881,38.2082],[-122.3808,38.2058],[-122.3808,38.2026],[-122.3931,38.1985],[-122.4036,38.2072],[-122.4111,38.2078],[-122.4162,38.2135],[-122.427,38.2136],[-122.4245,38.2201],[-122.4187,38.2228],[-122.4197,38.229],[-122.4239,38.2286],[-122.4199,38.2284],[-122.4194,38.2227],[-122.4252,38.2201],[-122.4277,38.2137],[-122.4163,38.213],[-122.4109,38.2074],[-122.4046,38.2072],[-122.3913,38.195],[-122.4001,38.1895],[-122.4216,38.1873],[-122.4155,38.17],[-122.4218,38.1623],[-122.4084,38.1601],[-122.4047,38.1478],[-122.408,38.1403],[-122.4228,38.1279],[-122.4432,38.1166],[-122.451,38.1167],[-122.4533,38.1202],[-122.4972,38.1125],[-122.5073,38.1195],[-122.5162,38.1389],[-122.5426,38.1579],[-122.5432,38.1634],[-122.5338,38.1664],[-122.5307,38.1712],[-122.5427,38.183],[-122.549,38.1996],[-122.5622,38.1986],[-122.5674,38.2071],[-122.5688,38.2041],[-122.5823,38.209],[-122.5942,38.2208],[-122.6029,38.2212],[-122.6139,38.2317],[-122.6138,38.2285],[-122.62,38.2289],[-122.628,38.2346],[-122.6341,38.2351],[-122.6264,38.23],[-122.6392,38.2347],[-122.6381,38.2457],[-122.6395,38.2343],[-122.6273,38.2293],[-122.6137,38.2281],[-122.603,38.2206],[-122.5953,38.2204],[-122.5849,38.2093],[-122.569,38.2032],[-122.563,38.1971],[-122.5501,38.1989],[-122.5449,38.1835],[-122.5326,38.17],[-122.5452,38.1631],[-122.5484,38.1575],[-122.5579,38.1602],[-122.552,38.169],[-122.5632,38.1693],[-122.5645,38.1751],[-122.5685,38.177],[-122.5653,38.1827],[-122.5706,38.1871],[-122.5732,38.1863],[-122.5707,38.1835],[-122.5782,38.1836],[-122.5821,38.188],[-122.5909,38.1859],[-122.5928,38.1888],[-122.6041,38.1806],[-122.6226,38.1826],[-122.6358,38.1786],[-122.6492,38.1811],[-122.6672,38.1897],[-122.6806,38.1896],[-122.6879,38.1947],[-122.7014,38.1961],[-122.723,38.2071],[-122.7399,38.207],[-122.8999,38.3168],[-122.9095,38.3144],[-122.9081,38.3208],[-122.921,38.3168],[-122.9165,38.3128],[-122.9216,38.3086],[-122.9256,38.3127],[-122.9354,38.3096],[-122.9343,38.314],[-122.9468,38.3112],[-122.9661,38.317],[-122.97,38.3101],[-122.9826,38.311],[-122.995,38.306],[-122.9941,38.2994],[-123.0038,38.297],[-123.0242,38.3103],[-123.0347,38.3131],[-123.0486,38.3117],[-123.0538,38.306],[-123.0511,38.3143],[-123.0368,38.3166],[-123.0398,38.3187],[-123.0376,38.3225],[-123.0405,38.3261],[-123.0497,38.3343],[-123.058,38.3364],[-123.06,38.3337],[-123.0551,38.326],[-123.055,38.3195],[-123.0614,38.3117],[-123.0571,38.3044],[-123.0491,38.3049],[-123.054,38.3045],[-123.0528,38.2997],[-123.0583,38.2986],[-123.0651,38.3028],[-123.0703,38.314],[-123.069,38.3169],[-123.0781,38.3229],[-123.0731,38.324],[-123.0688,38.3352],[-123.0693,38.3622],[-123.0815,38.3778],[-123.0853,38.3904],[-123.0924,38.3949],[-123.0969,38.3941],[-123.102,38.4132],[-123.1219,38.4302],[-123.124,38.4404],[-123.1284,38.4397],[-123.1265,38.4424],[-123.1299,38.4508],[-123.1115,38.4403],[-123.1111,38.4443],[-123.1164,38.4498],[-123.1444,38.4561],[-123.1457,38.4598],[-123.1531,38.4621]]],[[[-123.1511,38.462],[-123.151,38.462],[-123.1511,38.462],[-123.1511,38.462]]],[[[-123.1507,38.4617],[-123.1506,38.4617],[-123.1507,38.4617],[-123.1507,38.4617]]],[[[-123.1329,38.4536],[-123.1332,38.4539],[-123.1338,38.4542],[-123.1329,38.4536]]],[[[-123.1278,38.4395],[-123.1275,38.4395],[-123.1273,38.4395],[-123.1278,38.4395]]],[[[-123.1176,38.4291],[-123.1176,38.4291],[-123.1178,38.4291],[-123.1176,38.4291]]],[[[-123.117,38.4287],[-123.1169,38.4286],[-123.1172,38.4289],[-123.117,38.4287]]],[[[-123.1166,38.4281],[-123.1166,38.4281],[-123.1166,38.4282],[-123.1166,38.4281]]],[[[-123.1162,38.4262],[-123.1162,38.4261],[-123.1163,38.4263],[-123.1162,38.4262]]],[[[-123.1162,38.4261],[-123.1162,38.4261],[-123.1162,38.4261],[-123.1162,38.4261]]],[[[-123.0968,38.3956],[-123.0968,38.3956],[-123.0967,38.3956],[-123.0968,38.3956]]],[[[-123.0966,38.3956],[-123.0966,38.3956],[-123.0966,38.3956],[-123.0966,38.3956]]],[[[-123.0968,38.3942],[-123.0968,38.3943],[-123.0968,38.3942],[-123.0968,38.3942]]],[[[-123.0968,38.3943],[-123.0968,38.3943],[-123.0968,38.3943],[-123.0968,38.3943]]],[[[-123.0967,38.3941],[-123.0967,38.3941],[-123.0967,38.3941],[-123.0967,38.3941]]],[[[-123.0938,38.394],[-123.0937,38.3937],[-123.0937,38.3938],[-123.0938,38.394]]],[[[-123.0957,38.3936],[-123.0959,38.3938],[-123.0958,38.3937],[-123.0957,38.3936]]],[[[-123.094,38.3934],[-123.0938,38.3936],[-123.0937,38.3937],[-123.094,38.3934]]],[[[-123.0942,38.3932],[-123.0943,38.3932],[-123.0942,38.3932],[-123.0942,38.3932]]],[[[-123.0952,38.3929],[-123.0953,38.393],[-123.0952,38.3929],[-123.0952,38.3929]]],[[[-123.0947,38.3929],[-123.0947,38.3929],[-123.0946,38.393],[-123.0947,38.3929]]],[[[-123.0948,38.3929],[-123.0949,38.3929],[-123.0949,38.3929],[-123.0948,38.3929]]],[[[-123.0821,38.3822],[-123.0821,38.3822],[-123.0821,38.3823],[-123.0821,38.3822]]],[[[-123.0769,38.321],[-123.0769,38.321],[-123.0771,38.3212],[-123.0769,38.321]]],[[[-123.0529,38.3034],[-123.0524,38.3029],[-123.0535,38.3038],[-123.0529,38.3034]]],[[[-123.0523,38.3026],[-123.0523,38.3026],[-123.0523,38.3026],[-123.0523,38.3026]]],[[[-123.0526,38.3019],[-123.0526,38.3018],[-123.0524,38.3022],[-123.0526,38.3019]]],[[[-123.0528,38.3008],[-123.0528,38.3007],[-123.0527,38.3012],[-123.0528,38.3008]]],[[[-123.0539,38.2995],[-123.0539,38.2995],[-123.0539,38.2995],[-123.0539,38.2995]]],[[[-123.0547,38.2993],[-123.0549,38.2993],[-123.0546,38.2993],[-123.0547,38.2993]]],[[[-123.0487,38.3332],[-123.0486,38.3332],[-123.0487,38.3332],[-123.0487,38.3332]]],[[[-122.4221,38.1291],[-122.4221,38.1291],[-122.422,38.1291],[-122.4221,38.1291]]],[[[-122.4222,38.1291],[-122.4222,38.129],[-122.4222,38.1291],[-122.4222,38.1291]]],[[[-122.4256,38.1268],[-122.4256,38.1268],[-122.4256,38.1268],[-122.4256,38.1268]]],[[[-122.4255,38.1268],[-122.4255,38.1266],[-122.4255,38.1268],[-122.4255,38.1268]]],[[[-122.4258,38.1266],[-122.4258,38.1266],[-122.4261,38.1264],[-122.4258,38.1266]]],[[[-122.4258,38.1267],[-122.4258,38.1267],[-122.4258,38.1267],[-122.4258,38.1267]]],[[[-123.1564,38.4649],[-123.1564,38.4651],[-123.1564,38.465],[-123.1564,38.4649]]],[[[-123.1562,38.4653],[-123.1562,38.4654],[-123.1563,38.4652],[-123.1562,38.4653]]],[[[-123.1735,38.4775],[-123.1735,38.4775],[-123.1735,38.4775],[-123.1735,38.4775]]],[[[-123.2052,38.4954],[-123.2056,38.4956],[-123.2052,38.4954],[-123.2052,38.4954]]],[[[-123.2064,38.4958],[-123.2064,38.4958],[-123.2062,38.4957],[-123.2064,38.4958]]],[[[-123.2086,38.4958],[-123.2086,38.4958],[-123.2083,38.4958],[-123.2086,38.4958]]],[[[-123.2091,38.4959],[-123.2093,38.496],[-123.2089,38.4959],[-123.2091,38.4959]]],[[[-123.2098,38.4961],[-123.2099,38.4962],[-123.2098,38.4961],[-123.2098,38.4961]]],[[[-123.2108,38.4966],[-123.2114,38.4969],[-123.2106,38.4966],[-123.2108,38.4966]]],[[[-123.2314,38.5054],[-123.2316,38.5055],[-123.2314,38.5054],[-123.2314,38.5054]]],[[[-123.2335,38.5058],[-123.2339,38.5059],[-123.2334,38.5058],[-123.2335,38.5058]]],[[[-123.2583,38.5187],[-123.2584,38.5188],[-123.2583,38.5187],[-123.2583,38.5187]]],[[[-123.2791,38.5326],[-123.279,38.5328],[-123.279,38.5327],[-123.2791,38.5326]]],[[[-123.2789,38.5328],[-123.279,38.5329],[-123.2789,38.5328],[-123.2789,38.5328]]],[[[-123.279,38.533],[-123.279,38.5331],[-123.279,38.5329],[-123.279,38.533]]],[[[-123.2829,38.5366],[-123.2829,38.5366],[-123.2829,38.5366],[-123.2829,38.5366]]],[[[-123.2837,38.5375],[-123.2838,38.5376],[-123.2833,38.5373],[-123.2837,38.5375]]],[[[-123.2841,38.5383],[-123.2841,38.538],[-123.2839,38.5377],[-123.2841,38.5383]]],[[[-123.2864,38.5401],[-123.2864,38.5401],[-123.2864,38.5401],[-123.2864,38.5401]]],[[[-123.2975,38.5462],[-123.2976,38.5464],[-123.2976,38.5462],[-123.2975,38.5462]]],[[[-123.3237,38.5633],[-123.3238,38.5635],[-123.3238,38.5634],[-123.3237,38.5633]]],[[[-123.3248,38.5641],[-123.3249,38.5641],[-123.3246,38.564],[-123.3248,38.5641]]],[[[-123.3256,38.5641],[-123.3257,38.5642],[-123.3255,38.564],[-123.3256,38.5641]]],[[[-123.3397,38.5722],[-123.3397,38.5723],[-123.3397,38.5721],[-123.3397,38.5722]]],[[[-123.3391,38.573],[-123.339,38.573],[-123.3391,38.573],[-123.3391,38.573]]],[[[-123.3386,38.5733],[-123.3386,38.5733],[-123.3386,38.5733],[-123.3386,38.5733]]],[[[-123.3391,38.5744],[-123.3391,38.5744],[-123.3391,38.5743],[-123.3391,38.5744]]],[[[-123.3389,38.5747],[-123.3389,38.5748],[-123.3389,38.5747],[-123.3389,38.5747]]],[[[-123.3397,38.5759],[-123.3392,38.5753],[-123.3393,38.5755],[-123.3397,38.5759]]],[[[-123.3788,38.6213],[-123.3788,38.6213],[-123.3787,38.6213],[-123.3788,38.6213]]],[[[-123.3881,38.6292],[-123.3881,38.6292],[-123.3881,38.6292],[-123.3881,38.6292]]],[[[-123.389,38.6294],[-123.3891,38.6294],[-123.389,38.6294],[-123.389,38.6294]]],[[[-123.3892,38.6295],[-123.3892,38.6295],[-123.3891,38.6294],[-123.3892,38.6295]]],[[[-123.3875,38.6309],[-123.3875,38.6309],[-123.3876,38.6308],[-123.3875,38.6309]]],[[[-123.3879,38.6328],[-123.3883,38.6332],[-123.3879,38.6327],[-123.3879,38.6328]]],[[[-123.4014,38.6466],[-123.4015,38.6467],[-123.4011,38.6466],[-123.4014,38.6466]]],[[[-123.3998,38.6483],[-123.3996,38.6484],[-123.3997,38.6483],[-123.3998,38.6483]]],[[[-123.3996,38.6484],[-123.3996,38.6484],[-123.3996,38.6484],[-123.3996,38.6484]]],[[[-123.3996,38.6485],[-123.3997,38.6485],[-123.3996,38.6485],[-123.3996,38.6485]]],[[[-123.4053,38.653],[-123.4053,38.6531],[-123.4052,38.6529],[-123.4053,38.653]]],[[[-123.4053,38.6531],[-123.4053,38.6532],[-123.4053,38.6531],[-123.4053,38.6531]]],[[[-123.4054,38.6532],[-123.4054,38.6532],[-123.4054,38.6532],[-123.4054,38.6532]]],[[[-123.4056,38.6532],[-123.4056,38.6532],[-123.4056,38.6532],[-123.4056,38.6532]]],[[[-123.4072,38.655],[-123.4071,38.655],[-123.4073,38.6549],[-123.4072,38.655]]],[[[-123.4071,38.6551],[-123.4071,38.6554],[-123.4071,38.6551],[-123.4071,38.6551]]],[[[-123.4071,38.6555],[-123.4071,38.6555],[-123.4071,38.6555],[-123.4071,38.6555]]],[[[-123.407,38.6556],[-123.4069,38.6558],[-123.407,38.6557],[-123.407,38.6556]]],[[[-123.4059,38.6558],[-123.406,38.6558],[-123.4058,38.6558],[-123.4059,38.6558]]],[[[-123.4068,38.6558],[-123.4068,38.6558],[-123.4068,38.6558],[-123.4068,38.6558]]],[[[-123.4061,38.6558],[-123.4062,38.6559],[-123.4063,38.6559],[-123.4061,38.6558]]],[[[-123.4066,38.6559],[-123.4065,38.6559],[-123.4066,38.6558],[-123.4066,38.6559]]],[[[-123.4057,38.6559],[-123.4054,38.6561],[-123.4053,38.6564],[-123.4057,38.6559]]],[[[-123.4056,38.6569],[-123.4057,38.6569],[-123.4056,38.6569],[-123.4056,38.6569]]],[[[-123.406,38.657],[-123.4061,38.6571],[-123.406,38.657],[-123.406,38.657]]],[[[-123.4069,38.6578],[-123.407,38.6578],[-123.4067,38.6576],[-123.4069,38.6578]]],[[[-123.4199,38.6747],[-123.4201,38.6747],[-123.4201,38.6747],[-123.4199,38.6747]]],[[[-123.4231,38.6753],[-123.4231,38.6753],[-123.4231,38.6752],[-123.4231,38.6753]]],[[[-123.4282,38.6783],[-123.4284,38.6783],[-123.4282,38.6783],[-123.4282,38.6783]]],[[[-123.43,38.6797],[-123.43,38.6797],[-123.43,38.6797],[-123.43,38.6797]]],[[[-123.4301,38.6798],[-123.4301,38.6798],[-123.4301,38.6798],[-123.4301,38.6798]]],[[[-123.4333,38.6812],[-123.4333,38.6812],[-123.4333,38.6812],[-123.4333,38.6812]]],[[[-123.435,38.6818],[-123.4351,38.682],[-123.4351,38.6819],[-123.435,38.6818]]],[[[-123.4351,38.6821],[-123.435,38.6822],[-123.4351,38.6821],[-123.4351,38.6821]]],[[[-123.4361,38.6907],[-123.4362,38.6907],[-123.4362,38.6907],[-123.4361,38.6907]]],[[[-123.46,38.7157],[-123.46,38.7157],[-123.4599,38.7156],[-123.46,38.7157]]],[[[-123.4611,38.7173],[-123.4612,38.7174],[-123.4611,38.7173],[-123.4611,38.7173]]],[[[-123.4677,38.72],[-123.4677,38.72],[-123.4677,38.72],[-123.4677,38.72]]],[[[-123.4678,38.7201],[-123.4678,38.7201],[-123.4678,38.7201],[-123.4678,38.7201]]],[[[-123.4683,38.7202],[-123.4683,38.7202],[-123.4684,38.7201],[-123.4683,38.7202]]],[[[-123.4687,38.7202],[-123.4688,38.7202],[-123.4685,38.7201],[-123.4687,38.7202]]],[[[-123.4682,38.7203],[-123.4683,38.7202],[-123.4681,38.7203],[-123.4682,38.7203]]],[[[-123.4688,38.7207],[-123.4688,38.7209],[-123.4688,38.7207],[-123.4688,38.7207]]],[[[-123.4694,38.7211],[-123.4698,38.7212],[-123.4692,38.7211],[-123.4694,38.7211]]],[[[-123.4698,38.7212],[-123.4705,38.7213],[-123.4702,38.7212],[-123.4698,38.7212]]],[[[-123.4713,38.7221],[-123.4713,38.7221],[-123.4713,38.7221],[-123.4713,38.7221]]],[[[-123.479,38.7246],[-123.479,38.7247],[-123.4789,38.7245],[-123.479,38.7246]]],[[[-123.4796,38.7254],[-123.4797,38.7254],[-123.4792,38.7253],[-123.4796,38.7254]]],[[[-123.4843,38.728],[-123.4843,38.728],[-123.4843,38.728],[-123.4843,38.728]]],[[[-123.4843,38.7285],[-123.4844,38.7281],[-123.4843,38.728],[-123.4843,38.7285]]],[[[-123.4844,38.7285],[-123.4844,38.7286],[-123.4844,38.7286],[-123.4844,38.7285]]],[[[-123.4899,38.7319],[-123.4897,38.7321],[-123.4898,38.732],[-123.4899,38.7319]]],[[[-123.4896,38.7324],[-123.4896,38.7325],[-123.4896,38.7323],[-123.4896,38.7324]]],[[[-123.4898,38.733],[-123.4898,38.733],[-123.4898,38.733],[-123.4898,38.733]]],[[[-123.4902,38.7336],[-123.4902,38.7336],[-123.4902,38.7335],[-123.4902,38.7336]]],[[[-123.4902,38.7338],[-123.4903,38.7339],[-123.4903,38.7339],[-123.4902,38.7338]]],[[[-123.4906,38.7343],[-123.491,38.7348],[-123.4908,38.7345],[-123.4906,38.7343]]],[[[-123.4912,38.7351],[-123.4914,38.7351],[-123.4912,38.735],[-123.4912,38.7351]]],[[[-123.5145,38.7424],[-123.5143,38.7424],[-123.5147,38.7423],[-123.5145,38.7424]]],[[[-123.5138,38.7425],[-123.5139,38.7425],[-123.5139,38.7425],[-123.5138,38.7425]]],[[[-123.5165,38.7445],[-123.5165,38.7445],[-123.5165,38.7445],[-123.5165,38.7445]]],[[[-123.5178,38.746],[-123.5178,38.746],[-123.5179,38.7459],[-123.5178,38.746]]],[[[-123.5186,38.7474],[-123.5186,38.7474],[-123.5186,38.7474],[-123.5186,38.7474]]],[[[-123.5188,38.7474],[-123.5188,38.7475],[-123.5188,38.7475],[-123.5188,38.7474]]],[[[-123.5249,38.7501],[-123.5249,38.7501],[-123.5249,38.7501],[-123.5249,38.7501]]],[[[-123.5249,38.7502],[-123.5248,38.7501],[-123.5248,38.7502],[-123.5249,38.7502]]],[[[-123.525,38.7502],[-123.525,38.7503],[-123.525,38.7503],[-123.525,38.7502]]],[[[-123.5251,38.7503],[-123.5251,38.7503],[-123.525,38.7503],[-123.5251,38.7503]]],[[[-123.5249,38.7504],[-123.5249,38.7504],[-123.525,38.7504],[-123.5249,38.7504]]],[[[-123.5249,38.7505],[-123.5249,38.7505],[-123.5249,38.7505],[-123.5249,38.7505]]],[[[-123.5252,38.7507],[-123.5252,38.7508],[-123.5252,38.7507],[-123.5252,38.7507]]],[[[-123.5254,38.7513],[-123.5255,38.7514],[-123.5253,38.7512],[-123.5254,38.7513]]],[[[-123.5258,38.7517],[-123.5261,38.7518],[-123.5259,38.7517],[-123.5258,38.7517]]],[[[-123.5261,38.7518],[-123.5262,38.7521],[-123.5262,38.7519],[-123.5261,38.7518]]],[[[-123.5263,38.7521],[-123.5263,38.7522],[-123.5263,38.7521],[-123.5263,38.7521]]],[[[-123.5265,38.7524],[-123.5266,38.7525],[-123.5266,38.7525],[-123.5265,38.7524]]],[[[-123.5268,38.7525],[-123.5269,38.7525],[-123.5266,38.7525],[-123.5268,38.7525]]],[[[-123.5272,38.7525],[-123.5273,38.7525],[-123.5272,38.7525],[-123.5272,38.7525]]],[[[-123.5249,38.754],[-123.5249,38.754],[-123.5249,38.754],[-123.5249,38.754]]],[[[-123.525,38.7541],[-123.5253,38.7543],[-123.5251,38.7542],[-123.525,38.7541]]],[[[-123.5253,38.7543],[-123.5253,38.7543],[-123.5253,38.7543],[-123.5253,38.7543]]],[[[-123.5258,38.7548],[-123.526,38.7548],[-123.5257,38.7548],[-123.5258,38.7548]]],[[[-123.5094,38.7411],[-123.5094,38.7411],[-123.5093,38.7411],[-123.5094,38.7411]]],[[[-123.4349,38.6817],[-123.4348,38.6817],[-123.4349,38.6817],[-123.4349,38.6817]]],[[[-123.4158,38.6679],[-123.4158,38.6679],[-123.4158,38.6679],[-123.4158,38.6679]]],[[[-123.408,38.6549],[-123.408,38.6549],[-123.408,38.6549],[-123.408,38.6549]]],[[[-123.3917,38.6361],[-123.3917,38.6361],[-123.3919,38.6362],[-123.3917,38.6361]]],[[[-123.3915,38.6361],[-123.3915,38.6361],[-123.3914,38.6361],[-123.3915,38.6361]]],[[[-123.3916,38.6361],[-123.3916,38.6361],[-123.3916,38.6361],[-123.3916,38.6361]]],[[[-123.2787,38.5324],[-123.2787,38.5324],[-123.2787,38.5324],[-123.2787,38.5324]]],[[[-123.2786,38.5323],[-123.2785,38.5322],[-123.2786,38.5323],[-123.2786,38.5323]]],[[[-123.2784,38.532],[-123.2785,38.5319],[-123.2784,38.532],[-123.2784,38.532]]],[[[-123.2788,38.5315],[-123.2788,38.5315],[-123.2788,38.5315],[-123.2788,38.5315]]],[[[-121.7669,38.8481],[-121.7637,38.8275],[-121.7918,38.8032],[-121.8355,38.836],[-121.8667,38.8324],[-121.8854,38.8603],[-121.8838,38.9622],[-121.9088,38.9647],[-121.9415,39.0047],[-121.9665,39.0107],[-121.9587,39.0337],[-121.8714,39.0616],[-121.7903,38.9962],[-121.8199,38.955],[-121.8183,38.9161],[-121.7918,38.8955],[-121.7996,38.8724],[-121.7669,38.8481]]],[[[-121.9306,39.6345],[-121.9649,39.5804],[-121.968,39.5107],[-121.9946,39.4986],[-121.9977,39.4733],[-121.9743,39.4589],[-121.9696,39.424],[-121.9992,39.3444],[-122.0398,39.3625],[-122.0258,39.3963],[-122.0538,39.4216],[-122.0835,39.3902],[-122.0757,39.3733],[-122.0679,39.3323],[-122.0476,39.3263],[-122.0289,39.3046],[-122.0413,39.2744],[-122.1069,39.2756],[-122.11,39.237],[-122.0725,39.2176],[-122.0679,39.1778],[-122.0226,39.1778],[-121.9899,39.0604],[-122.0538,39.0798],[-122.1193,39.127],[-122.1302,39.1112],[-122.1552,39.1028],[-122.1926,39.1366],[-122.1724,39.156],[-122.1724,39.1741],[-122.2098,39.185],[-122.2129,39.2418],[-122.2441,39.2805],[-122.2113,39.2986],[-122.2067,39.3818],[-122.1677,39.4155],[-122.177,39.4842],[-122.0881,39.5419],[-122.071,39.5924],[-122.018,39.6225],[-121.9852,39.6153],[-121.9602,39.6777],[-121.9306,39.6345]]]]},"properties":{"Utility":"Power and Water Resource Pooling Authority","Acronym":"PWRPA","Type":"POU","Phone":"916.483.5368","URL":"http://www.pwrpa.org/"}},{"type":"Feature","geometry":{"type":"Polygon","coordinates":[[[-118.1678,34.1241],[-118.166,34.1253],[-118.1704,34.1269],[-118.177,34.1232],[-118.1766,34.1262],[-118.1859,34.1331],[-118.1856,34.1388],[-118.1816,34.1409],[-118.1904,34.1489],[-118.1816,34.1499],[-118.191,34.1732],[-118.1883,34.1784],[-118.1737,34.183],[-118.1812,34.1867],[-118.1788,34.1872],[-118.1783,34.1945],[-118.175,34.1984],[-118.1721,34.197],[-118.1677,34.2044],[-118.1747,34.2065],[-118.1746,34.2112],[-118.1839,34.2161],[-118.1819,34.2202],[-118.1909,34.2252],[-118.19,34.2311],[-118.1982,34.236],[-118.1955,34.2366],[-118.1953,34.2515],[-118.1869,34.2515],[-118.187,34.2232],[-118.1791,34.2226],[-118.1787,34.2154],[-118.1634,34.2152],[-118.1672,34.2112],[-118.1595,34.2],[-118.164,34.2015],[-118.1686,34.1944],[-118.1675,34.1888],[-118.1693,34.1926],[-118.1715,34.1896],[-118.1686,34.1893],[-118.1697,34.1817],[-118.1423,34.1817],[-118.1286,34.1752],[-118.1174,34.1759],[-118.117,34.1696],[-118.0983,34.1676],[-118.0951,34.1692],[-118.095,34.1756],[-118.0983,34.1756],[-118.1059,34.1927],[-118.105,34.1968],[-118.1005,34.1968],[-118.0982,34.1789],[-118.0904,34.1788],[-118.0924,34.1727],[-118.0842,34.1653],[-118.0861,34.1675],[-118.0819,34.1734],[-118.0783,34.1728],[-118.0812,34.1617],[-118.0779,34.1635],[-118.0774,34.1776],[-118.0656,34.175],[-118.0656,34.1724],[-118.0682,34.1731],[-118.0678,34.1503],[-118.0734,34.1502],[-118.0794,34.1447],[-118.0866,34.1452],[-118.079,34.1423],[-118.0789,34.1396],[-118.0837,34.1405],[-118.086,34.1314],[-118.0895,34.1353],[-118.0943,34.1352],[-118.0955,34.1416],[-118.11,34.1415],[-118.1131,34.1329],[-118.1358,34.1294],[-118.129,34.123],[-118.1286,34.1184],[-118.1419,34.1196],[-118.1473,34.1275],[-118.1503,34.1275],[-118.1502,34.124],[-118.1678,34.1241]]]},"properties":{"Utility":"Pasadena Water & Power","Acronym":" ","Type":"POU","Phone":"626.744.4409","URL":"https://ww5.cityofpasadena.net/water-and-power/"}},{"type":"Feature","geometry":{"type":"MultiPolygon","coordinates":[[[[-118.2402,33.7651],[-118.2395,33.7611],[-118.2514,33.7531],[-118.2473,33.7522],[-118.2485,33.7498],[-118.2415,33.742],[-118.2371,33.7276],[-118.2512,33.7236],[-118.2457,33.7157],[-118.2578,33.7167],[-118.2605,33.7242],[-118.2583,33.7289],[-118.2411,33.7339],[-118.2473,33.7488],[-118.2509,33.7505],[-118.254,33.7457],[-118.248,33.7349],[-118.2642,33.7303],[-118.2661,33.7384],[-118.2707,33.7367],[-118.2647,33.7225],[-118.2677,33.7216],[-118.2705,33.7357],[-118.2726,33.7326],[-118.2748,33.7406],[-118.2578,33.7595],[-118.2402,33.7651]]],[[[-118.4603,33.9582],[-118.4622,33.9593],[-118.4646,33.9638],[-118.4603,33.9582]]],[[[-118.5029,34.3367],[-118.4929,34.3308],[-118.419,34.3299],[-118.4208,34.3256],[-118.4159,34.3245],[-118.4122,34.3259],[-118.4136,34.3299],[-118.4052,34.3298],[-118.4049,34.3221],[-118.3963,34.3199],[-118.4007,34.3165],[-118.4009,34.3098],[-118.4055,34.3079],[-118.4056,34.3007],[-118.4011,34.3007],[-118.4012,34.2971],[-118.4103,34.292],[-118.4057,34.2859],[-118.4016,34.2864],[-118.3967,34.297],[-118.3874,34.2988],[-118.3829,34.297],[-118.3824,34.2933],[-118.3869,34.2915],[-118.3858,34.2848],[-118.3726,34.2828],[-118.3735,34.2862],[-118.3698,34.2861],[-118.3713,34.2823],[-118.3674,34.2804],[-118.3547,34.2788],[-118.3517,34.2788],[-118.3517,34.2825],[-118.3269,34.2824],[-118.3267,34.286],[-118.2995,34.2861],[-118.2995,34.2934],[-118.2863,34.2928],[-118.2868,34.2785],[-118.2738,34.2784],[-118.2737,34.282],[-118.2385,34.2815],[-118.2388,34.2671],[-118.2567,34.2672],[-118.2565,34.2523],[-118.2653,34.2524],[-118.2693,34.2353],[-118.2669,34.2219],[-118.3368,34.2213],[-118.3488,34.2136],[-118.3499,34.2065],[-118.3617,34.2136],[-118.3622,34.2013],[-118.3703,34.2012],[-118.3703,34.1967],[-118.3612,34.194],[-118.3548,34.1652],[-118.3572,34.1613],[-118.3532,34.1614],[-118.3451,34.1426],[-118.3254,34.1532],[-118.312,34.1557],[-118.3093,34.1613],[-118.2892,34.1555],[-118.281,34.1563],[-118.2783,34.1526],[-118.2754,34.1539],[-118.2624,34.1279],[-118.2542,34.1188],[-118.2516,34.1206],[-118.2532,34.1245],[-118.2354,34.1263],[-118.2367,34.1346],[-118.2293,34.1356],[-118.2266,34.1496],[-118.2107,34.1457],[-118.1982,34.1516],[-118.1982,34.1491],[-118.1844,34.1458],[-118.1855,34.143],[-118.1816,34.1409],[-118.1856,34.1388],[-118.1859,34.1331],[-118.1766,34.1262],[-118.177,34.1232],[-118.1704,34.1269],[-118.166,34.1253],[-118.1689,34.1173],[-118.1781,34.1102],[-118.178,34.0993],[-118.1554,34.0986],[-118.1609,34.0933],[-118.1622,34.0696],[-118.1687,34.0714],[-118.1738,34.0611],[-118.1927,34.0637],[-118.1926,34.0563],[-118.2005,34.0558],[-118.1929,34.0547],[-118.2058,34.0346],[-118.1923,34.028],[-118.1925,34.0114],[-118.2074,34.0152],[-118.2049,34.0135],[-118.2071,34.0127],[-118.2082,34.0155],[-118.2397,34.0148],[-118.2378,33.9891],[-118.2563,33.9893],[-118.2536,33.9433],[-118.2492,33.9433],[-118.2474,33.9543],[-118.2339,33.9534],[-118.2339,33.9482],[-118.2305,33.9471],[-118.2349,33.946],[-118.2302,33.946],[-118.2287,33.9393],[-118.2302,33.9288],[-118.2542,33.9293],[-118.2536,33.9231],[-118.2827,33.9232],[-118.2815,33.8627],[-118.2905,33.8587],[-118.2905,33.8542],[-118.2854,33.8542],[-118.286,33.8464],[-118.2993,33.8464],[-118.2991,33.7977],[-118.2639,33.7992],[-118.264,33.8047],[-118.2566,33.8048],[-118.2585,33.7994],[-118.2376,33.8004],[-118.221,33.7826],[-118.2327,33.7746],[-118.2395,33.7745],[-118.2402,33.767],[-118.2499,33.7643],[-118.2509,33.7669],[-118.2476,33.7656],[-118.2494,33.7709],[-118.2419,33.7774],[-118.2485,33.7742],[-118.2594,33.7611],[-118.2599,33.7663],[-118.2634,33.766],[-118.2611,33.7593],[-118.2673,33.7531],[-118.2656,33.7628],[-118.27,33.7587],[-118.2697,33.7539],[-118.272,33.7544],[-118.2743,33.7574],[-118.2707,33.767],[-118.2799,33.7683],[-118.2756,33.7607],[-118.2798,33.7562],[-118.2896,33.755],[-118.2772,33.7564],[-118.2731,33.7504],[-118.2783,33.7487],[-118.2749,33.7469],[-118.2787,33.7382],[-118.2742,33.7292],[-118.2787,33.7318],[-118.2724,33.724],[-118.273,33.7199],[-118.2764,33.726],[-118.2728,33.7153],[-118.2765,33.7154],[-118.2757,33.7203],[-118.2799,33.7252],[-118.284,33.7241],[-118.2799,33.7178],[-118.2843,33.7136],[-118.2779,33.7073],[-118.284,33.709],[-118.2946,33.7047],[-118.298,33.7098],[-118.3178,33.7138],[-118.3332,33.722],[-118.329,33.7295],[-118.3178,33.7293],[-118.3186,33.7467],[-118.3097,33.7461],[-118.3093,33.7579],[-118.3011,33.7581],[-118.3117,33.7631],[-118.3087,33.7731],[-118.31,33.7856],[-118.3075,33.7879],[-118.3092,33.8657],[-118.2993,33.8657],[-118.2991,33.8706],[-118.2943,33.8706],[-118.2944,33.8665],[-118.2981,33.8655],[-118.2905,33.8664],[-118.2916,33.9595],[-118.3003,33.9595],[-118.3024,33.9455],[-118.309,33.9418],[-118.309,33.9382],[-118.3134,33.9382],[-118.3134,33.9455],[-118.3177,33.9453],[-118.3177,33.9709],[-118.3265,33.9709],[-118.3265,33.9673],[-118.333,33.9672],[-118.3352,33.9818],[-118.3584,33.981],[-118.3527,33.9831],[-118.3521,33.9895],[-118.3374,33.9885],[-118.3373,33.9963],[-118.3316,33.9963],[-118.3317,34.0021],[-118.3357,34.0081],[-118.3419,34.0047],[-118.3511,34.0048],[-118.3577,33.9973],[-118.3578,34.0091],[-118.365,34.0056],[-118.3667,34.0156],[-118.3726,34.0158],[-118.3729,34.0118],[-118.3727,34.0188],[-118.3845,34.0192],[-118.3783,34.0215],[-118.3698,34.0345],[-118.3883,34.0294],[-118.4213,34.0104],[-118.4174,34.0066],[-118.4211,34.0044],[-118.4182,34.0007],[-118.4202,33.9988],[-118.4259,33.9981],[-118.4283,34.0013],[-118.4483,33.9933],[-118.4473,33.9909],[-118.4371,33.9953],[-118.4309,33.9893],[-118.4312,33.9964],[-118.4196,33.9976],[-118.4144,34.0037],[-118.4059,33.9992],[-118.4028,34.0035],[-118.3998,34.0018],[-118.4078,33.9921],[-118.4013,33.9865],[-118.3986,33.9882],[-118.395,33.9839],[-118.3983,33.983],[-118.3852,33.9767],[-118.3703,33.9786],[-118.3702,33.9678],[-118.3727,33.9688],[-118.3707,33.9635],[-118.3778,33.9597],[-118.3787,33.9527],[-118.3701,33.9527],[-118.3701,33.931],[-118.3648,33.9298],[-118.3701,33.9291],[-118.3703,33.9262],[-118.3817,33.9313],[-118.4288,33.9309],[-118.4279,33.9233],[-118.4223,33.9199],[-118.422,33.9163],[-118.4298,33.9163],[-118.4135,33.8838],[-118.4414,33.9393],[-118.4577,33.9607],[-118.4238,33.9803],[-118.4604,33.9603],[-118.4469,33.9675],[-118.4464,33.9745],[-118.4412,33.977],[-118.4464,33.9773],[-118.4412,33.9798],[-118.4464,33.9792],[-118.4431,33.9825],[-118.4561,33.9836],[-118.4497,33.9822],[-118.458,33.9807],[-118.4497,33.9795],[-118.4577,33.9785],[-118.4497,33.9759],[-118.4578,33.9759],[-118.4497,33.9743],[-118.4562,33.9733],[-118.4499,33.97],[-118.462,33.9627],[-118.4601,33.9658],[-118.4633,33.9723],[-118.4838,33.9952],[-118.4435,34.0166],[-118.4526,34.0277],[-118.4773,34.0467],[-118.4838,34.0414],[-118.4949,34.0503],[-118.5027,34.0424],[-118.5118,34.0409],[-118.5152,34.0331],[-118.5119,34.0458],[-118.5202,34.0265],[-118.5448,34.0384],[-118.5559,34.0378],[-118.5679,34.0417],[-118.5748,34.066],[-118.5794,34.0677],[-118.5779,34.0727],[-118.5992,34.0743],[-118.5649,34.1302],[-118.612,34.149],[-118.6292,34.1473],[-118.6377,34.16],[-118.6465,34.1612],[-118.647,34.1656],[-118.6587,34.1689],[-118.6587,34.177],[-118.6681,34.1766],[-118.6681,34.1913],[-118.6574,34.1899],[-118.6566,34.1967],[-118.6678,34.195],[-118.6678,34.2093],[-118.6628,34.2093],[-118.6628,34.2129],[-118.6532,34.2129],[-118.6523,34.2166],[-118.6584,34.2166],[-118.6584,34.2235],[-118.6497,34.2271],[-118.647,34.2381],[-118.6299,34.2386],[-118.6325,34.2386],[-118.6333,34.2698],[-118.6268,34.2745],[-118.6084,34.2777],[-118.5961,34.2746],[-118.592,34.2792],[-118.5845,34.3043],[-118.5735,34.3017],[-118.5674,34.2953],[-118.5623,34.2986],[-118.5545,34.2965],[-118.5428,34.299],[-118.5471,34.321],[-118.5332,34.3219],[-118.5281,34.3272],[-118.5029,34.3367]]],[[[-118.4344,34.3031],[-118.4488,34.2915],[-118.4508,34.293],[-118.4491,34.29],[-118.4559,34.28],[-118.4438,34.267],[-118.4348,34.2749],[-118.4269,34.274],[-118.4277,34.2778],[-118.4113,34.2898],[-118.4303,34.3074],[-118.4344,34.3031]]],[[[-118.3602,34.1434],[-118.3623,34.1386],[-118.3586,34.1395],[-118.3486,34.1318],[-118.3432,34.1382],[-118.3451,34.1425],[-118.3602,34.1434]]],[[[-118.3966,34.1124],[-118.401,34.1087],[-118.4009,34.094],[-118.4053,34.0963],[-118.4054,34.1015],[-118.4087,34.1015],[-118.4118,34.0923],[-118.4227,34.0943],[-118.4227,34.0906],[-118.427,34.0906],[-118.427,34.083],[-118.4228,34.0831],[-118.4233,34.0757],[-118.4067,34.0536],[-118.4035,34.0576],[-118.3837,34.0571],[-118.3835,34.0629],[-118.3761,34.0627],[-118.3762,34.0596],[-118.3723,34.0622],[-118.3754,34.0693],[-118.3838,34.0692],[-118.3838,34.0721],[-118.391,34.0736],[-118.3908,34.0765],[-118.3772,34.0766],[-118.3752,34.0819],[-118.3703,34.0802],[-118.3703,34.0832],[-118.377,34.0831],[-118.3769,34.0886],[-118.3725,34.0903],[-118.3725,34.0854],[-118.3664,34.0889],[-118.3434,34.0889],[-118.3434,34.0943],[-118.3617,34.0946],[-118.3617,34.0972],[-118.3686,34.0981],[-118.3812,34.0921],[-118.3953,34.0911],[-118.3963,34.0961],[-118.3919,34.0988],[-118.3905,34.1092],[-118.3916,34.1124],[-118.3966,34.1124]]],[[[-118.4477,34.0575],[-118.4547,34.0668],[-118.4595,34.0655],[-118.455,34.0602],[-118.4588,34.0581],[-118.4653,34.067],[-118.4689,34.0659],[-118.468,34.0609],[-118.4565,34.0478],[-118.4482,34.0496],[-118.4477,34.0575]]],[[[-118.417,34.1052],[-118.4098,34.1052],[-118.4097,34.1089],[-118.4175,34.1125],[-118.417,34.1052]]],[[[-118.2394,37.4628],[-118.2334,37.3396],[-118.0406,37.3429],[-118.0945,37.2368],[-118.0573,37.0842],[-117.9299,36.6489],[-117.8894,36.5739],[-117.8857,36.4692],[-117.7383,36.465],[-117.604,36.2921],[-117.7136,36.2001],[-117.8564,36.1297],[-118.0711,36.1324],[-118.0735,36.1403],[-118.0589,36.1529],[-118.0626,36.162],[-118.0593,36.1701],[-118.07,36.1786],[-118.0737,36.1894],[-118.0859,36.1975],[-118.0907,36.1973],[-118.0946,36.2049],[-118.1056,36.2134],[-118.1092,36.2255],[-118.1052,36.2286],[-118.1052,36.2336],[-118.1122,36.24],[-118.1194,36.2556],[-118.1174,36.2712],[-118.1276,36.2803],[-118.125,36.2867],[-118.127,36.3002],[-118.1201,36.3022],[-118.1216,36.3068],[-118.1118,36.3083],[-118.1125,36.322],[-118.1031,36.3254],[-118.0976,36.3311],[-118.1018,36.3393],[-118.1003,36.3461],[-118.1242,36.3519],[-118.1225,36.3547],[-118.1305,36.3703],[-118.141,36.3716],[-118.1473,36.3791],[-118.1531,36.3795],[-118.1571,36.3883],[-118.163,36.3896],[-118.16,36.3938],[-118.1403,36.4035],[-118.1379,36.418],[-118.1542,36.4271],[-118.1568,36.4326],[-118.1749,36.4265],[-118.1936,36.4265],[-118.2037,36.4312],[-118.2098,36.4303],[-118.2144,36.4343],[-118.2096,36.4421],[-118.2156,36.4563],[-118.2232,36.4633],[-118.2326,36.4663],[-118.237,36.477],[-118.2499,36.4824],[-118.2484,36.487],[-118.235,36.4937],[-118.2414,36.4999],[-118.2373,36.5115],[-118.2386,36.5232],[-118.2467,36.5214],[-118.2509,36.5256],[-118.2487,36.5332],[-118.252,36.5421],[-118.2602,36.5441],[-118.2653,36.5515],[-118.2759,36.5508],[-118.2794,36.5551],[-118.2912,36.5593],[-118.2926,36.5674],[-118.2898,36.5732],[-118.2941,36.5774],[-118.288,36.5837],[-118.289,36.5907],[-118.278,36.5923],[-118.2746,36.5973],[-118.2816,36.6045],[-118.2939,36.6051],[-118.3024,36.6146],[-118.3028,36.619],[-118.3213,36.6274],[-118.3188,36.6389],[-118.3252,36.6471],[-118.3382,36.6554],[-118.3356,36.6616],[-118.3295,36.6654],[-118.3312,36.6694],[-118.3475,36.6723],[-118.352,36.6829],[-118.3661,36.6904],[-118.3639,36.6942],[-118.3482,36.6959],[-118.3355,36.7044],[-118.336,36.7163],[-118.3396,36.729],[-118.3509,36.7407],[-118.3692,36.75],[-118.3747,36.7641],[-118.372,36.767],[-118.3802,36.7822],[-118.3728,36.7945],[-118.374,36.8002],[-118.3911,36.821],[-118.3937,36.8297],[-118.3898,36.8345],[-118.3715,36.8361],[-118.3622,36.844],[-118.3622,36.8614],[-118.3656,36.8623],[-118.3662,36.8689],[-118.3702,36.8717],[-118.3671,36.8814],[-118.3608,36.8877],[-118.3692,36.8984],[-118.3674,36.907],[-118.3815,36.9259],[-118.3884,36.9455],[-118.3966,36.9573],[-118.4047,36.9575],[-118.4044,36.972],[-118.4095,36.9752],[-118.4111,36.9829],[-118.4195,36.9874],[-118.4189,36.9948],[-118.4122,36.9983],[-118.428,37.0112],[-118.4231,37.0169],[-118.4228,37.0258],[-118.4295,37.0339],[-118.4392,37.039],[-118.4417,37.045],[-118.435,37.0497],[-118.4371,37.0598],[-118.449,37.0691],[-118.4673,37.0667],[-118.4711,37.0727],[-118.4866,37.0774],[-118.4927,37.0875],[-118.5031,37.0952],[-118.5119,37.0928],[-118.5221,37.0984],[-118.5298,37.1051],[-118.5309,37.1112],[-118.5451,37.1154],[-118.5641,37.1132],[-118.5684,37.1153],[-118.569,37.1226],[-118.5831,37.1224],[-118.5862,37.1253],[-118.5289,37.1246],[-118.5282,37.1585],[-118.4209,37.1571],[-118.4206,37.1703],[-118.3101,37.1688],[-118.3074,37.1856],[-118.3042,37.1878],[-118.2987,37.1822],[-118.2983,37.1971],[-118.2724,37.1998],[-118.272,37.209],[-118.3005,37.2392],[-118.3019,37.2699],[-118.3083,37.2813],[-118.3072,37.3261],[-118.3316,37.3695],[-118.3344,37.3916],[-118.3558,37.4118],[-118.3622,37.4263],[-118.4263,37.4306],[-118.4445,37.4272],[-118.4677,37.4304],[-118.51,37.4213],[-118.5244,37.421],[-118.5496,37.4438],[-118.5744,37.4561],[-118.5774,37.4631],[-118.2394,37.4628]]]]},"properties":{"Utility":"Los Angeles Department of Water & Power","Acronym":"LADWP","Type":"POU","Phone":"800.342.5397","URL":"http://www.ladwp.com/"}},{"type":"Feature","geometry":{"type":"Polygon","coordinates":[[[-118.0378,33.8873],[-118.029,33.8825],[-118.0288,33.8662],[-118.0377,33.8661],[-118.0418,33.8588],[-118.0463,33.8587],[-118.0462,33.8536],[-118.055,33.8504],[-118.0547,33.8463],[-118.0821,33.8461],[-118.0821,33.8497],[-118.0864,33.8497],[-118.0864,33.846],[-118.0991,33.846],[-118.1027,33.8583],[-118.1083,33.8583],[-118.1084,33.8877],[-118.0956,33.8875],[-118.0955,33.8803],[-118.0877,33.8803],[-118.0879,33.8769],[-118.0913,33.8765],[-118.091,33.8613],[-118.0865,33.8602],[-118.0865,33.856],[-118.0822,33.856],[-118.0821,33.8533],[-118.0821,33.8603],[-118.0689,33.8534],[-118.069,33.8585],[-118.072,33.8585],[-118.0703,33.8732],[-118.08,33.8731],[-118.0728,33.8804],[-118.0728,33.8862],[-118.0378,33.8873]]]},"properties":{"Utility":"City of Cerritos","Acronym":" ","Type":"POU","Phone":"562.860.0311","URL":"http://www.cerritos.us/GOVERNMENT/city_organization/departments/water_and_power.php"}},{"type":"Feature","geometry":{"type":"Polygon","coordinates":[[[-117.8988,34.1685],[-117.8988,34.1651],[-117.8901,34.1651],[-117.8901,34.1328],[-117.8813,34.1294],[-117.8815,34.127],[-117.8903,34.1251],[-117.8899,34.1213],[-117.8847,34.1214],[-117.8852,34.1134],[-117.8902,34.112],[-117.89,34.1195],[-117.8992,34.1208],[-117.8988,34.1083],[-117.8902,34.1108],[-117.8873,34.1068],[-117.9099,34.1068],[-117.912,34.1135],[-117.9078,34.1144],[-117.9158,34.112],[-117.9162,34.1144],[-117.9143,34.1083],[-117.9177,34.1072],[-117.9164,34.1144],[-117.9217,34.1144],[-117.9209,34.1107],[-117.9242,34.1088],[-117.921,34.107],[-117.9254,34.1069],[-117.9253,34.1106],[-117.929,34.1099],[-117.9286,34.1143],[-117.9381,34.1144],[-117.9381,34.1216],[-117.9294,34.1216],[-117.9294,34.1405],[-117.9344,34.1409],[-117.9395,34.1349],[-117.9442,34.1379],[-117.9297,34.151],[-117.9423,34.1543],[-117.9423,34.1652],[-117.9145,34.1653],[-117.8988,34.1685]]]},"properties":{"Utility":"Azusa Light & Power","Acronym":" ","Type":"POU","Phone":"626.812.5225","URL":"http://www.ci.azusa.ca.us/index.aspx?nid=132"}},{"type":"Feature","geometry":{"type":"MultiPolygon","coordinates":[[[[-117.5026,33.8219],[-117.4981,33.8175],[-117.4999,33.8074],[-117.5066,33.8074],[-117.5113,33.8151],[-117.5107,33.8219],[-117.5146,33.8219],[-117.5045,33.8241],[-117.5026,33.8219]]],[[[-117.5117,33.826],[-117.5105,33.8239],[-117.5159,33.8219],[-117.5228,33.8253],[-117.5146,33.8287],[-117.5117,33.826]]],[[[-117.53,33.8628],[-117.523,33.8574],[-117.5326,33.8583],[-117.5318,33.8616],[-117.5387,33.8632],[-117.5387,33.8677],[-117.5317,33.8676],[-117.5331,33.8648],[-117.53,33.8628]]],[[[-117.5415,33.8665],[-117.5429,33.8724],[-117.5393,33.8708],[-117.5415,33.8665]]],[[[-117.5556,33.8806],[-117.5572,33.8827],[-117.5556,33.8831],[-117.5556,33.8806]]],[[[-117.5579,33.8832],[-117.56,33.8833],[-117.5597,33.8853],[-117.5579,33.8832]]],[[[-117.5601,33.8848],[-117.562,33.8862],[-117.5598,33.886],[-117.5601,33.8848]]],[[[-117.5716,33.8868],[-117.5736,33.8858],[-117.5776,33.8879],[-117.5716,33.8868]]],[[[-117.6091,33.8892],[-117.6129,33.8919],[-117.61,33.8946],[-117.6069,33.8922],[-117.6091,33.8892]]]]},"properties":{"Utility":"City of Corona Department of Water & Power","Acronym":" ","Type":"POU","Phone":"626.333.2211","URL":"https://www.coronaca.gov/government/department-of-water-and-power"}},{"type":"Feature","geometry":{"type":"Polygon","coordinates":[[[-116.9031,34.0052],[-116.9009,33.9907],[-116.9031,33.9907],[-116.9032,33.9834],[-116.8945,33.9834],[-116.8945,33.9689],[-116.8901,33.9689],[-116.8901,33.9628],[-116.877,33.9544],[-116.877,33.9472],[-116.8596,33.9472],[-116.8595,33.9326],[-116.8419,33.9326],[-116.842,33.9399],[-116.8247,33.94],[-116.8246,33.9303],[-116.843,33.9273],[-116.8404,33.9181],[-116.8422,33.907],[-116.8507,33.9073],[-116.8506,33.9101],[-116.8758,33.9108],[-116.8761,33.9034],[-116.8944,33.9039],[-116.8941,33.9098],[-116.912,33.9103],[-116.9117,33.9176],[-116.9282,33.918],[-116.9287,33.9033],[-116.9464,33.9037],[-116.9468,33.9599],[-116.9381,33.9616],[-116.9382,33.9688],[-116.9293,33.9688],[-116.9294,33.958],[-116.925,33.9582],[-116.9205,33.9398],[-116.9108,33.9398],[-116.9101,33.9556],[-116.9043,33.963],[-116.8966,33.9593],[-116.9119,33.9826],[-116.9295,33.9762],[-116.9336,34.0049],[-116.9295,34.0049],[-116.9295,34.0015],[-116.9143,34.0044],[-116.9164,33.9884],[-116.9119,33.9882],[-116.9118,34.0125],[-116.9075,34.0124],[-116.9075,34.0161],[-116.9031,34.016],[-116.8989,34.0232],[-116.8945,34.0232],[-116.8945,34.034],[-116.8771,34.0339],[-116.877,34.0196],[-116.8944,34.0196],[-116.8944,34.016],[-116.9031,34.0124],[-116.9031,34.0052]]]},"properties":{"Utility":"City of Banning Electric Department","Acronym":" ","Type":"POU","Phone":"951.922.3260","URL":"http://banning.ca.us/index.aspx?nid=57"}},{"type":"Feature","geometry":{"type":"Polygon","coordinates":[[[-117.7467,33.8764],[-117.7448,33.8744],[-117.7483,33.8717],[-117.7273,33.8678],[-117.7149,33.8668],[-117.7127,33.8705],[-117.6937,33.8746],[-117.6729,33.87],[-117.6729,33.8634],[-117.6826,33.8627],[-117.6808,33.8575],[-117.6844,33.8579],[-117.6874,33.8633],[-117.685,33.855],[-117.6906,33.8534],[-117.6948,33.8559],[-117.6869,33.8507],[-117.6918,33.8458],[-117.6818,33.8393],[-117.6834,33.8365],[-117.705,33.8247],[-117.7197,33.8314],[-117.7213,33.8431],[-117.7273,33.8476],[-117.7342,33.8438],[-117.7424,33.8308],[-117.7408,33.8236],[-117.7664,33.8284],[-117.7629,33.8295],[-117.7637,33.8342],[-117.7761,33.83],[-117.8022,33.8387],[-117.8118,33.8352],[-117.822,33.8378],[-117.8228,33.8336],[-117.825,33.8371],[-117.8338,33.8391],[-117.8315,33.8422],[-117.8391,33.8471],[-117.8538,33.843],[-117.8613,33.8374],[-117.8796,33.7937],[-117.8942,33.796],[-117.8926,33.7913],[-117.9063,33.7925],[-117.9149,33.7889],[-117.9168,33.7961],[-117.9238,33.796],[-117.9238,33.7987],[-117.9346,33.7926],[-117.9412,33.7927],[-117.9413,33.7987],[-117.937,33.7987],[-117.9413,33.8031],[-117.9632,33.803],[-117.9632,33.8067],[-117.959,33.8068],[-117.9595,33.8171],[-117.9633,33.8176],[-117.9633,33.8214],[-117.959,33.8214],[-117.9617,33.824],[-117.959,33.829],[-117.9633,33.8289],[-117.9625,33.824],[-117.9677,33.8277],[-117.9677,33.8103],[-117.976,33.8124],[-117.9802,33.8102],[-117.9802,33.8139],[-117.9759,33.8158],[-117.9958,33.8157],[-118.0173,33.8099],[-118.0156,33.8201],[-118.011,33.8215],[-118.0177,33.8231],[-118.0131,33.8305],[-118.0023,33.8358],[-117.9865,33.8353],[-117.9855,33.8395],[-117.98,33.8395],[-117.9806,33.854],[-117.985,33.8547],[-117.9813,33.8579],[-117.9739,33.8542],[-117.974,33.8565],[-117.9642,33.854],[-117.9241,33.854],[-117.92,33.8543],[-117.9199,33.8636],[-117.9069,33.8632],[-117.9068,33.8539],[-117.8847,33.8586],[-117.8837,33.8534],[-117.8683,33.8579],[-117.8702,33.862],[-117.8616,33.863],[-117.8682,33.8636],[-117.8652,33.8687],[-117.8371,33.8682],[-117.837,33.8628],[-117.8259,33.8613],[-117.8185,33.862],[-117.8176,33.8696],[-117.8033,33.8737],[-117.7921,33.867],[-117.7905,33.8626],[-117.7868,33.8626],[-117.7789,33.8647],[-117.7682,33.8736],[-117.7466,33.8788],[-117.7467,33.8764]]]},"properties":{"Utility":"City of Anaheim Public Utilities Department","Acronym":" ","Type":"POU","Phone":"714.765.5156","URL":"http://www.anaheim.net/226/Public-Utilities/"}},{"type":"Feature","geometry":{"type":"Polygon","coordinates":[[[-118.1925,34.0114],[-118.1902,34.0074],[-118.1718,34.0004],[-118.1771,33.9957],[-118.1699,33.9867],[-118.1788,33.9874],[-118.1772,33.991],[-118.1813,33.9935],[-118.2035,33.9967],[-118.2042,33.9831],[-118.2126,33.984],[-118.2128,33.9897],[-118.2162,33.9927],[-118.2236,33.9916],[-118.2237,33.9957],[-118.2278,33.9957],[-118.2278,33.9892],[-118.2379,33.9893],[-118.2397,34.0148],[-118.2082,34.0155],[-118.2071,34.0127],[-118.2049,34.0135],[-118.2074,34.0152],[-118.1925,34.0114]]]},"properties":{"Utility":"City of Vernon Municipal Light Department","Acronym":" ","Type":"POU","Phone":"323.583.8811","URL":"http://www.cityofvernon.org/departments/gas-and-electric"}},{"type":"Feature","geometry":{"type":"Polygon","coordinates":[[[-118.3077,34.1611],[-118.312,34.1557],[-118.3254,34.1532],[-118.3451,34.1426],[-118.3532,34.1614],[-118.3572,34.1613],[-118.3548,34.1652],[-118.3612,34.194],[-118.3703,34.1967],[-118.3703,34.2012],[-118.3622,34.2013],[-118.3617,34.2136],[-118.3499,34.2065],[-118.3488,34.2136],[-118.3368,34.2213],[-118.2922,34.2217],[-118.2802,34.2072],[-118.28,34.1905],[-118.2835,34.1859],[-118.2878,34.1877],[-118.2979,34.1772],[-118.298,34.1698],[-118.3077,34.1611]]]},"properties":{"Utility":"Burbank Water & Power","Acronym":" ","Type":"POU","Phone":"818.238.3700","URL":"http://www.burbankwaterandpower.com/"}},{"type":"Feature","geometry":{"type":"Polygon","coordinates":[[[-118.1883,34.1784],[-118.1905,34.1703],[-118.1818,34.1491],[-118.1982,34.1491],[-118.1982,34.1516],[-118.2107,34.1457],[-118.2262,34.1498],[-118.229,34.1462],[-118.2293,34.1356],[-118.2367,34.1346],[-118.2354,34.1263],[-118.2532,34.1245],[-118.2516,34.1206],[-118.2542,34.1188],[-118.2624,34.1279],[-118.2754,34.1539],[-118.3077,34.1611],[-118.298,34.1698],[-118.2979,34.1772],[-118.2878,34.1877],[-118.2835,34.1859],[-118.28,34.1905],[-118.2802,34.2072],[-118.2922,34.2217],[-118.2669,34.2219],[-118.269,34.2371],[-118.2653,34.2524],[-118.2565,34.2523],[-118.2567,34.2672],[-118.2388,34.2671],[-118.2388,34.2523],[-118.2434,34.2523],[-118.2434,34.2467],[-118.2486,34.244],[-118.2487,34.2222],[-118.2395,34.2175],[-118.2332,34.2078],[-118.215,34.2057],[-118.2158,34.1985],[-118.2068,34.1906],[-118.2081,34.1876],[-118.198,34.1805],[-118.1883,34.1784]]]},"properties":{"Utility":"Glendale Water & Power","Acronym":" ","Type":"POU","Phone":"818.548.2107","URL":"https://www.glendaleca.gov/government/departments/glendale-water-and-power"}},{"type":"Feature","geometry":{"type":"Polygon","coordinates":[[[-117.3834,34.6011],[-117.3739,34.6011],[-117.3733,34.6089],[-117.3555,34.6085],[-117.3562,34.5866],[-117.3613,34.5896],[-117.3726,34.5878],[-117.3769,34.5821],[-117.3744,34.5722],[-117.3828,34.5722],[-117.3829,34.5763],[-117.3874,34.5796],[-117.4007,34.5793],[-117.4008,34.6011],[-117.3899,34.6012],[-117.3899,34.6229],[-117.3841,34.6215],[-117.3834,34.6011]]]},"properties":{"Utility":"Victorville Municipal Utilities Services","Acronym":" ","Type":"POU","Phone":"760.243.6344","URL":"http://www.ci.victorville.ca.us/Site/CityDepartments.aspx?id=5534"}},{"type":"Feature","geometry":{"type":"MultiPolygon","coordinates":[[[[-116.9324,32.6489],[-116.9315,32.6499],[-116.9311,32.6495],[-116.9324,32.6489]]],[[[-116.7884,32.687],[-116.7762,32.6869],[-116.7762,32.6834],[-116.7883,32.6832],[-116.7881,32.676],[-116.7805,32.6761],[-116.7803,32.6721],[-116.775,32.669],[-116.7802,32.669],[-116.7796,32.6573],[-116.7883,32.6575],[-116.7864,32.6655],[-116.7965,32.6657],[-116.8096,32.6762],[-116.8082,32.6974],[-116.7874,32.6973],[-116.7884,32.687]]],[[[-117.2125,32.7734],[-117.2135,32.7759],[-117.2128,32.7756],[-117.2125,32.7734]]],[[[-117.2329,32.7763],[-117.2344,32.7717],[-117.2386,32.7709],[-117.2424,32.7757],[-117.2326,32.779],[-117.2329,32.7763]]],[[[-117.2253,32.7819],[-117.2259,32.7821],[-117.2255,32.7829],[-117.2253,32.7819]]],[[[-117.2273,32.7874],[-117.2277,32.7864],[-117.2287,32.7864],[-117.2273,32.7874]]],[[[-117.2138,32.7787],[-117.2145,32.7765],[-117.2193,32.7776],[-117.2111,32.7719],[-117.2124,32.7673],[-117.2168,32.7672],[-117.2213,32.7729],[-117.2212,32.7677],[-117.2296,32.7704],[-117.2169,32.7894],[-117.2124,32.7882],[-117.2168,32.7832],[-117.2138,32.7787]]],[[[-116.7326,32.9943],[-116.7356,32.9903],[-116.732,32.9888],[-116.7377,32.9891],[-116.7426,32.9822],[-116.7395,32.9779],[-116.7486,32.9786],[-116.7427,32.9877],[-116.7442,32.9899],[-116.7346,32.9942],[-116.7282,33.0029],[-116.7326,32.9943]]],[[[-116.5521,32.9963],[-116.5569,32.9954],[-116.5551,32.9915],[-116.5583,32.9844],[-116.5664,32.9825],[-116.5713,32.9871],[-116.5772,32.9829],[-116.5713,32.9801],[-116.5798,32.9766],[-116.5822,32.9854],[-116.5883,32.9904],[-116.5724,32.9929],[-116.5612,33.0108],[-116.5534,33.0024],[-116.5521,32.9963]]],[[[-117.016,33.1662],[-117.0158,33.1653],[-117.0162,33.1653],[-117.016,33.1662]]],[[[-116.9426,33.2003],[-116.9434,33.1983],[-116.9442,33.1994],[-116.9426,33.2003]]],[[[-117.2533,33.2334],[-117.2534,33.2327],[-117.2548,33.2335],[-117.2533,33.2334]]],[[[-116.9813,33.31],[-116.9829,33.3114],[-116.9787,33.3136],[-116.9813,33.31]]],[[[-117.0817,33.377],[-117.0817,33.3733],[-117.0861,33.3733],[-117.0861,33.3659],[-117.0904,33.3659],[-117.0904,33.377],[-117.0817,33.377]]],[[[-117.7038,33.4598],[-117.6924,33.4579],[-117.695,33.4569],[-117.7038,33.4598]]],[[[-117.1951,33.5388],[-117.1982,33.5388],[-117.1965,33.5401],[-117.1951,33.5388]]],[[[-117.1583,33.5814],[-117.1627,33.576],[-117.167,33.576],[-117.1654,33.5798],[-117.1583,33.5814]]],[[[-117.9045,33.6061],[-117.9059,33.6066],[-117.9049,33.6077],[-117.9045,33.6061]]],[[[-117.8871,33.6042],[-117.8889,33.6042],[-117.8888,33.6087],[-117.8871,33.6042]]],[[[-117.889,33.6088],[-117.8889,33.6042],[-117.8971,33.6042],[-117.9006,33.6082],[-117.889,33.6088]]],[[[-117.9007,33.6096],[-117.902,33.6096],[-117.9043,33.6115],[-117.9007,33.6096]]],[[[-117.9016,33.615],[-117.9014,33.612],[-117.9052,33.6131],[-117.9016,33.615]]],[[[-117.9241,33.617],[-117.909,33.6099],[-117.9215,33.6115],[-117.9241,33.617]]],[[[-117.9332,33.6199],[-117.9339,33.6183],[-117.9358,33.6205],[-117.9332,33.6199]]],[[[-117.354,33.6196],[-117.3539,33.605],[-117.3584,33.6051],[-117.3583,33.6014],[-117.3627,33.6015],[-117.363,33.6125],[-117.3674,33.6124],[-117.3674,33.616],[-117.3763,33.6158],[-117.3762,33.6194],[-117.354,33.6196]]],[[[-116.6232,33.6143],[-116.5984,33.6125],[-116.5984,33.598],[-116.587,33.598],[-116.587,33.5941],[-116.6043,33.5941],[-116.6043,33.5796],[-116.6125,33.5796],[-116.6125,33.5843],[-116.617,33.5844],[-116.617,33.5915],[-116.6299,33.5916],[-116.6319,33.6142],[-116.624,33.6106],[-116.6276,33.6178],[-116.6232,33.6178],[-116.6232,33.6143]]],[[[-117.2169,33.6488],[-117.218,33.6488],[-117.218,33.6497],[-117.2169,33.6488]]],[[[-117.2137,33.6489],[-117.2138,33.6433],[-117.2192,33.6451],[-117.2137,33.6489]]],[[[-117.2148,33.6506],[-117.2169,33.6515],[-117.2147,33.6515],[-117.2148,33.6506]]],[[[-118.0683,33.7174],[-118.0722,33.7207],[-118.0701,33.7196],[-118.0683,33.7174]]],[[[-118.0584,33.714],[-118.0624,33.7184],[-118.0595,33.7211],[-118.0584,33.714]]],[[[-118.0672,33.7189],[-118.0702,33.7232],[-118.0656,33.7212],[-118.0672,33.7189]]],[[[-118.0716,33.7226],[-118.0682,33.7177],[-118.0718,33.721],[-118.0716,33.7226]]],[[[-118.0574,33.7259],[-118.0628,33.7194],[-118.0639,33.7225],[-118.0598,33.7273],[-118.0574,33.7259]]],[[[-118.0664,33.7268],[-118.0614,33.7265],[-118.0647,33.7222],[-118.0714,33.7252],[-118.0664,33.7268]]],[[[-118.1378,33.7403],[-118.1389,33.7387],[-118.1409,33.7402],[-118.1378,33.7403]]],[[[-118.1616,33.7423],[-118.1618,33.74],[-118.1639,33.7404],[-118.1616,33.7423]]],[[[-118.158,33.7528],[-118.1614,33.7524],[-118.1594,33.7537],[-118.158,33.7528]]],[[[-118.1246,33.7525],[-118.1278,33.7526],[-118.1276,33.7541],[-118.1246,33.7525]]],[[[-118.1236,33.7529],[-118.1254,33.7552],[-118.1218,33.7547],[-118.1236,33.7529]]],[[[-118.1803,33.7604],[-118.1797,33.759],[-118.183,33.7584],[-118.1803,33.7604]]],[[[-118.1235,33.759],[-118.1136,33.7528],[-118.1209,33.751],[-118.1238,33.7522],[-118.1221,33.7552],[-118.1273,33.7543],[-118.1281,33.7591],[-118.1235,33.759]]],[[[-118.225,33.7682],[-118.2185,33.7537],[-118.2229,33.7525],[-118.2248,33.7568],[-118.2448,33.7509],[-118.2413,33.7435],[-118.2172,33.7445],[-118.2321,33.7404],[-118.2436,33.7427],[-118.2371,33.7276],[-118.2512,33.7236],[-118.2457,33.7157],[-118.2578,33.7167],[-118.2605,33.7242],[-118.2583,33.7289],[-118.2411,33.7339],[-118.2473,33.7488],[-118.2509,33.7505],[-118.2539,33.7451],[-118.2515,33.7447],[-118.2502,33.7348],[-118.2475,33.7352],[-118.2642,33.7303],[-118.2661,33.7384],[-118.2707,33.7367],[-118.2647,33.7225],[-118.2677,33.7216],[-118.2705,33.7357],[-118.2722,33.7326],[-118.2745,33.7359],[-118.2702,33.7484],[-118.2578,33.7595],[-118.225,33.7682]]],[[[-118.4603,33.9582],[-118.4622,33.9593],[-118.4646,33.9638],[-118.4603,33.9582]]],[[[-118.1144,34.0478],[-118.1194,34.0507],[-118.1136,34.05],[-118.1144,34.0478]]],[[[-119.1542,34.1251],[-119.1568,34.1261],[-119.1538,34.1266],[-119.1542,34.1251]]],[[[-119.1053,34.1451],[-119.1053,34.1418],[-119.1071,34.1441],[-119.1053,34.1451]]],[[[-118.886,34.1464],[-118.8863,34.144],[-118.888,34.1442],[-118.886,34.1464]]],[[[-119.2233,34.1762],[-119.2234,34.1792],[-119.2223,34.1791],[-119.2233,34.1762]]],[[[-119.2239,34.1793],[-119.2259,34.1673],[-119.2273,34.1792],[-119.2239,34.1793]]],[[[-117.9003,34.1651],[-117.9064,34.1651],[-117.9041,34.1678],[-117.9003,34.1651]]],[[[-119.2244,34.1883],[-119.2237,34.1854],[-119.228,34.185],[-119.2277,34.1885],[-119.2244,34.1883]]],[[[-119.1033,34.2222],[-119.1095,34.2224],[-119.1063,34.2257],[-119.1033,34.2222]]],[[[-119.2568,34.2349],[-119.2561,34.2229],[-119.2593,34.2221],[-119.2559,34.2131],[-119.256,34.2166],[-119.2507,34.2127],[-119.2535,34.2088],[-119.2428,34.2087],[-119.2429,34.2053],[-119.25,34.2059],[-119.2391,34.2037],[-119.2311,34.1849],[-119.2338,34.1826],[-119.2309,34.1838],[-119.2328,34.1809],[-119.2283,34.1797],[-119.2322,34.1799],[-119.2283,34.1792],[-119.2309,34.1773],[-119.2284,34.1772],[-119.2297,34.1691],[-119.2243,34.1602],[-119.2283,34.1572],[-119.2271,34.1596],[-119.264,34.2248],[-119.2568,34.2349]]],[[[-119.264,34.2337],[-119.2654,34.236],[-119.2569,34.2363],[-119.264,34.2337]]],[[[-119.2734,34.2455],[-119.2734,34.2504],[-119.2725,34.2462],[-119.2734,34.2455]]],[[[-119.1403,34.2609],[-119.1417,34.2595],[-119.1469,34.263],[-119.1403,34.2609]]],[[[-116.9324,32.6489],[-116.931,32.647],[-116.9358,32.6432],[-116.9326,32.6376],[-116.935,32.6334],[-116.9297,32.6253],[-116.9348,32.6246],[-116.9345,32.6119],[-116.9329,32.6082],[-116.9256,32.612],[-116.9257,32.6082],[-116.9308,32.6082],[-116.9298,32.6007],[-116.9278,32.6045],[-116.9193,32.6045],[-116.9193,32.597],[-116.9108,32.597],[-116.9106,32.5896],[-116.9018,32.5896],[-116.9017,32.5748],[-116.8841,32.5713],[-116.8841,32.564],[-116.8753,32.564],[-116.8751,32.5556],[-117.1189,32.5348],[-117.1188,32.5582],[-117.1015,32.5584],[-117.0997,32.5669],[-117.1056,32.588],[-117.1186,32.5913],[-117.115,32.5938],[-117.1168,32.6026],[-117.1155,32.5993],[-117.0973,32.6134],[-117.1134,32.6142],[-117.114,32.6098],[-117.1139,32.6142],[-117.1122,32.617],[-117.097,32.6138],[-117.0979,32.6203],[-117.1036,32.6189],[-117.1046,32.6222],[-117.1001,32.6208],[-117.1022,32.626],[-117.1061,32.6253],[-117.1081,32.6285],[-117.1058,32.6322],[-117.1148,32.6384],[-117.1132,32.6432],[-117.117,32.6439],[-117.116,32.6469],[-117.1048,32.651],[-117.109,32.65],[-117.1078,32.6524],[-117.1195,32.6478],[-117.1212,32.6514],[-117.1224,32.6569],[-117.118,32.6573],[-117.1196,32.6691],[-117.1235,32.6697],[-117.1153,32.6745],[-117.1189,32.6725],[-117.1324,32.6858],[-117.1285,32.6879],[-117.1382,32.6864],[-117.1384,32.6899],[-117.1405,32.6879],[-117.1392,32.6903],[-117.1548,32.6962],[-117.1613,32.7007],[-117.1579,32.702],[-117.1758,32.7113],[-117.1735,32.7138],[-117.1767,32.7148],[-117.1734,32.7154],[-117.1767,32.7159],[-117.1735,32.7168],[-117.1767,32.718],[-117.1735,32.718],[-117.1734,32.7232],[-117.1758,32.7269],[-117.1808,32.7255],[-117.1861,32.7284],[-117.1955,32.7271],[-117.188,32.724],[-117.2137,32.7241],[-117.1985,32.7268],[-117.2138,32.7281],[-117.2069,32.7372],[-117.209,32.741],[-117.2176,32.722],[-117.2274,32.724],[-117.227,32.7208],[-117.2202,32.7197],[-117.2229,32.7152],[-117.2344,32.708],[-117.2242,32.7168],[-117.2273,32.72],[-117.2354,32.7163],[-117.2358,32.7141],[-117.2332,32.7151],[-117.2368,32.7116],[-117.2395,32.6914],[-117.2377,32.6872],[-117.2343,32.6886],[-117.2365,32.6866],[-117.2326,32.6861],[-117.2384,32.6811],[-117.237,32.6683],[-117.2446,32.6663],[-117.2498,32.689],[-117.2556,32.6995],[-117.2584,32.7253],[-117.2558,32.7275],[-117.2574,32.7334],[-117.2525,32.7562],[-117.2054,32.7615],[-117.2592,32.7559],[-117.2438,32.758],[-117.2422,32.7627],[-117.2405,32.7594],[-117.2341,32.7601],[-117.2422,32.7648],[-117.2405,32.7672],[-117.235,32.7665],[-117.2341,32.7697],[-117.2175,32.7638],[-117.2108,32.7667],[-117.2078,32.7707],[-117.2126,32.7789],[-117.2082,32.7869],[-117.2109,32.7893],[-117.2096,32.795],[-117.2153,32.7966],[-117.2117,32.7936],[-117.2193,32.7933],[-117.2228,32.804],[-117.2199,32.8079],[-117.2232,32.8042],[-117.2207,32.7949],[-117.2238,32.793],[-117.2299,32.7954],[-117.2348,32.7797],[-117.2387,32.78],[-117.2421,32.7897],[-117.2497,32.791],[-117.2522,32.7869],[-117.2481,32.782],[-117.2506,32.7824],[-117.2512,32.779],[-117.2467,32.7781],[-117.2513,32.7778],[-117.2508,32.7755],[-117.2486,32.7725],[-117.2456,32.7755],[-117.2427,32.7699],[-117.2462,32.7635],[-117.2487,32.7698],[-117.2498,32.7641],[-117.2451,32.7611],[-117.2603,32.7583],[-117.2547,32.7592],[-117.2533,32.7644],[-117.2564,32.793],[-117.2639,32.8071],[-117.2682,32.8082],[-117.2735,32.8179],[-117.2809,32.8221],[-117.2824,32.8401],[-117.2795,32.8473],[-117.2738,32.8514],[-117.264,32.8495],[-117.2557,32.8611],[-117.2514,32.8755],[-117.2588,32.9164],[-117.2609,32.9337],[-117.2585,32.9328],[-117.2683,32.9578],[-117.2705,32.9742],[-117.2683,32.9752],[-117.2584,32.9669],[-117.2602,32.9693],[-117.2554,32.9719],[-117.2605,32.9701],[-117.2675,32.9739],[-117.2685,32.9777],[-117.2712,32.9768],[-117.2815,33.0156],[-117.2776,33.01],[-117.276,33.0143],[-117.2826,33.0163],[-117.2955,33.0369],[-117.3137,33.0869],[-117.3095,33.084],[-117.3096,33.0877],[-117.3064,33.0841],[-117.3009,33.0876],[-117.302,33.0908],[-117.2932,33.0871],[-117.2718,33.0907],[-117.2793,33.0935],[-117.2946,33.0907],[-117.3024,33.0932],[-117.3139,33.0873],[-117.3284,33.1217],[-117.3448,33.1445],[-117.3384,33.1386],[-117.3373,33.1434],[-117.3337,33.1442],[-117.3213,33.1379],[-117.3153,33.1398],[-117.3319,33.1479],[-117.3332,33.1445],[-117.3347,33.1468],[-117.3373,33.1438],[-117.3453,33.1451],[-117.3589,33.1643],[-117.355,33.166],[-117.356,33.1682],[-117.3533,33.1655],[-117.3507,33.1679],[-117.3502,33.1746],[-117.3592,33.1676],[-117.3592,33.1646],[-117.392,33.2021],[-117.382,33.2081],[-117.3925,33.2026],[-117.3997,33.206],[-117.3892,33.2052],[-117.3943,33.2081],[-117.3951,33.2132],[-117.3979,33.2104],[-117.3958,33.2087],[-117.4037,33.2116],[-117.397,33.2156],[-117.4005,33.2196],[-117.4054,33.2136],[-117.4027,33.2056],[-117.4058,33.2091],[-117.4046,33.2153],[-117.416,33.2309],[-117.411,33.2274],[-117.4118,33.232],[-117.4023,33.2361],[-117.4174,33.232],[-117.4698,33.2955],[-117.5124,33.3384],[-117.5735,33.3795],[-117.5951,33.3859],[-117.6052,33.4029],[-117.6216,33.421],[-117.6557,33.4478],[-117.6815,33.4612],[-117.6893,33.4611],[-117.6921,33.4567],[-117.6907,33.4611],[-117.6925,33.4589],[-117.7057,33.463],[-117.7047,33.4581],[-117.6915,33.4542],[-117.7075,33.4604],[-117.7148,33.46],[-117.726,33.4828],[-117.7343,33.4841],[-117.7416,33.4977],[-117.7541,33.5114],[-117.7604,33.5136],[-117.7659,33.5232],[-117.7848,33.5413],[-117.8042,33.5461],[-117.8109,33.5521],[-117.8149,33.5506],[-117.8158,33.5535],[-117.8199,33.5537],[-117.8214,33.5594],[-117.8422,33.575],[-117.8641,33.5848],[-117.8721,33.5925],[-117.8773,33.5924],[-117.8776,33.5896],[-117.8868,33.6087],[-117.8991,33.6134],[-117.8944,33.6097],[-117.9006,33.6101],[-117.9038,33.6173],[-117.8974,33.62],[-117.8933,33.6152],[-117.891,33.6255],[-117.8844,33.626],[-117.89,33.6352],[-117.8867,33.6439],[-117.8814,33.6482],[-117.8684,33.6471],[-117.8671,33.651],[-117.8899,33.6476],[-117.8913,33.6347],[-117.887,33.6287],[-117.8935,33.6228],[-117.8959,33.6244],[-117.894,33.6218],[-117.9031,33.621],[-117.9081,33.6122],[-117.9265,33.6206],[-117.9368,33.6214],[-117.9311,33.6163],[-117.9327,33.6185],[-117.9285,33.6195],[-117.9237,33.6116],[-117.9277,33.6122],[-117.9269,33.6152],[-117.9284,33.612],[-117.9257,33.609],[-117.8838,33.5998],[-117.8796,33.5886],[-117.8817,33.5938],[-117.9313,33.6058],[-117.9388,33.618],[-117.9579,33.6287],[-117.9507,33.6505],[-117.9594,33.6293],[-117.9621,33.631],[-117.9581,33.6332],[-117.9654,33.6395],[-117.9706,33.6393],[-117.9609,33.6346],[-117.9624,33.631],[-117.9756,33.6378],[-118.0046,33.6563],[-118.0346,33.6807],[-118.0327,33.696],[-118.0453,33.7033],[-118.0337,33.6853],[-118.0368,33.6828],[-118.0634,33.7093],[-118.0906,33.7299],[-118.0937,33.734],[-118.0842,33.7314],[-118.0759,33.7242],[-118.0719,33.7242],[-118.0723,33.72],[-118.0677,33.7161],[-118.0642,33.7163],[-118.0665,33.7186],[-118.0646,33.7207],[-118.0584,33.707],[-118.0534,33.7028],[-118.0482,33.7036],[-118.0548,33.7045],[-118.0596,33.7103],[-118.0596,33.7129],[-118.0533,33.7121],[-118.0585,33.7163],[-118.0584,33.7213],[-118.0558,33.7216],[-118.0586,33.7291],[-118.0684,33.7289],[-118.0608,33.7269],[-118.0688,33.7279],[-118.072,33.7254],[-118.0739,33.7264],[-118.0682,33.7303],[-118.0763,33.7269],[-118.0812,33.7295],[-118.0778,33.7324],[-118.0747,33.731],[-118.0735,33.7375],[-118.0791,33.7317],[-118.0799,33.7362],[-118.0772,33.741],[-118.0726,33.7416],[-118.0779,33.7413],[-118.0811,33.7319],[-118.086,33.7374],[-118.0843,33.7404],[-118.0867,33.7322],[-118.0963,33.7384],[-118.0991,33.7358],[-118.0964,33.734],[-118.1159,33.7396],[-118.1136,33.7473],[-118.1205,33.7364],[-118.1148,33.7452],[-118.1157,33.7493],[-118.1085,33.7522],[-118.1197,33.761],[-118.1145,33.758],[-118.1172,33.7621],[-118.105,33.7671],[-118.1179,33.7626],[-118.1249,33.7675],[-118.1185,33.7625],[-118.1209,33.7615],[-118.1301,33.7677],[-118.1222,33.7604],[-118.1285,33.76],[-118.1317,33.7545],[-118.1165,33.7461],[-118.122,33.7372],[-118.118,33.7442],[-118.1472,33.7574],[-118.1773,33.7637],[-118.191,33.7596],[-118.1837,33.7582],[-118.1875,33.7566],[-118.1925,33.7597],[-118.1904,33.7616],[-118.1956,33.7626],[-118.1933,33.76],[-118.1966,33.7601],[-118.2062,33.7666],[-118.2033,33.7604],[-118.1877,33.7517],[-118.1901,33.7495],[-118.186,33.7386],[-118.1945,33.7366],[-118.1856,33.7366],[-118.1852,33.7329],[-118.1957,33.7329],[-118.197,33.7363],[-118.2049,33.7386],[-118.1924,33.7431],[-118.1972,33.7448],[-118.1972,33.7512],[-118.199,33.744],[-118.2062,33.7445],[-118.2069,33.7508],[-118.213,33.7475],[-118.2065,33.7403],[-118.2155,33.7465],[-118.2151,33.7523],[-118.208,33.7557],[-118.2138,33.755],[-118.2138,33.7628],[-118.2163,33.7574],[-118.2203,33.7665],[-118.2081,33.7723],[-118.2209,33.7707],[-118.21,33.7772],[-118.2499,33.7643],[-118.2509,33.7679],[-118.2476,33.7656],[-118.2489,33.7719],[-118.2427,33.7773],[-118.2594,33.7611],[-118.2599,33.7663],[-118.2637,33.7658],[-118.2611,33.7593],[-118.2673,33.7531],[-118.2656,33.7628],[-118.27,33.7587],[-118.2697,33.7539],[-118.272,33.7544],[-118.2743,33.7574],[-118.2707,33.767],[-118.2773,33.7662],[-118.2788,33.769],[-118.2756,33.7607],[-118.2798,33.7562],[-118.2896,33.755],[-118.2772,33.7564],[-118.2731,33.7504],[-118.2783,33.7487],[-118.2749,33.7469],[-118.2787,33.7382],[-118.2742,33.7292],[-118.2787,33.7318],[-118.2711,33.7203],[-118.2764,33.726],[-118.2739,33.7139],[-118.2765,33.7154],[-118.2762,33.7217],[-118.2799,33.7252],[-118.284,33.7241],[-118.2799,33.7178],[-118.2843,33.7136],[-118.2773,33.7081],[-118.284,33.709],[-118.294,33.7046],[-118.298,33.7098],[-118.3178,33.7138],[-118.3231,33.7187],[-118.352,33.7272],[-118.364,33.7379],[-118.3748,33.7371],[-118.3819,33.7422],[-118.398,33.7361],[-118.4037,33.741],[-118.4115,33.7411],[-118.4177,33.762],[-118.4243,33.7666],[-118.4224,33.7714],[-118.4284,33.7742],[-118.4185,33.7865],[-118.4075,33.7912],[-118.4088,33.7968],[-118.3944,33.8052],[-118.3908,33.8345],[-118.3943,33.8419],[-118.3907,33.8407],[-118.3982,33.8462],[-118.3947,33.8452],[-118.3959,33.8485],[-118.3989,33.847],[-118.3977,33.851],[-118.4016,33.848],[-118.3952,33.841],[-118.3998,33.8436],[-118.4019,33.8483],[-118.3995,33.852],[-118.4046,33.8657],[-118.4244,33.9072],[-118.4481,33.95],[-118.4577,33.9607],[-118.4238,33.9803],[-118.4604,33.9603],[-118.4469,33.9675],[-118.4464,33.9745],[-118.4412,33.977],[-118.4464,33.976],[-118.4412,33.9798],[-118.4464,33.9792],[-118.4431,33.9825],[-118.4561,33.9836],[-118.4497,33.9822],[-118.458,33.9807],[-118.4497,33.9795],[-118.4576,33.9769],[-118.4497,33.9759],[-118.4578,33.9759],[-118.4497,33.9743],[-118.4562,33.9733],[-118.4499,33.97],[-118.462,33.9627],[-118.4602,33.967],[-118.4656,33.9754],[-118.4946,34.0065],[-118.5273,34.0309],[-118.5473,34.0388],[-118.5699,34.0415],[-118.5832,34.0375],[-118.5947,34.0396],[-118.6101,34.0364],[-118.6705,34.0387],[-118.6773,34.0364],[-118.6821,34.0306],[-118.6938,34.0324],[-118.7065,34.0294],[-118.7442,34.0323],[-118.7557,34.0258],[-118.7853,34.0209],[-118.794,34.0075],[-118.8026,34.0053],[-118.8068,34.0002],[-118.8291,34.0194],[-118.8514,34.0331],[-118.9157,34.0416],[-118.923,34.0453],[-118.9367,34.043],[-118.9447,34.0454],[-118.941,34.0748],[-118.8729,34.1167],[-118.9036,34.1244],[-118.9036,34.1378],[-118.8753,34.14],[-118.8752,34.1621],[-118.9236,34.1622],[-118.9237,34.1562],[-118.93,34.1545],[-118.93,34.1478],[-118.9633,34.1475],[-118.9679,34.1406],[-118.9836,34.1335],[-118.9719,34.1126],[-118.9775,34.1102],[-118.992,34.1128],[-119.0038,34.1069],[-118.9915,34.0951],[-119.0069,34.0784],[-119.0068,34.0661],[-119.0376,34.0835],[-119.0611,34.0853],[-119.0674,34.0947],[-119.0627,34.0991],[-119.0647,34.1048],[-119.0697,34.1061],[-119.0679,34.1146],[-119.0724,34.1153],[-119.0789,34.1094],[-119.0807,34.1115],[-119.0809,34.1017],[-119.0663,34.0921],[-119.0667,34.0884],[-119.0929,34.1006],[-119.0862,34.1003],[-119.0911,34.1023],[-119.0928,34.1102],[-119.0941,34.1034],[-119.0961,34.1053],[-119.0987,34.102],[-119.1201,34.1078],[-119.1266,34.1055],[-119.0932,34.0993],[-119.1072,34.0953],[-119.1247,34.0987],[-119.1414,34.1067],[-119.1872,34.1372],[-119.1824,34.1371],[-119.2,34.1444],[-119.2121,34.143],[-119.2088,34.1477],[-119.2014,34.1484],[-119.2062,34.1487],[-119.2082,34.1537],[-119.2111,34.1537],[-119.2102,34.1486],[-119.2163,34.1438],[-119.221,34.1532],[-119.2276,34.156],[-119.2223,34.1592],[-119.2217,34.1809],[-119.2273,34.1797],[-119.2233,34.1824],[-119.2299,34.1841],[-119.2232,34.1828],[-119.2228,34.1884],[-119.2298,34.1895],[-119.2286,34.1849],[-119.23,34.1872],[-119.2308,34.1849],[-119.2359,34.1978],[-119.2255,34.1978],[-119.2254,34.2032],[-119.2174,34.2031],[-119.2173,34.2084],[-119.2152,34.2084],[-119.2152,34.2031],[-119.2209,34.2009],[-119.2062,34.2016],[-119.2014,34.203],[-119.2014,34.2057],[-119.1992,34.2016],[-119.1953,34.2029],[-119.196,34.2083],[-119.2081,34.2084],[-119.2073,34.2192],[-119.2122,34.2193],[-119.2122,34.2145],[-119.2166,34.2145],[-119.2165,34.2193],[-119.2208,34.2193],[-119.2201,34.2282],[-119.2159,34.2329],[-119.1945,34.2356],[-119.1617,34.261],[-119.1588,34.2593],[-119.1675,34.254],[-119.161,34.2479],[-119.1708,34.2349],[-119.1686,34.2337],[-119.1702,34.2299],[-119.158,34.2282],[-119.1549,34.234],[-119.1564,34.2307],[-119.1505,34.2286],[-119.1485,34.2306],[-119.1394,34.2228],[-119.1197,34.2223],[-119.1202,34.2173],[-119.1246,34.2173],[-119.1248,34.1967],[-119.1596,34.1968],[-119.1598,34.1827],[-119.1483,34.1825],[-119.1471,34.1675],[-119.1402,34.1635],[-119.14,34.1662],[-119.1362,34.1662],[-119.1362,34.1616],[-119.1433,34.1648],[-119.1445,34.1592],[-119.149,34.1592],[-119.149,34.1545],[-119.1664,34.1545],[-119.1666,34.1328],[-119.1606,34.1328],[-119.1618,34.1255],[-119.139,34.1143],[-119.1313,34.1144],[-119.1267,34.1184],[-119.1268,34.1253],[-119.1189,34.1252],[-119.114,34.1295],[-119.1138,34.147],[-119.1112,34.147],[-119.0967,34.1347],[-119.0792,34.1096],[-119.0724,34.1155],[-119.0678,34.1148],[-119.0695,34.1061],[-119.0648,34.105],[-119.066,34.1095],[-119.0434,34.1184],[-119.0409,34.1207],[-119.0426,34.1258],[-119.0384,34.1303],[-119.0214,34.1395],[-119.0587,34.1433],[-119.0356,34.1565],[-119.0391,34.1598],[-119.0597,34.1591],[-119.061,34.1641],[-119.03,34.1928],[-119.0342,34.2052],[-119.0514,34.2056],[-119.0513,34.2129],[-119.0699,34.2131],[-119.07,34.2062],[-119.0736,34.2058],[-119.0737,34.1967],[-119.076,34.1967],[-119.0759,34.2057],[-119.0872,34.2058],[-119.0883,34.2097],[-119.1059,34.2099],[-119.0757,34.2097],[-119.0758,34.2157],[-119.0959,34.2158],[-119.096,34.2207],[-119.0908,34.221],[-119.0998,34.222],[-119.0976,34.2252],[-119.1024,34.2298],[-119.0903,34.237],[-119.1032,34.2421],[-119.1055,34.2398],[-119.1034,34.2384],[-119.1124,34.2299],[-119.1167,34.2328],[-119.1202,34.2293],[-119.1294,34.2356],[-119.1259,34.2391],[-119.1426,34.2506],[-119.1397,34.2533],[-119.1315,34.2477],[-119.1287,34.2505],[-119.1201,34.2446],[-119.1228,34.2419],[-119.1161,34.2373],[-119.1064,34.247],[-119.1034,34.2422],[-119.0985,34.2417],[-119.0942,34.2479],[-119.0797,34.2525],[-119.0727,34.2638],[-119.0652,34.2638],[-119.0629,34.2779],[-119.0429,34.3052],[-119.0432,34.3274],[-119.0253,34.3277],[-119.0253,34.3353],[-118.9903,34.3352],[-118.9903,34.3215],[-118.964,34.3215],[-118.9649,34.3425],[-118.9382,34.3424],[-118.9383,34.336],[-118.8937,34.3358],[-118.8939,34.3498],[-118.8852,34.3496],[-118.8852,34.3572],[-118.8343,34.3575],[-118.8126,34.3666],[-118.7265,34.3663],[-118.7264,34.3515],[-118.692,34.3516],[-118.6914,34.3589],[-118.6696,34.3585],[-118.6374,34.293],[-118.6232,34.293],[-118.6234,34.3001],[-118.6191,34.3001],[-118.6187,34.2931],[-118.6101,34.293],[-118.6102,34.2894],[-118.6016,34.293],[-118.6016,34.2894],[-118.595,34.2894],[-118.5946,34.2858],[-118.5913,34.2856],[-118.5872,34.3031],[-118.5718,34.2986],[-118.5687,34.2946],[-118.5598,34.2992],[-118.554,34.2964],[-118.5408,34.2988],[-118.5463,34.3173],[-118.534,34.3145],[-118.5038,34.3373],[-118.4929,34.3308],[-118.419,34.3299],[-118.4208,34.3256],[-118.4159,34.3245],[-118.4122,34.3259],[-118.4136,34.3299],[-118.4052,34.3298],[-118.4049,34.3221],[-118.3963,34.3186],[-118.4008,34.3165],[-118.4009,34.3098],[-118.4055,34.3079],[-118.4056,34.3007],[-118.4011,34.3007],[-118.4012,34.2971],[-118.4113,34.2909],[-118.4062,34.286],[-118.4017,34.2864],[-118.3968,34.297],[-118.3874,34.2988],[-118.3829,34.297],[-118.3824,34.2933],[-118.3869,34.2915],[-118.3858,34.2848],[-118.3726,34.2828],[-118.3735,34.2862],[-118.3698,34.2861],[-118.3714,34.2823],[-118.3674,34.2804],[-118.3547,34.2789],[-118.3517,34.2788],[-118.3517,34.2825],[-118.3268,34.2825],[-118.3269,34.2861],[-118.2995,34.2861],[-118.2995,34.2934],[-118.2863,34.2928],[-118.2868,34.2785],[-118.2738,34.2784],[-118.2737,34.282],[-118.2385,34.2815],[-118.2388,34.2523],[-118.2216,34.2518],[-118.2219,34.2303],[-118.1912,34.227],[-118.19,34.2311],[-118.1982,34.2368],[-118.1955,34.2366],[-118.1953,34.2515],[-118.1869,34.2515],[-118.187,34.2232],[-118.1791,34.2226],[-118.1787,34.2154],[-118.1531,34.2148],[-118.1531,34.2076],[-118.1444,34.2075],[-118.1443,34.2146],[-118.1355,34.2146],[-118.1356,34.2076],[-118.1178,34.2075],[-118.1178,34.2005],[-118.1005,34.1968],[-118.1004,34.1896],[-118.0962,34.1897],[-118.0961,34.186],[-118.0742,34.1861],[-118.0744,34.1791],[-118.0657,34.1793],[-118.068,34.1568],[-118.0384,34.1573],[-118.0385,34.1668],[-118.0297,34.1668],[-118.0302,34.1794],[-118.0214,34.1794],[-118.0214,34.1939],[-117.9255,34.194],[-117.9248,34.1653],[-117.9423,34.1652],[-117.9424,34.1543],[-117.9296,34.1509],[-117.9443,34.1378],[-117.9396,34.1347],[-117.9344,34.1409],[-117.9294,34.1402],[-117.9294,34.1216],[-117.9382,34.1216],[-117.9382,34.1144],[-117.9285,34.1144],[-117.9286,34.1088],[-117.9254,34.1106],[-117.9255,34.1071],[-117.921,34.1072],[-117.9247,34.1106],[-117.9209,34.1107],[-117.9209,34.1143],[-117.9165,34.1143],[-117.9177,34.107],[-117.9143,34.1082],[-117.9163,34.1143],[-117.9156,34.1121],[-117.9077,34.1141],[-117.912,34.1135],[-117.9121,34.1106],[-117.9077,34.1069],[-117.9056,34.1143],[-117.9011,34.1104],[-117.8994,34.1143],[-117.8991,34.1092],[-117.9061,34.1069],[-117.8873,34.1068],[-117.8902,34.1107],[-117.8989,34.1084],[-117.8992,34.1206],[-117.8902,34.1196],[-117.8902,34.112],[-117.8844,34.1141],[-117.8847,34.1215],[-117.8902,34.1215],[-117.8902,34.1247],[-117.8814,34.127],[-117.8814,34.1299],[-117.8901,34.1328],[-117.8919,34.1414],[-117.8931,34.1364],[-117.8992,34.1366],[-117.8962,34.1469],[-117.8988,34.1468],[-117.8988,34.1505],[-117.9076,34.1506],[-117.9076,34.1579],[-117.8901,34.1578],[-117.8901,34.1541],[-117.8813,34.1542],[-117.8813,34.1578],[-117.8463,34.1578],[-117.8463,34.165],[-117.8201,34.1652],[-117.8204,34.1505],[-117.8116,34.1504],[-117.8117,34.1432],[-117.8072,34.1432],[-117.8073,34.1504],[-117.8008,34.1505],[-117.794,34.1504],[-117.7941,34.1468],[-117.7854,34.1468],[-117.7855,34.1432],[-117.7811,34.1433],[-117.781,34.1506],[-117.7505,34.1509],[-117.7504,34.1582],[-117.6809,34.1574],[-117.6785,34.162],[-117.6454,34.1619],[-117.641,34.1688],[-117.6323,34.1688],[-117.6323,34.1724],[-117.6279,34.1724],[-117.6279,34.1652],[-117.6104,34.1652],[-117.6103,34.1725],[-117.6016,34.1724],[-117.6018,34.1651],[-117.5953,34.165],[-117.5953,34.1704],[-117.5888,34.1723],[-117.589,34.18],[-117.5846,34.1797],[-117.5845,34.176],[-117.5746,34.1796],[-117.5756,34.165],[-117.5233,34.1648],[-117.5233,34.1685],[-117.4882,34.1686],[-117.4882,34.1722],[-117.471,34.1722],[-117.4711,34.1757],[-117.4535,34.1779],[-117.4537,34.1355],[-117.401,34.1358],[-117.4009,34.0777],[-117.4357,34.0776],[-117.4356,34.0483],[-117.4712,34.048],[-117.471,34.0336],[-117.3754,34.0338],[-117.3752,34.0194],[-117.2876,34.0183],[-117.2877,33.9974],[-117.2962,33.9975],[-117.2965,33.961],[-117.2791,33.9604],[-117.2792,33.9758],[-117.2702,33.9756],[-117.2792,33.9774],[-117.2812,33.9882],[-117.2856,33.989],[-117.2805,33.9908],[-117.2809,33.9972],[-117.2749,33.9972],[-117.2734,33.9935],[-117.2699,33.9956],[-117.266,33.9936],[-117.266,33.9899],[-117.2574,33.99],[-117.2573,33.9829],[-117.2509,33.983],[-117.2509,33.9794],[-117.2442,33.9794],[-117.2442,33.9831],[-117.2253,33.9823],[-117.2263,33.9754],[-117.155,33.9754],[-117.1565,33.9611],[-117.1476,33.9611],[-117.1477,33.9538],[-117.139,33.9502],[-117.139,33.9466],[-117.1214,33.9467],[-117.1213,33.9329],[-117.1036,33.9326],[-117.1036,33.9251],[-117.0946,33.9252],[-117.0944,33.9179],[-117.0858,33.9179],[-117.0858,33.9115],[-117.077,33.9108],[-117.0769,33.9037],[-117.0509,33.9034],[-117.0513,33.9175],[-117.0162,33.9178],[-117.0164,33.8967],[-117.008,33.8967],[-117.008,33.8895],[-116.9291,33.8891],[-116.9291,33.886],[-116.9117,33.8861],[-116.9117,33.8788],[-116.9247,33.879],[-116.9247,33.8642],[-116.9203,33.8643],[-116.92,33.8528],[-116.958,33.8532],[-116.958,33.8491],[-116.9821,33.8491],[-116.9808,33.831],[-116.9724,33.831],[-116.9724,33.8238],[-116.9591,33.8238],[-116.9591,33.8159],[-116.9286,33.8024],[-116.9286,33.8054],[-116.9027,33.8054],[-116.9027,33.802],[-116.9107,33.8021],[-116.9107,33.7876],[-116.9223,33.7876],[-116.9284,33.7804],[-116.9109,33.7651],[-116.8913,33.7651],[-116.8628,33.7457],[-116.8629,33.7509],[-116.8584,33.7509],[-116.8584,33.7439],[-116.8412,33.7439],[-116.841,33.7296],[-116.8671,33.7295],[-116.8668,33.7186],[-116.8582,33.7186],[-116.8581,33.7152],[-116.8667,33.7151],[-116.8668,33.7008],[-116.9281,33.7009],[-116.928,33.6569],[-116.9557,33.6568],[-116.9535,33.6495],[-116.9623,33.6494],[-116.9624,33.6567],[-116.9796,33.6566],[-116.9798,33.664],[-116.9969,33.6639],[-116.9972,33.6711],[-117.0409,33.671],[-117.0409,33.6637],[-117.0673,33.6636],[-117.0663,33.5982],[-117.049,33.5982],[-117.0488,33.6125],[-117.0147,33.613],[-117.0147,33.6275],[-116.9966,33.6278],[-116.9966,33.6494],[-116.9798,33.6494],[-116.9801,33.6312],[-116.9626,33.6311],[-116.9628,33.6059],[-116.9672,33.6058],[-116.9672,33.5984],[-116.9803,33.5984],[-116.9806,33.5872],[-116.9631,33.5872],[-116.9632,33.58],[-116.9718,33.5799],[-116.9718,33.5727],[-116.9633,33.5728],[-116.9629,33.5581],[-116.9718,33.5581],[-116.9717,33.5471],[-116.9739,33.5507],[-116.9804,33.5507],[-116.9804,33.5433],[-116.9631,33.5435],[-116.9631,33.5286],[-116.9799,33.5285],[-116.9803,33.5136],[-116.9975,33.5138],[-116.9978,33.5078],[-116.9342,33.4992],[-116.9426,33.4693],[-117.0139,33.4636],[-117.0308,33.4757],[-117.0395,33.4737],[-117.0351,33.4666],[-117.0438,33.4665],[-117.0438,33.4701],[-117.0482,33.47],[-117.0482,33.4665],[-117.0658,33.4636],[-117.0656,33.4592],[-117.0693,33.4625],[-117.0735,33.46],[-117.0745,33.4635],[-117.079,33.4629],[-117.0788,33.4558],[-117.0873,33.4522],[-117.0873,33.4486],[-117.1003,33.4473],[-117.0962,33.4477],[-117.0975,33.4418],[-117.0994,33.4451],[-117.1045,33.4441],[-117.1163,33.4568],[-117.123,33.4565],[-117.123,33.4607],[-117.1264,33.4565],[-117.1264,33.4466],[-117.1308,33.4468],[-117.1307,33.4394],[-117.1362,33.4398],[-117.1367,33.4325],[-117.1538,33.4327],[-117.0523,33.4301],[-117.0519,33.4153],[-117.033,33.4149],[-117.032,33.4075],[-117.0323,33.3981],[-117.0374,33.3937],[-117.051,33.3943],[-117.051,33.3906],[-117.0554,33.3908],[-117.0512,33.3874],[-117.0641,33.3876],[-117.0642,33.398],[-117.0554,33.3977],[-117.0554,33.4012],[-117.0598,33.4013],[-117.0645,33.4085],[-117.068,33.4088],[-117.0674,33.4015],[-117.0728,33.4016],[-117.0728,33.3979],[-117.0815,33.4017],[-117.0815,33.388],[-117.0945,33.3881],[-117.0946,33.3733],[-117.1033,33.3733],[-117.1033,33.3622],[-117.1125,33.3585],[-117.113,33.351],[-117.1224,33.3509],[-117.1223,33.3576],[-117.1356,33.3583],[-117.1356,33.3478],[-117.1397,33.3499],[-117.1401,33.3585],[-117.1505,33.3582],[-117.149,33.3557],[-117.1456,33.3572],[-117.1427,33.3489],[-117.1411,33.3509],[-117.1397,33.3483],[-117.1489,33.3456],[-117.1466,33.3369],[-117.1508,33.3346],[-117.1444,33.316],[-117.1441,33.329],[-117.1398,33.3292],[-117.1399,33.3364],[-117.1313,33.3326],[-117.1313,33.3289],[-117.1356,33.3291],[-117.1355,33.3219],[-117.1312,33.3219],[-117.1313,33.3254],[-117.1226,33.3254],[-117.1181,33.3327],[-117.1014,33.333],[-117.1035,33.3295],[-117.0858,33.3301],[-117.0858,33.3228],[-117.0813,33.3228],[-117.0771,33.3155],[-117.0727,33.3154],[-117.0726,33.323],[-117.0683,33.323],[-117.0645,33.3155],[-117.0477,33.3151],[-117.0474,33.3259],[-117.0517,33.3262],[-117.0514,33.3336],[-117.0471,33.3333],[-117.0472,33.3297],[-117.0382,33.3288],[-117.0382,33.3324],[-117.0332,33.3316],[-117.0333,33.3425],[-117.0507,33.3431],[-117.0509,33.3583],[-117.0467,33.3584],[-117.0246,33.3542],[-117.0256,33.3484],[-117.0242,33.3427],[-117.0199,33.3423],[-117.0197,33.3318],[-117.0147,33.3381],[-117.0141,33.3336],[-117.0066,33.3374],[-117.0032,33.3328],[-117.0054,33.3296],[-117.0121,33.3313],[-116.9985,33.3268],[-116.9777,33.3312],[-116.9769,33.3383],[-116.9861,33.3378],[-116.989,33.3348],[-116.9908,33.3371],[-116.9982,33.3332],[-117.0016,33.3378],[-117.0128,33.3407],[-116.9957,33.3529],[-116.9001,33.3158],[-116.9237,33.2891],[-116.9406,33.2838],[-116.9623,33.2853],[-116.9623,33.2893],[-116.971,33.2888],[-116.971,33.2915],[-116.9753,33.2924],[-116.9754,33.2818],[-116.9711,33.2817],[-116.971,33.2746],[-116.9798,33.2784],[-116.9793,33.2424],[-116.9578,33.2421],[-116.9558,33.2384],[-116.9559,33.2348],[-116.9625,33.235],[-116.9628,33.2206],[-116.967,33.2205],[-116.9671,33.1982],[-116.9627,33.1983],[-116.9628,33.2056],[-116.9541,33.2056],[-116.954,33.2206],[-116.9584,33.2206],[-116.9584,33.2241],[-116.9496,33.224],[-116.9496,33.2206],[-116.9321,33.2201],[-116.9324,33.2271],[-116.9279,33.227],[-116.9234,33.2342],[-116.9191,33.2343],[-116.9188,33.2162],[-116.9278,33.2122],[-116.9278,33.2084],[-116.915,33.2085],[-116.9315,33.1865],[-116.9351,33.1978],[-116.9389,33.2016],[-116.9447,33.2018],[-116.9454,33.1833],[-116.9413,33.1833],[-116.9413,33.1796],[-116.9541,33.1796],[-116.9541,33.1723],[-116.9629,33.1722],[-116.9627,33.15],[-116.9846,33.1499],[-116.9848,33.1462],[-116.9887,33.1462],[-116.9891,33.1573],[-116.9798,33.1608],[-116.9799,33.168],[-116.9714,33.1681],[-116.9715,33.1759],[-116.9629,33.1759],[-116.9586,33.1834],[-117.017,33.1812],[-117.018,33.1664],[-117.0206,33.1667],[-117.0186,33.1523],[-117.0147,33.1522],[-117.0149,33.1453],[-117.0069,33.1457],[-117.007,33.1497],[-117.0027,33.1498],[-117.0025,33.1422],[-116.9939,33.1425],[-116.9984,33.1351],[-117.0214,33.1346],[-117.0071,33.1167],[-117.0115,33.1142],[-117.0072,33.1091],[-117.0072,33.1017],[-117.0027,33.1018],[-116.9983,33.1091],[-116.981,33.109],[-116.981,33.1054],[-116.9634,33.1057],[-116.9637,33.0913],[-116.9551,33.0937],[-116.955,33.0987],[-116.9415,33.0987],[-116.9417,33.0951],[-116.9323,33.0951],[-116.9323,33.0912],[-116.9058,33.0914],[-116.9015,33.0837],[-116.8841,33.0837],[-116.8838,33.0799],[-116.8757,33.0799],[-116.8757,33.0872],[-116.8593,33.0871],[-116.8585,33.0951],[-116.8282,33.095],[-116.8281,33.0838],[-116.8387,33.0699],[-116.8366,33.0693],[-116.8382,33.0546],[-116.8322,33.0549],[-116.8323,33.0463],[-116.8232,33.0443],[-116.8156,33.0479],[-116.7894,33.0478],[-116.7893,33.0441],[-116.8069,33.0442],[-116.8025,33.0373],[-116.8198,33.0372],[-116.8204,33.0298],[-116.8154,33.0275],[-116.7956,33.0291],[-116.7999,33.0192],[-116.7847,33.0184],[-116.7848,33.0128],[-116.7747,33.0064],[-116.7542,33.004],[-116.7541,32.9968],[-116.7585,32.9989],[-116.7713,32.9957],[-116.7713,33.0005],[-116.7892,33.0003],[-116.7892,33.0045],[-116.7985,33.0005],[-116.7996,32.9972],[-116.8064,32.9974],[-116.8064,32.9929],[-116.8413,32.9933],[-116.8404,32.9642],[-116.8483,32.9633],[-116.8485,32.9495],[-116.8591,32.9562],[-116.8659,32.9523],[-116.8658,32.9551],[-116.8746,32.9551],[-116.8801,32.9484],[-116.8772,32.9455],[-116.8813,32.9358],[-116.8785,32.9309],[-116.8899,32.9309],[-116.8899,32.9342],[-116.8989,32.9377],[-116.8993,32.9496],[-116.9038,32.9495],[-116.9051,32.9533],[-116.8994,32.9605],[-116.9084,32.9572],[-116.9086,32.9611],[-116.9276,32.9633],[-116.9275,32.9778],[-116.9317,32.9706],[-116.9362,32.9706],[-116.936,32.9816],[-116.9317,32.9816],[-116.9318,32.9925],[-116.9361,32.9924],[-116.9361,32.9961],[-116.9468,32.996],[-116.9467,32.9987],[-116.962,32.9963],[-116.9621,32.963],[-116.9885,32.9631],[-116.9888,32.9595],[-116.9978,32.9596],[-116.9978,32.9431],[-116.9808,32.9421],[-116.9836,32.934],[-116.9895,32.934],[-116.9897,32.9196],[-116.9893,32.905],[-116.9804,32.9031],[-116.9801,32.9001],[-116.9493,32.9058],[-116.9493,32.9085],[-116.9364,32.9083],[-116.9364,32.9057],[-116.9226,32.9039],[-116.9221,32.9111],[-116.9075,32.9092],[-116.9058,32.9056],[-116.8903,32.9054],[-116.8904,32.9018],[-116.8863,32.9017],[-116.8961,32.885],[-116.8488,32.8971],[-116.8332,32.8901],[-116.8325,32.8873],[-116.8237,32.8874],[-116.824,32.8737],[-116.8027,32.8737],[-116.8025,32.8552],[-116.7982,32.8552],[-116.7983,32.8587],[-116.7903,32.8586],[-116.7896,32.8665],[-116.7678,32.8665],[-116.7678,32.8701],[-116.7589,32.8702],[-116.7588,32.8596],[-116.7545,32.8596],[-116.7542,32.8523],[-116.7498,32.8523],[-116.7499,32.856],[-116.7454,32.856],[-116.7454,32.8523],[-116.7366,32.8523],[-116.7365,32.8378],[-116.7322,32.8378],[-116.7321,32.8348],[-116.7322,32.8271],[-116.7365,32.827],[-116.736,32.8161],[-116.7189,32.8164],[-116.7197,32.8023],[-116.7418,32.8029],[-116.7416,32.8063],[-116.7503,32.8028],[-116.7545,32.81],[-116.7629,32.81],[-116.763,32.8028],[-116.8146,32.8019],[-116.8145,32.7874],[-116.8009,32.7883],[-116.8009,32.7846],[-116.8052,32.7845],[-116.8051,32.777],[-116.824,32.7796],[-116.8242,32.7867],[-116.8412,32.7866],[-116.8413,32.7721],[-116.8238,32.7726],[-116.8237,32.7692],[-116.8282,32.769],[-116.8325,32.7621],[-116.8535,32.762],[-116.8533,32.7585],[-116.8576,32.7585],[-116.8567,32.7445],[-116.8485,32.7444],[-116.8483,32.7372],[-116.8307,32.7373],[-116.8309,32.7298],[-116.8397,32.7298],[-116.8396,32.7227],[-116.8352,32.7227],[-116.8349,32.6976],[-116.8563,32.6978],[-116.8558,32.7129],[-116.8663,32.7107],[-116.8665,32.7034],[-116.8736,32.7036],[-116.8708,32.6846],[-116.9023,32.6844],[-116.9023,32.6703],[-116.9106,32.6703],[-116.9106,32.6556],[-116.9278,32.6558],[-116.9278,32.6632],[-116.9322,32.6633],[-116.9331,32.6595],[-116.9384,32.6595],[-116.9368,32.656],[-116.9407,32.6554],[-116.9373,32.6516],[-116.9423,32.6483],[-116.9324,32.6489]]],[[[-117.0971,32.7071],[-117.1097,32.7091],[-117.108,32.7042],[-117.098,32.7042],[-117.0971,32.7071]]],[[[-117.0754,32.9497],[-117.0756,32.9645],[-117.0843,32.9646],[-117.084,32.9498],[-117.0754,32.9497]]],[[[-117.114,33.0438],[-117.1098,33.0612],[-117.1133,33.068],[-117.1124,33.0561],[-117.1183,33.0472],[-117.1183,33.0438],[-117.114,33.0438]]],[[[-117.1274,33.0474],[-117.1227,33.0502],[-117.122,33.0548],[-117.1179,33.0548],[-117.1202,33.0663],[-117.1179,33.0772],[-117.1146,33.0801],[-117.1069,33.0731],[-117.1043,33.0838],[-117.1105,33.0839],[-117.1105,33.0875],[-117.1229,33.0802],[-117.1244,33.0617],[-117.1219,33.0536],[-117.1224,33.0512],[-117.1311,33.0512],[-117.131,33.0454],[-117.1274,33.0474]]],[[[-117.1522,33.0875],[-117.1522,33.0947],[-117.1775,33.0913],[-117.1745,33.084],[-117.1692,33.084],[-117.1694,33.0804],[-117.1565,33.0804],[-117.1565,33.0874],[-117.1522,33.0875]]],[[[-116.955,33.0875],[-116.9541,33.084],[-116.9577,33.0801],[-116.9716,33.0801],[-116.9715,33.0752],[-116.9802,33.0745],[-116.98,33.066],[-116.958,33.0656],[-116.9579,33.0616],[-116.9668,33.0625],[-116.9667,33.055],[-116.9621,33.055],[-116.9619,33.0513],[-116.9362,33.0511],[-116.9361,33.0584],[-116.9276,33.0583],[-116.9276,33.0511],[-116.9154,33.0542],[-116.8858,33.0757],[-116.8928,33.0757],[-116.8928,33.08],[-116.9015,33.0799],[-116.9029,33.0762],[-116.9045,33.0872],[-116.9058,33.0837],[-116.9144,33.0836],[-116.9143,33.0799],[-116.9463,33.0802],[-116.9465,33.0951],[-116.9508,33.0952],[-116.9506,33.0878],[-116.955,33.0875]]],[[[-117.0188,33.0587],[-117.0193,33.0663],[-117.0298,33.0661],[-117.0232,33.0587],[-117.0188,33.0587]]],[[[-117.0209,33.0975],[-117.0288,33.0982],[-117.0287,33.0946],[-117.0206,33.0938],[-117.0209,33.0975]]],[[[-117.0203,33.1067],[-117.0207,33.109],[-117.0246,33.1054],[-117.0203,33.1067]]],[[[-117.2533,33.2343],[-117.2579,33.2347],[-117.2586,33.2289],[-117.2531,33.2302],[-117.2511,33.2341],[-117.2533,33.2343]]],[[[-116.9176,33.3051],[-116.9183,33.3075],[-116.9247,33.3078],[-116.9291,33.3048],[-116.92,33.3011],[-116.9179,33.2967],[-116.9176,33.3051]]],[[[-116.9763,33.3056],[-116.9724,33.3077],[-116.9761,33.317],[-116.9724,33.3189],[-116.9809,33.323],[-116.9809,33.3285],[-116.9989,33.3201],[-117.0004,33.315],[-116.9939,33.3098],[-116.994,33.3064],[-116.9906,33.3073],[-116.9931,33.3058],[-116.9907,33.3042],[-116.984,33.3091],[-116.9782,33.3033],[-116.9763,33.3056]]],[[[-117.1511,33.3317],[-117.1534,33.3345],[-117.1564,33.3324],[-117.1573,33.325],[-117.1511,33.3317]]],[[[-117.2796,33.4121],[-117.2751,33.4122],[-117.2749,33.4161],[-117.2792,33.416],[-117.2796,33.4121],[-117.2835,33.416],[-117.2839,33.4121],[-117.2798,33.4101],[-117.2796,33.4121]]],[[[-117.3811,33.4231],[-117.3808,33.4304],[-117.389,33.4303],[-117.3811,33.4231]]],[[[-117.1915,33.4322],[-117.1669,33.4325],[-117.1668,33.4397],[-117.1536,33.4399],[-117.1535,33.4472],[-117.1368,33.4472],[-117.1349,33.4697],[-117.1388,33.4736],[-117.1454,33.4693],[-117.1452,33.4659],[-117.163,33.4647],[-117.163,33.4614],[-117.1673,33.4615],[-117.1674,33.4645],[-117.2064,33.4505],[-117.2064,33.4467],[-117.1975,33.4466],[-117.1976,33.443],[-117.2065,33.443],[-117.2065,33.4322],[-117.1915,33.4322]]],[[[-117.3109,33.4457],[-117.3109,33.4568],[-117.3066,33.4569],[-117.3067,33.4606],[-117.3155,33.4639],[-117.3155,33.4675],[-117.3069,33.4675],[-117.3071,33.4701],[-117.3708,33.4906],[-117.3427,33.5589],[-117.3039,33.5977],[-117.3102,33.5977],[-117.3106,33.6121],[-117.3275,33.6122],[-117.3275,33.6266],[-117.3631,33.6268],[-117.362,33.641],[-117.3971,33.6411],[-117.3975,33.626],[-117.4147,33.6267],[-117.4147,33.6416],[-117.4263,33.642],[-117.419,33.6512],[-117.419,33.6566],[-117.4125,33.6593],[-117.4148,33.6608],[-117.4156,33.6842],[-117.4072,33.6842],[-117.4072,33.6872],[-117.4157,33.6886],[-117.4158,33.6951],[-117.4074,33.6965],[-117.4075,33.7057],[-117.4163,33.7056],[-117.4164,33.7131],[-117.4506,33.713],[-117.4508,33.7349],[-117.4682,33.735],[-117.4682,33.7422],[-117.4853,33.7422],[-117.4855,33.7495],[-117.5027,33.7495],[-117.5027,33.7566],[-117.5113,33.7566],[-117.5113,33.7913],[-117.5272,33.7943],[-117.5343,33.7979],[-117.5326,33.8002],[-117.5718,33.8009],[-117.5718,33.8152],[-117.5891,33.8152],[-117.5891,33.8297],[-117.6066,33.8297],[-117.6063,33.8387],[-117.6106,33.8387],[-117.6107,33.8423],[-117.6148,33.8441],[-117.6234,33.844],[-117.6233,33.8567],[-117.632,33.8567],[-117.632,33.8594],[-117.6625,33.8596],[-117.6716,33.8694],[-117.6741,33.8686],[-117.6736,33.8621],[-117.6832,33.8618],[-117.6818,33.8564],[-117.6855,33.8568],[-117.6881,33.8627],[-117.6864,33.854],[-117.692,33.8525],[-117.6976,33.8564],[-117.7009,33.849],[-117.6976,33.8453],[-117.7021,33.8369],[-117.7001,33.8345],[-117.7062,33.8268],[-117.713,33.8346],[-117.7148,33.827],[-117.7206,33.83],[-117.7252,33.8449],[-117.7324,33.8432],[-117.7472,33.8258],[-117.748,33.8231],[-117.739,33.822],[-117.7442,33.8204],[-117.748,33.8231],[-117.7502,33.8204],[-117.6908,33.779],[-117.6798,33.79],[-117.6676,33.7821],[-117.6701,33.8166],[-117.6231,33.8151],[-117.6247,33.7512],[-117.5719,33.7506],[-117.572,33.7436],[-117.5894,33.7437],[-117.5899,33.7365],[-117.6075,33.7364],[-117.6077,33.6931],[-117.5902,33.693],[-117.5902,33.686],[-117.5646,33.6859],[-117.5648,33.6718],[-117.5563,33.6718],[-117.5562,33.6585],[-117.552,33.6568],[-117.5521,33.6514],[-117.5563,33.6513],[-117.5563,33.6442],[-117.5479,33.6443],[-117.5479,33.6408],[-117.5522,33.6407],[-117.5524,33.6262],[-117.5484,33.6262],[-117.5486,33.6227],[-117.5406,33.6225],[-117.5405,33.6157],[-117.511,33.5958],[-117.5094,33.4841],[-117.4878,33.5037],[-117.4723,33.4879],[-117.4758,33.4709],[-117.4698,33.4709],[-117.4657,33.4774],[-117.4084,33.4605],[-117.4005,33.4557],[-117.3975,33.4454],[-117.3636,33.4453],[-117.3636,33.4525],[-117.3593,33.4525],[-117.3593,33.4598],[-117.3463,33.4589],[-117.3376,33.4617],[-117.3375,33.4562],[-117.3332,33.4563],[-117.333,33.4455],[-117.3243,33.4455],[-117.3243,33.4492],[-117.3199,33.4493],[-117.3197,33.4383],[-117.3105,33.4384],[-117.3109,33.4457]]],[[[-117.5562,33.4521],[-117.5562,33.4545],[-117.5734,33.4545],[-117.5562,33.4521]]],[[[-117.3466,33.7717],[-117.3465,33.7557],[-117.3638,33.7561],[-117.3638,33.7599],[-117.3681,33.7599],[-117.3681,33.7562],[-117.3814,33.7565],[-117.3813,33.7637],[-117.3985,33.7638],[-117.3985,33.7715],[-117.4506,33.7712],[-117.4507,33.764],[-117.4419,33.7639],[-117.4421,33.7494],[-117.4158,33.7494],[-117.4158,33.7421],[-117.3275,33.742],[-117.3275,33.7528],[-117.3361,33.7525],[-117.3362,33.7561],[-117.3275,33.7564],[-117.3279,33.7717],[-117.3466,33.7717]]],[[[-117.218,33.6524],[-117.2234,33.6524],[-117.2234,33.6269],[-117.2062,33.627],[-117.2062,33.6416],[-117.2105,33.6417],[-117.2105,33.6524],[-117.218,33.6524]]],[[[-117.2016,33.627],[-117.2017,33.6233],[-117.1885,33.622],[-117.1885,33.6272],[-117.2016,33.627]]],[[[-117.206,33.6119],[-117.2062,33.6064],[-117.1981,33.6051],[-117.1905,33.6095],[-117.1888,33.6158],[-117.2061,33.6179],[-117.206,33.6119]]],[[[-117.1627,33.6087],[-117.1606,33.6069],[-117.1629,33.606],[-117.1607,33.6051],[-117.1628,33.5906],[-117.1672,33.5906],[-117.1671,33.5861],[-117.1637,33.5881],[-117.1636,33.5848],[-117.1671,33.5822],[-117.1688,33.584],[-117.1682,33.5812],[-117.1732,33.5777],[-117.1594,33.5687],[-117.1583,33.5741],[-117.154,33.5741],[-117.1542,33.6122],[-117.1605,33.6122],[-117.1627,33.6087]]],[[[-117.2161,33.573],[-117.2078,33.5648],[-117.2023,33.5627],[-117.2161,33.573]]],[[[-117.1997,33.5621],[-117.1997,33.5598],[-117.1921,33.5548],[-117.1997,33.5621]]],[[[-117.2177,33.5855],[-117.2207,33.5881],[-117.2215,33.5875],[-117.2177,33.5855]]],[[[-117.1825,33.6006],[-117.189,33.6015],[-117.1894,33.6066],[-117.2021,33.5997],[-117.1986,33.6015],[-117.1974,33.5987],[-117.1836,33.5979],[-117.1825,33.6006]]],[[[-117.1772,33.5423],[-117.1724,33.5366],[-117.1703,33.543],[-117.174,33.5438],[-117.1715,33.5469],[-117.1745,33.5496],[-117.1776,33.5472],[-117.1795,33.5507],[-117.1825,33.5484],[-117.1772,33.5423]]],[[[-117.1782,33.5368],[-117.1801,33.5354],[-117.1755,33.5343],[-117.1782,33.5368]]],[[[-117.1882,33.5343],[-117.1858,33.5376],[-117.1905,33.5374],[-117.1873,33.5398],[-117.1963,33.5428],[-117.2029,33.5377],[-117.2,33.535],[-117.1968,33.5375],[-117.1924,33.5335],[-117.1957,33.531],[-117.1913,33.527],[-117.188,33.5295],[-117.1859,33.5275],[-117.1882,33.5343]]],[[[-117.2028,33.5231],[-117.1981,33.5218],[-117.201,33.5245],[-117.2028,33.5231]]],[[[-117.285,33.4603],[-117.285,33.4568],[-117.2807,33.4569],[-117.281,33.4617],[-117.2854,33.4631],[-117.285,33.4603]]],[[[-117.2989,33.4541],[-117.2978,33.4532],[-117.2983,33.4559],[-117.2989,33.4541]]],[[[-117.0732,33.468],[-117.0723,33.4626],[-117.0702,33.4663],[-117.0732,33.468]]],[[[-117.0832,33.4612],[-117.081,33.4593],[-117.081,33.463],[-117.0832,33.4612]]],[[[-118.1119,34.0334],[-118.0962,34.0363],[-118.108,34.0399],[-118.1084,34.0954],[-118.1127,34.0937],[-118.1159,34.107],[-118.1217,34.105],[-118.128,34.1111],[-118.1353,34.1065],[-118.1347,34.1041],[-118.1419,34.1042],[-118.1418,34.0988],[-118.1553,34.0987],[-118.1607,34.0935],[-118.1605,34.0751],[-118.1653,34.0624],[-118.1693,34.0623],[-118.1695,34.0442],[-118.1549,34.0443],[-118.1549,34.0408],[-118.1443,34.0367],[-118.1442,34.0331],[-118.1119,34.0334]]],[[[-118.3475,34.1331],[-118.3432,34.1382],[-118.3451,34.1425],[-118.3611,34.1428],[-118.3621,34.139],[-118.357,34.1391],[-118.3571,34.1351],[-118.3475,34.1331]]],[[[-118.0839,34.1392],[-118.0833,34.1301],[-118.0732,34.1304],[-118.0734,34.1423],[-118.0839,34.1392]]],[[[-119.1709,34.1506],[-119.1729,34.1513],[-119.173,34.1498],[-119.1709,34.1506]]],[[[-119.1731,34.1499],[-119.1731,34.1501],[-119.1738,34.1501],[-119.1731,34.1499]]],[[[-119.1709,34.1523],[-119.1721,34.1546],[-119.1752,34.1537],[-119.1709,34.1523]]],[[[-119.1752,34.1548],[-119.1751,34.1574],[-119.1775,34.1574],[-119.1752,34.1548]]],[[[-119.1484,34.1633],[-119.1494,34.1617],[-119.1484,34.1617],[-119.1484,34.1633]]],[[[-119.1446,34.1655],[-119.1459,34.1662],[-119.1452,34.1652],[-119.1446,34.1655]]],[[[-119.1768,34.1678],[-119.1728,34.1678],[-119.1728,34.1735],[-119.1767,34.1735],[-119.1768,34.1678]]],[[[-119.2214,34.197],[-119.2355,34.1971],[-119.2339,34.1905],[-119.2215,34.1905],[-119.2214,34.197]]],[[[-119.1539,34.1976],[-119.1539,34.1983],[-119.1546,34.1982],[-119.1539,34.1976]]],[[[-119.2124,34.1992],[-119.2123,34.2003],[-119.2167,34.2003],[-119.2124,34.1992]]],[[[-119.1249,34.2014],[-119.1264,34.2018],[-119.1264,34.2009],[-119.1249,34.2014]]],[[[-119.1682,34.224],[-119.1697,34.2281],[-119.1764,34.2273],[-119.1753,34.2241],[-119.1682,34.224]]]]},"properties":{"Utility":"Metropolitan Water District of So. Cal","Acronym":" ","Type":"POU","Phone":"(916) 538-4663","URL":"https://www.mwdh2o.com/"}}]}